# t,tx,ty,tz,rx,ry,rz
1.763579365280213833e+09,3.239979214629048476e-01,-3.522423885922721376e-01,1.847743952243271037e+00,1.845107801539461079e+00,-2.470699359381154814e+00,-1.283032144800327033e-02
1.763579365293902636e+09,3.199024805049471842e-01,-3.545607100058537076e-01,1.843413204258425031e+00,1.845031010371244395e+00,-2.468973178423070181e+00,-1.344364950632237835e-02
1.763579365307591677e+09,3.157051062296973298e-01,-3.570049652187785583e-01,1.838950326746036312e+00,1.844969859050382244e+00,-2.467198823852169820e+00,-1.408473226660370697e-02
1.763579365321280479e+09,3.113021892066889507e-01,-3.597020376497551131e-01,1.834221468108598874e+00,1.844939901503467539e+00,-2.465327551970541098e+00,-1.478172731246396067e-02
1.763579365334969521e+09,3.066385350406661825e-01,-3.627641441437056691e-01,1.829139309883891285e+00,1.844961005255806530e+00,-2.463329731394498179e+00,-1.555751625469044275e-02
1.763579365348658323e+09,3.017962148090206909e-01,-3.662679449678857835e-01,1.823746903173324663e+00,1.845066179953975594e+00,-2.461231050422726163e+00,-1.642289721440220659e-02
1.763579365362347126e+09,2.968878823316036253e-01,-3.702766885746930359e-01,1.818117798847670441e+00,1.845290504433660050e+00,-2.459068547967566687e+00,-1.738341768452550395e-02
1.763579365376036167e+09,2.920253718410598109e-01,-3.748593944573689885e-01,1.812323174830304584e+00,1.845669903657107147e+00,-2.456879920044811705e+00,-1.844732501667374625e-02
1.763579365389724970e+09,2.872958178897164760e-01,-3.800024861543524479e-01,1.806432731562592542e+00,1.846224462841082659e+00,-2.454678218246259647e+00,-1.958539134103268534e-02
1.763579365403414011e+09,2.827576431483940778e-01,-3.856058159215858816e-01,1.800510673152470931e+00,1.846957844807060711e+00,-2.452449779201178348e+00,-2.072991948761197453e-02
1.763579365417102814e+09,2.784662048195165607e-01,-3.915595804145837189e-01,1.794622501715420482e+00,1.847871218853152087e+00,-2.450177501085233356e+00,-2.180775866139931379e-02
1.763579365430791616e+09,2.744785787951449785e-01,-3.977549137310792404e-01,1.788831993612219673e+00,1.848967253834787661e+00,-2.447846168809171719e+00,-2.274829885871952617e-02
1.763579365444480658e+09,2.708487323754750209e-01,-4.040849410186109769e-01,1.783205010293707149e+00,1.850246542755451973e+00,-2.445437670038277833e+00,-2.347790045645024512e-02
1.763579365458169460e+09,2.676360441539651913e-01,-4.104371462587929065e-01,1.777804374822366640e+00,1.851712924689382422e+00,-2.442938636737259195e+00,-2.392728543943808614e-02
1.763579365471858501e+09,2.648912448193375124e-01,-4.167091613077816281e-01,1.772697782836790470e+00,1.853365105485158093e+00,-2.440328233236382705e+00,-2.402053608205897625e-02
1.763579365485547304e+09,2.627163062512670733e-01,-4.227343598249004852e-01,1.767919023370954301e+00,1.855233751834154399e+00,-2.437631081314449499e+00,-2.372358534062968954e-02
1.763579365499236107e+09,2.613151929059100986e-01,-4.282160987674081820e-01,1.763429446273939716e+00,1.857414627055908651e+00,-2.434964118189059334e+00,-2.308935048992257974e-02
1.763579365512925148e+09,2.609244092214313970e-01,-4.328177976604390409e-01,1.759170522495406619e+00,1.860023440003086836e+00,-2.432472081047072798e+00,-2.219553800125977083e-02
1.763579365526613951e+09,2.617620364207668970e-01,-4.362234008703637089e-01,1.755086820926131219e+00,1.863166512086536386e+00,-2.430288667342671793e+00,-2.111738501286605438e-02
1.763579365540302992e+09,2.638300624788649795e-01,-4.383731191426756268e-01,1.751126216537359559e+00,1.866848845842646210e+00,-2.428434481397665490e+00,-1.997807445037889928e-02
1.763579365553991795e+09,2.668518062003479852e-01,-4.395322981671115903e-01,1.747241702711528566e+00,1.870944428365608481e+00,-2.426784225958494634e+00,-1.895349207903000016e-02
1.763579365567680597e+09,2.705572214226112937e-01,-4.399623865931612254e-01,1.743387648689201930e+00,1.875329993875901158e+00,-2.425215244765975164e+00,-1.822219605123766642e-02
1.763579365581369638e+09,2.746348936646035299e-01,-4.399402921608591144e-01,1.739499921730587984e+00,1.879868407070044212e+00,-2.423591724284163806e+00,-1.794037298435750480e-02
1.763579365595058441e+09,2.786119594488510320e-01,-4.397427071714927749e-01,1.735405890380870009e+00,1.884378728302178008e+00,-2.421743111150844729e+00,-1.812340689985001557e-02
1.763579365608747482e+09,2.819307626501161845e-01,-4.396529690111253830e-01,1.730879494182338441e+00,1.888656279292614260e+00,-2.419478853612159863e+00,-1.871723840543592504e-02
1.763579365622436285e+09,2.840332079632794660e-01,-4.399551003547000905e-01,1.725694972140533023e+00,1.892495651660890177e+00,-2.416607501073220643e+00,-1.967112506020397486e-02
1.763579365636125088e+09,2.846425968493081493e-01,-4.407715334045989586e-01,1.719773083836457550e+00,1.895818951525158669e+00,-2.413078032388593641e+00,-2.090206466835934848e-02
1.763579365649814129e+09,2.841566787977913289e-01,-4.418303456441952104e-01,1.713391269303915943e+00,1.898856889533817816e+00,-2.409176699413010159e+00,-2.224810733429594817e-02
1.763579365663502932e+09,2.830762866999684269e-01,-4.428081871333445219e-01,1.706876717764153728e+00,1.901882837026051654e+00,-2.405239809887392610e+00,-2.354202313104434077e-02
1.763579365677191973e+09,2.819057861098797080e-01,-4.433737171145337164e-01,1.700561434927713389e+00,1.905174916452690326e+00,-2.401606270231750440e+00,-2.461154524885560482e-02
1.763579365690880775e+09,2.809329574003561203e-01,-4.435106630569254915e-01,1.694556301860619785e+00,1.908819731301033107e+00,-2.398468156107543159e+00,-2.546164074216605497e-02
1.763579365704569578e+09,2.802399437418977013e-01,-4.434949970587961920e-01,1.688765329094334522e+00,1.912725694095236850e+00,-2.395878294045607593e+00,-2.626049614999655807e-02
1.763579365718258619e+09,2.798957315440339655e-01,-4.436292833352699083e-01,1.683074992399599790e+00,1.916786447454623010e+00,-2.393880405809275747e+00,-2.719241718423532836e-02
1.763579365731947422e+09,2.799264302420490513e-01,-4.441883493647796333e-01,1.677380645543707693e+00,1.920891624793856556e+00,-2.392498458946294981e+00,-2.840981026805988394e-02
1.763579365745636225e+09,2.800790550071757812e-01,-4.453520925121770002e-01,1.671587243175168158e+00,1.924870644460018765e+00,-2.391629647302888628e+00,-2.991688245451244385e-02
1.763579365759325266e+09,2.799722855179410108e-01,-4.472323987568137538e-01,1.665616589017028248e+00,1.928535651317267119e+00,-2.391109206833421208e+00,-3.163420136720747344e-02
1.763579365773014069e+09,2.792185703783753303e-01,-4.499655114966775726e-01,1.659377967294232814e+00,1.931685628612423988e+00,-2.390774985857801571e+00,-3.349520743912333398e-02
1.763579365786703110e+09,2.775479658516438741e-01,-4.535637761874071194e-01,1.652855564631517948e+00,1.934217024569221399e+00,-2.390481334762242227e+00,-3.539727968503867533e-02
1.763579365800391912e+09,2.749244473214572104e-01,-4.578242692089798949e-01,1.646168184909463594e+00,1.936205135972631108e+00,-2.390122394512760984e+00,-3.718515640988565712e-02
1.763579365814080715e+09,2.713691489712858340e-01,-4.624858724072993255e-01,1.639470003721934743e+00,1.937772206907073302e+00,-2.389600146562360639e+00,-3.868727177468887085e-02
1.763579365827769756e+09,2.669081758128181159e-01,-4.673014114008212094e-01,1.632904680100981443e+00,1.939035125360722089e+00,-2.388820069268493551e+00,-3.974614228316377534e-02
1.763579365841458559e+09,2.618696711164780200e-01,-4.720487261576427063e-01,1.626561884710304939e+00,1.940203865371821212e+00,-2.387757184704813351e+00,-4.039342894698436104e-02
1.763579365855147600e+09,2.568777139786024288e-01,-4.765426512433077466e-01,1.620468450426988616e+00,1.941571617681942197e+00,-2.386460037409701584e+00,-4.085666468484311364e-02
1.763579365868836403e+09,2.525682767294772368e-01,-4.805960036493479026e-01,1.614652185319384703e+00,1.943439055268356475e+00,-2.384975592990985493e+00,-4.136786358042367218e-02
1.763579365882525206e+09,2.494605482012867692e-01,-4.840166878193145061e-01,1.609153384906052198e+00,1.946050840649901303e+00,-2.383350801035412747e+00,-4.209363680729405477e-02
1.763579365896214247e+09,2.475162930415642226e-01,-4.865792528663997474e-01,1.604082767301613366e+00,1.949398542422847713e+00,-2.381615823792620379e+00,-4.287834125850455841e-02
1.763579365909903049e+09,2.464547952091793448e-01,-4.880448385650420495e-01,1.599580680520857223e+00,1.953361762010062064e+00,-2.379795286232580409e+00,-4.342735940019362001e-02
1.763579365923592091e+09,2.460139419283188522e-01,-4.881751280613028654e-01,1.595785334353813756e+00,1.957829367357638128e+00,-2.377913794626668409e+00,-4.345625959188346293e-02
1.763579365937280893e+09,2.459583768638717027e-01,-4.868863970008157072e-01,1.592690876303513914e+00,1.962657005500906493e+00,-2.375975569977690771e+00,-4.284898364671325260e-02
1.763579365950969696e+09,2.461323058031872069e-01,-4.844076530256970492e-01,1.589994966404030485e+00,1.967644952437534123e+00,-2.373943677842595967e+00,-4.184434017267470163e-02
1.763579365964658737e+09,2.463827647118036757e-01,-4.809995813421876765e-01,1.587368855850289862e+00,1.972587272467825725e+00,-2.371776715932408131e+00,-4.071303319974319684e-02
1.763579365978347540e+09,2.465565969576590244e-01,-4.769239971668087219e-01,1.584485161633047090e+00,1.977278677106133253e+00,-2.369433279841369977e+00,-3.972567696691383515e-02
1.763579365992036581e+09,2.463758868533362512e-01,-4.723270705810645453e-01,1.581247785252542171e+00,1.981558566863276694e+00,-2.366879315401282824e+00,-3.892233172285950588e-02
1.763579366005725384e+09,2.454713500745749344e-01,-4.672676513382330588e-01,1.577737476224101432e+00,1.985302006095680305e+00,-2.364087513615443559e+00,-3.816880376512215428e-02
1.763579366019414186e+09,2.434614053008511969e-01,-4.618011651896952174e-01,1.574043094513063235e+00,1.988382043888251127e+00,-2.361028625016117211e+00,-3.732024570268827751e-02
1.763579366033103228e+09,2.400799830963908088e-01,-4.559645117226896471e-01,1.570254122254683304e+00,1.990726004751899758e+00,-2.357708644505170703e+00,-3.627166820314276646e-02
1.763579366046792030e+09,2.355095529465686399e-01,-4.497065539303006787e-01,1.566483013228417542e+00,1.992478350915801499e+00,-2.354278638092011988e+00,-3.506069103467021608e-02
1.763579366060481071e+09,2.300985271860333248e-01,-4.429533315445309816e-01,1.562839224033157892e+00,1.993861144221486636e+00,-2.350937973129833214e+00,-3.378391110889875787e-02
1.763579366074169874e+09,2.241840235951813309e-01,-4.356213557778475520e-01,1.559444589358462530e+00,1.995093980880935369e+00,-2.347888656492630677e+00,-3.252741571505513712e-02
1.763579366087858677e+09,2.180439772903450535e-01,-4.277414823375151887e-01,1.556314220333004705e+00,1.996342187451440209e+00,-2.345260434092672597e+00,-3.141255702627619023e-02
1.763579366101547718e+09,2.118481314186386744e-01,-4.195069945345533124e-01,1.553316655855794037e+00,1.997683490407380802e+00,-2.343074609381334827e+00,-3.059893370813103822e-02
1.763579366115236521e+09,2.057549207012417669e-01,-4.111418084859316813e-01,1.550291747700773382e+00,1.999183061119747862e+00,-2.341335305095349817e+00,-3.025808273996294026e-02
1.763579366128925562e+09,1.999085292526606994e-01,-4.028594177217830752e-01,1.547093458901179996e+00,2.000903263537745502e+00,-2.340043157165133891e+00,-3.054399943184512092e-02
1.763579366142614365e+09,1.943143992874939441e-01,-3.948598906966560573e-01,1.543635185199192073e+00,2.002861226995842348e+00,-2.339129489917433080e+00,-3.148757345621060882e-02
1.763579366156303167e+09,1.888593855704230884e-01,-3.873192203380058096e-01,1.539891269364935145e+00,2.005036403718541305e+00,-2.338471012287555606e+00,-3.300763339755571901e-02
1.763579366169992208e+09,1.834377838854257814e-01,-3.804229519698800188e-01,1.535825346759601251e+00,2.007411148084624841e+00,-2.337945115362393356e+00,-3.503526346531382618e-02
1.763579366183681011e+09,1.779408536064770452e-01,-3.743099142148421099e-01,1.531441059643297686e+00,2.009961719695630311e+00,-2.337442633358118638e+00,-3.746845067246425826e-02
1.763579366197370052e+09,1.722760074630913241e-01,-3.689795070895864337e-01,1.526849063830244324e+00,2.012654115494953544e+00,-2.336907050877396141e+00,-4.012978307638638553e-02
1.763579366211058855e+09,1.663532018165564674e-01,-3.643790120172221147e-01,1.522202582826108319e+00,2.015449092745221105e+00,-2.336299867228035065e+00,-4.280962086618277790e-02
1.763579366224747658e+09,1.600846616528448507e-01,-3.604613970385560640e-01,1.517648291084103818e+00,2.018309033152772880e+00,-2.335581158759473475e+00,-4.530461505131996164e-02
1.763579366238436699e+09,1.535023914534541234e-01,-3.571536372755481081e-01,1.513286383398967372e+00,2.021236609610752133e+00,-2.334733085658579288e+00,-4.749996009960257698e-02
1.763579366252125502e+09,1.468405819760302822e-01,-3.543458758868369696e-01,1.509133598325594683e+00,2.024302932000733968e+00,-2.333773180957344540e+00,-4.943417739729093902e-02
1.763579366265814543e+09,1.403442734288826155e-01,-3.519255506483335294e-01,1.505201488918299635e+00,2.027582969936135626e+00,-2.332720843339624928e+00,-5.115482310691091272e-02
1.763579366279503345e+09,1.342568923679860471e-01,-3.497840619362433956e-01,1.501495726573761846e+00,2.031149943761960674e+00,-2.331593098383199170e+00,-5.271436683153741393e-02
1.763579366293192148e+09,1.287319219780406476e-01,-3.478706255097643307e-01,1.497969592707613540e+00,2.035035528944100669e+00,-2.330364016845743347e+00,-5.418199874070890598e-02
1.763579366306881189e+09,1.238675342351339831e-01,-3.461707291702268430e-01,1.494542362256099599e+00,2.039245466937171347e+00,-2.328981069134496096e+00,-5.563878285866003665e-02
1.763579366320569992e+09,1.197632936139415988e-01,-3.446710293743094899e-01,1.491132454680102359e+00,2.043785482373080775e+00,-2.327390892401575595e+00,-5.716729347896633284e-02
1.763579366334259033e+09,1.164969188798700983e-01,-3.433340336255380487e-01,1.487679004166030605e+00,2.048662238663664592e+00,-2.325554239084713259e+00,-5.881714288672062335e-02
1.763579366347947836e+09,1.140838625960423625e-01,-3.420394104846966044e-01,1.484190499815514874e+00,2.053889898200343733e+00,-2.323478505638163938e+00,-6.053104602020571712e-02
1.763579366361636639e+09,1.125165201393588388e-01,-3.406473105564923887e-01,1.480693987916321230e+00,2.059480637207625975e+00,-2.321183873010379539e+00,-6.222145141147524677e-02
1.763579366375325680e+09,1.117941814019505070e-01,-3.390148251885337638e-01,1.477216284985345407e+00,2.065451431983192698e+00,-2.318690037780251956e+00,-6.380277089845914906e-02
1.763579366389014482e+09,1.118536581114062400e-01,-3.370648075305071600e-01,1.473762344642153499e+00,2.071757488315758344e+00,-2.316005599801256309e+00,-6.520308149364779926e-02
1.763579366402703524e+09,1.125643408579420496e-01,-3.347959627025704488e-01,1.470309720710227142e+00,2.078285447994186352e+00,-2.313124515049222119e+00,-6.637003457035879628e-02
1.763579366416392326e+09,1.137838967358432846e-01,-3.322181523249622681e-01,1.466832852124762665e+00,2.084911005216636859e+00,-2.310039598465937871e+00,-6.725232863352809121e-02
1.763579366430081129e+09,1.153863206101027328e-01,-3.293299702342302737e-01,1.463314238881114449e+00,2.091522146258808945e+00,-2.306745490448769420e+00,-6.780015855809552738e-02
1.763579366443770170e+09,1.173304538282769482e-01,-3.260774082026480780e-01,1.459798683604021985e+00,2.098069713673743841e+00,-2.303255345564227063e+00,-6.796852871429008569e-02
1.763579366457458973e+09,1.196343137742686830e-01,-3.223678298452592461e-01,1.456366337851167536e+00,2.104546790273726486e+00,-2.299591238733415643e+00,-6.771802377212972346e-02
1.763579366471148014e+09,1.223097619408841513e-01,-3.181143725771549691e-01,1.453101608122513433e+00,2.110944067956698866e+00,-2.295778420881641413e+00,-6.700608450408049310e-02
1.763579366484836817e+09,1.253711796436674242e-01,-3.132111598341652536e-01,1.450036191158751819e+00,2.117242000825255932e+00,-2.291812673914460863e+00,-6.580463946774371686e-02
1.763579366498525620e+09,1.288242847059445362e-01,-3.075112413147816359e-01,1.447071948259847973e+00,2.123388205331975698e+00,-2.287618266914053233e+00,-6.411308105121002465e-02
1.763579366512214661e+09,1.326760083421042458e-01,-3.008571465835975789e-01,1.444073166058826629e+00,2.129322868341722685e+00,-2.283098949126039834e+00,-6.194253511228574316e-02
1.763579366525903463e+09,1.369287124002090683e-01,-2.930836929399716628e-01,1.440912551990249257e+00,2.134985229572730514e+00,-2.278161967268952370e+00,-5.929209524133737669e-02
1.763579366539592505e+09,1.415231039914722766e-01,-2.837965655159419009e-01,1.437541566889629863e+00,2.140299539309179711e+00,-2.272731373345048045e+00,-5.593861155847341948e-02
1.763579366553281307e+09,1.463089035024158491e-01,-2.722829017529694862e-01,1.434026659935646375e+00,2.145166633532922695e+00,-2.266757173276616744e+00,-5.134338346565512495e-02
1.763579366566970110e+09,1.511366513945059942e-01,-2.578253612016893626e-01,1.430435187357784521e+00,2.149488275682988725e+00,-2.260189559620223942e+00,-4.496528602895954324e-02
1.763579366580659151e+09,1.558228174095596108e-01,-2.396805213666720336e-01,1.426837786557407783e+00,2.153147408058490697e+00,-2.252972033211766867e+00,-3.621592544830400801e-02
1.763579366594347954e+09,1.599451987398795294e-01,-2.169905034895594498e-01,1.423295028258755535e+00,2.155886174579406678e+00,-2.244986622842294111e+00,-2.422939904729475361e-02
1.763579366608036757e+09,1.629491711962464395e-01,-1.888354195149734571e-01,1.419863582892513465e+00,2.157370128600699655e+00,-2.236082909014942999e+00,-7.985956403974021553e-03
1.763579366621725798e+09,1.642769103641080197e-01,-1.542757368901663262e-01,1.416600747927149406e+00,2.157261020431844312e+00,-2.226106681880151594e+00,1.354916562994594280e-02
1.763579366635414600e+09,1.634818958639480402e-01,-1.126622781453114480e-01,1.413542173192763096e+00,2.155304935939085009e+00,-2.214958333740192575e+00,4.114570628406429009e-02
1.763579366649103642e+09,1.603943150760917535e-01,-6.400474511508574826e-02,1.410664885536407898e+00,2.151449982789165549e+00,-2.202657837465832547e+00,7.496444565656242009e-02
1.763579366662792444e+09,1.549409658988104010e-01,-8.591825531760416065e-03,1.407931077543814524e+00,2.145721408984675449e+00,-2.189280840068447809e+00,1.149111381734821830e-01
1.763579366676481247e+09,1.470121444493474316e-01,5.341931485382201555e-02,1.405305527242560304e+00,2.138111660512741707e+00,-2.174874333101024071e+00,1.610108352499663720e-01
1.763579366690170288e+09,1.370827053313537214e-01,1.197360220915292678e-01,1.402720085090335633e+00,2.129146192107551183e+00,-2.159950025052594036e+00,2.113416311522424429e-01
1.763579366703859091e+09,1.262028111096565042e-01,1.859649561086541003e-01,1.400075727603568465e+00,2.119874634840498651e+00,-2.145475370416808580e+00,2.620656305509765915e-01
1.763579366717548132e+09,1.155001580338044648e-01,2.474202589915321937e-01,1.397267630177999154e+00,2.111418977564760269e+00,-2.132484022625463993e+00,3.090797936115758926e-01
1.763579366731236935e+09,1.059667536722537357e-01,3.000331412214221061e-01,1.394209579578217229e+00,2.104759062132743441e+00,-2.121847151601750081e+00,3.488232112621353354e-01
1.763579366744925737e+09,9.797821533449481424e-02,3.426702099867238172e-01,1.390908872544453834e+00,2.100210113447551041e+00,-2.113637582201841170e+00,3.802968592735777031e-01
1.763579366758614779e+09,9.153871711823798052e-02,3.759336559403676503e-01,1.387426127242388008e+00,2.097692246486016376e+00,-2.107464305695691653e+00,4.040195009770220502e-01
1.763579366772303581e+09,8.670752191765437877e-02,4.001904057216696398e-01,1.383816729555674252e+00,2.097180007011411274e+00,-2.102992163167712203e+00,4.203029430832434521e-01
1.763579366785992622e+09,8.342432077686461056e-02,4.162234876178170229e-01,1.380136289822716522e+00,2.098546531678703086e+00,-2.099824075019712133e+00,4.298299028446483372e-01
1.763579366799681425e+09,8.147530813772020652e-02,4.252679069433882852e-01,1.376431590142212835e+00,2.101548268023677224e+00,-2.097535736901479098e+00,4.336912543618295368e-01
1.763579366813370228e+09,8.059369428980416028e-02,4.287404143882481700e-01,1.372749136272988890e+00,2.105897661807943244e+00,-2.095676052453321336e+00,4.331404500514582367e-01
1.763579366827059269e+09,8.053074899765545747e-02,4.279861011165406182e-01,1.369134046778812897e+00,2.111321626568028353e+00,-2.093815306939417642e+00,4.293646687481026958e-01
1.763579366840748072e+09,8.109854527709092764e-02,4.240981030545363795e-01,1.365622028440488744e+00,2.117570873272046406e+00,-2.091670843268931712e+00,4.232908345662982352e-01
1.763579366854437113e+09,8.218793527495536766e-02,4.178404587173981666e-01,1.362236962975664323e+00,2.124435760996719935e+00,-2.089132713690797782e+00,4.155136620396374103e-01
1.763579366868125916e+09,8.368460334278553236e-02,4.100038542385490148e-01,1.359003924411266384e+00,2.131700841679835978e+00,-2.086081332927031795e+00,4.066524814156347589e-01
1.763579366881814718e+09,8.548418831207328650e-02,4.012916432629805574e-01,1.355943206509453436e+00,2.139173230417438898e+00,-2.082427242102368403e+00,3.972516432065846259e-01
1.763579366895503759e+09,8.750611172958230877e-02,3.920744922126326859e-01,1.353055147010513437e+00,2.146757675258572196e+00,-2.078182896993089557e+00,3.875847941155655119e-01
1.763579366909192562e+09,8.968353001650618272e-02,3.825540350499034847e-01,1.350330296080149539e+00,2.154406642784979731e+00,-2.073414733224431039e+00,3.777862320787883643e-01
1.763579366922881603e+09,9.194837524334717460e-02,3.729447428270362686e-01,1.347759897367374338e+00,2.162069684543112658e+00,-2.068184201994486049e+00,3.680013034030930608e-01
1.763579366936570406e+09,9.422629153547945613e-02,3.633993975591274794e-01,1.345325012063281145e+00,2.169719441568357166e+00,-2.062577369025407670e+00,3.583171931829981505e-01
1.763579366950259209e+09,9.642583797230730447e-02,3.539397261511723625e-01,1.342983850347128749e+00,2.177382257676288457e+00,-2.056731865003198045e+00,3.486975716259063107e-01
1.763579366963948250e+09,9.845422811970393207e-02,3.445690416126575006e-01,1.340690573603603886e+00,2.185089959398152537e+00,-2.050792347464950982e+00,3.390869619839805282e-01
1.763579366977637053e+09,1.002183506927495082e-01,3.352902943841569727e-01,1.338399678450079344e+00,2.192874876474258716e+00,-2.044903946811079010e+00,3.294302848361670977e-01
1.763579366991326094e+09,1.016569946244805511e-01,3.261908315786520851e-01,1.336056570495573137e+00,2.200690117278430336e+00,-2.039169827756730058e+00,3.197067591041014012e-01
1.763579367005014896e+09,1.027365503685736398e-01,3.174291523750289445e-01,1.333600017457401865e+00,2.208421736471049446e+00,-2.033657301704695275e+00,3.099262252195357781e-01
1.763579367018703699e+09,1.034241479903370287e-01,3.091703750790008587e-01,1.330967011433333846e+00,2.215950184537061940e+00,-2.028432665659554157e+00,3.000993649075537895e-01
1.763579367032392740e+09,1.036905641336996059e-01,3.015663774592565738e-01,1.328103795661930597e+00,2.223165012233062843e+00,-2.023549204147600644e+00,2.902507409398086269e-01
1.763579367046081543e+09,1.035146433347030326e-01,2.947377089653038795e-01,1.324992390692068200e+00,2.229976501128634769e+00,-2.019004936373466119e+00,2.804809591301290483e-01
1.763579367059770584e+09,1.028853067830246271e-01,2.887749770102200353e-01,1.321633669847531722e+00,2.236314874409764286e+00,-2.014769965395401208e+00,2.709152470485957642e-01
1.763579367073459387e+09,1.017828049324574630e-01,2.837889948120160821e-01,1.318023331228550310e+00,2.242097193101785901e+00,-2.010820992322931211e+00,2.616864489840149965e-01
1.763579367087148190e+09,1.002525251211119350e-01,2.797517243339966431e-01,1.314185423688665644e+00,2.247329648551203540e+00,-2.007104114514868698e+00,2.528479171008108928e-01
1.763579367100837231e+09,9.843917469871762971e-02,2.764257289158755238e-01,1.310185078710750073e+00,2.252153365689494535e+00,-2.003522233585906420e+00,2.443275812124827973e-01
1.763579367114526033e+09,9.650956580247169181e-02,2.735271065004626356e-01,1.306097314477278726e+00,2.256738290613100606e+00,-1.999968392424142039e+00,2.360268385476054775e-01
1.763579367128215075e+09,9.462041898935502626e-02,2.707895831110412876e-01,1.301992821463257233e+00,2.261248834387199480e+00,-1.996337895929730211e+00,2.278604143830239015e-01
1.763579367141903877e+09,9.287732383379451728e-02,2.680099977714926474e-01,1.297927433179687950e+00,2.265866880232772385e+00,-1.992523147414806406e+00,2.198269617789336827e-01
1.763579367155592680e+09,9.133176934531500590e-02,2.650598713550800234e-01,1.293939087009622790e+00,2.270781530356756672e+00,-1.988417002138389122e+00,2.120105259816977283e-01
1.763579367169281721e+09,9.004063619391103335e-02,2.617978562579851842e-01,1.290068603257946034e+00,2.276187395421939819e+00,-1.983910132204681043e+00,2.044870966859160255e-01
1.763579367182970524e+09,8.904601162051997698e-02,2.581368537456922296e-01,1.286345126499268687e+00,2.282243913292251403e+00,-1.978906749568223322e+00,1.973544271782170234e-01
1.763579367196659565e+09,8.834990852428536989e-02,2.541654667473663975e-01,1.282759126761294333e+00,2.288983245314824888e+00,-1.973359344888748979e+00,1.907647287633150723e-01
1.763579367210348368e+09,8.793657109940318517e-02,2.500458486310750961e-01,1.279285291160152660e+00,2.296385929081628863e+00,-1.967240280733015600e+00,1.848956212322262482e-01
1.763579367224037170e+09,8.779222390344428029e-02,2.459323112736088446e-01,1.275899753061260578e+00,2.304437424920739996e+00,-1.960520213311436999e+00,1.799210333046714350e-01
1.763579367237726212e+09,8.789020648106030120e-02,2.419558201136931819e-01,1.272575525432128929e+00,2.313074346902339151e+00,-1.953252590584200199e+00,1.759482300724106441e-01
1.763579367251415014e+09,8.818216590700343749e-02,2.381961075497327773e-01,1.269281785289862796e+00,2.322149227485601486e+00,-1.945641379910111990e+00,1.729590088654960611e-01
1.763579367265104055e+09,8.861803806419307761e-02,2.347289936629484153e-01,1.265987103729198093e+00,2.331505927061932493e+00,-1.937903817317816690e+00,1.709234543647192850e-01
1.763579367278792858e+09,8.914839245923590616e-02,2.316291624439527908e-01,1.262660691223848719e+00,2.340984689994891621e+00,-1.930259872807140509e+00,1.698084790119624710e-01
1.763579367292481661e+09,8.974570124870949461e-02,2.289681748209284884e-01,1.259280771905276763e+00,2.350372026781780033e+00,-1.922935055133210058e+00,1.695489735884673776e-01
1.763579367306170702e+09,9.039799399036992089e-02,2.268138842638147690e-01,1.255832285579972618e+00,2.359417230938484877e+00,-1.916158669531181635e+00,1.700560744493184728e-01
1.763579367319859505e+09,9.109319867623665024e-02,2.252365440599580493e-01,1.252300096423379250e+00,2.367864480545109451e+00,-1.910163565068611735e+00,1.712406750954193480e-01
1.763579367333548546e+09,9.183252906463607035e-02,2.242705074409761246e-01,1.248675731060209682e+00,2.375502416605167699e+00,-1.905144764428211568e+00,1.730015729570836824e-01
1.763579367347237349e+09,9.267221551521015455e-02,2.238154623789951891e-01,1.244977360745242789e+00,2.382273415709887932e+00,-1.901165773648590074e+00,1.751856716176438122e-01
1.763579367360926151e+09,9.368440093749307029e-02,2.237230122207580219e-01,1.241232139152706582e+00,2.388182663865942690e+00,-1.898236598941071218e+00,1.776255474526225453e-01
1.763579367374615192e+09,9.494409044591391178e-02,2.238494050971173710e-01,1.237466589704620645e+00,2.393220872134191879e+00,-1.896379591639714368e+00,1.801506061871701592e-01
1.763579367388303995e+09,9.648620335913181412e-02,2.240511809266823029e-01,1.233705172121633442e+00,2.397453601191433137e+00,-1.895552614545444658e+00,1.826313167722045938e-01
1.763579367401993036e+09,9.828653694725025813e-02,2.241920806358446983e-01,1.229967606330543584e+00,2.401044685509575505e+00,-1.895628869286035911e+00,1.849989825882282501e-01
1.763579367415681839e+09,1.003099551962301772e-01,2.241349554521429310e-01,1.226273398948101390e+00,2.404179647831689692e+00,-1.896463017282745245e+00,1.871957782081352939e-01
1.763579367429370642e+09,1.025237684829670148e-01,2.237513654562795495e-01,1.222641070894340931e+00,2.407031038333892425e+00,-1.897916156406709964e+00,1.891637628048193076e-01
1.763579367443059683e+09,1.048962389467431311e-01,2.230004246543811075e-01,1.219080744141255002e+00,2.409698604834484836e+00,-1.899858106909844357e+00,1.908691391119526348e-01
1.763579367456748486e+09,1.073975355731969228e-01,2.219176784777595612e-01,1.215595276264308522e+00,2.412211732106017692e+00,-1.902172812960934545e+00,1.922972097845927486e-01
1.763579367470437527e+09,1.099982313254322941e-01,2.205340532728740643e-01,1.212187912994734607e+00,2.414607739269460929e+00,-1.904739759151508949e+00,1.934324163800473506e-01
1.763579367484126329e+09,1.126645771762771892e-01,2.188857258440503883e-01,1.208860392596954325e+00,2.416902062282668240e+00,-1.907457675968697197e+00,1.942616469506457666e-01
1.763579367497815132e+09,1.153493214373855352e-01,2.170089427005288951e-01,1.205610444193791153e+00,2.419060302983921495e+00,-1.910279857238586398e+00,1.947762875998134136e-01
1.763579367511504173e+09,1.180001829784657619e-01,2.149423721844433977e-01,1.202434125911460372e+00,2.421026580124248540e+00,-1.913181017332122202e+00,1.949699330288419963e-01
1.763579367525192976e+09,1.205654126895925743e-01,2.127232476533760519e-01,1.199327935934443756e+00,2.422748245393424149e+00,-1.916133050775044699e+00,1.948353650078516464e-01
1.763579367538881779e+09,1.229989175405607066e-01,2.103546984640110029e-01,1.196288999769316241e+00,2.424171763922256861e+00,-1.919118899888245799e+00,1.943450137397405852e-01
1.763579367552570820e+09,1.252641039422345837e-01,2.077839179077553000e-01,1.193316008837881359e+00,2.425245630453264578e+00,-1.922136012894993806e+00,1.934379190553605632e-01
1.763579367566259623e+09,1.273245462619176094e-01,2.049555919618308020e-01,1.190407831711197684e+00,2.425917952825963564e+00,-1.925182867023570443e+00,1.920515890406430948e-01
1.763579367579948664e+09,1.291421278184310961e-01,2.018137165960066648e-01,1.187562823441437265e+00,2.426138130891843492e+00,-1.928259349361397534e+00,1.901236387519733839e-01
1.763579367593637466e+09,1.306540121888009331e-01,1.983145593039807308e-01,1.184775305361901454e+00,2.425865987376578214e+00,-1.931376432379876551e+00,1.876039350229750657e-01
1.763579367607326269e+09,1.317821816298568038e-01,1.944212382097385838e-01,1.182036838304533877e+00,2.425068608379930435e+00,-1.934552328218492212e+00,1.844499274388322063e-01
1.763579367621015310e+09,1.324484832295954873e-01,1.900962491966582124e-01,1.179338913352992790e+00,2.423711972654561286e+00,-1.937805641652746935e+00,1.806178007408986430e-01
1.763579367634704113e+09,1.325701412997982442e-01,1.853216578434753181e-01,1.176674319130541768e+00,2.421774450700303394e+00,-1.941150439961161656e+00,1.760939917184359271e-01
1.763579367648393154e+09,1.320462094945552556e-01,1.801411178619533038e-01,1.174038951474634773e+00,2.419266799172179461e+00,-1.944590270773890017e+00,1.709586438131470154e-01
1.763579367662081957e+09,1.307747311371386945e-01,1.746126955241067147e-01,1.171430024766551226e+00,2.416212723500662740e+00,-1.948123226749934656e+00,1.653153054729099014e-01
1.763579367675770760e+09,1.286503068719981879e-01,1.687953186042427944e-01,1.168844284374884968e+00,2.412630967756856482e+00,-1.951750197248779628e+00,1.592673084721965004e-01
1.763579367689459801e+09,1.256243206310492522e-01,1.627105894215769288e-01,1.166282027973606139e+00,2.408600459521788473e+00,-1.955438352503350741e+00,1.528873570460820008e-01
1.763579367703148603e+09,1.217088492724874849e-01,1.563396074841618966e-01,1.163747267599787527e+00,2.404262687262386233e+00,-1.959119930185907910e+00,1.462145420765631476e-01
1.763579367716837645e+09,1.169230609779062097e-01,1.496582047806656324e-01,1.161244386486971258e+00,2.399767379140588464e+00,-1.962722314659534506e+00,1.392828202061771048e-01
1.763579367730526447e+09,1.112779800888609172e-01,1.426506819285962568e-01,1.158778382735953461e+00,2.395258052470165655e+00,-1.966176711880698313e+00,1.321449707903745996e-01
1.763579367744215250e+09,1.047353716155872000e-01,1.353499468967510333e-01,1.156360252830844315e+00,2.390856901378563659e+00,-1.969423382288540303e+00,1.249730583245362153e-01
1.763579367757904291e+09,9.723227315733011522e-02,1.278142980296373410e-01,1.154003059741523174e+00,2.386669878047082083e+00,-1.972412900337004116e+00,1.180019070658905184e-01
1.763579367771593094e+09,8.870131818327495199e-02,1.201057948074962106e-01,1.151721619833956156e+00,2.382807141338985968e+00,-1.975089905003279966e+00,1.114730288934728253e-01
1.763579367785282135e+09,7.912781136769392321e-02,1.122449000478140668e-01,1.149517906498114916e+00,2.379362851422660796e+00,-1.977431765021379961e+00,1.055389601879102301e-01
1.763579367798970938e+09,6.861865008941558930e-02,1.041600117107888274e-01,1.147366394016952063e+00,2.376400016711978758e+00,-1.979483706814369359e+00,1.001486197785202287e-01
1.763579367812659740e+09,5.731303292090918211e-02,9.575278047444243934e-02,1.145233598980114342e+00,2.373972856967993206e+00,-1.981310638113769285e+00,9.519526233868959297e-02
1.763579367826348782e+09,4.534533411187691848e-02,8.693359591548484311e-02,1.143087814909720556e+00,2.372134185010688512e+00,-1.982973983408192753e+00,9.058265369867164740e-02
1.763579367840037584e+09,3.285405437804390927e-02,7.770202561220704296e-02,1.140906752518077161e+00,2.370880890954042641e+00,-1.984532414093944874e+00,8.625933660155565841e-02
1.763579367853726625e+09,1.997671485695300814e-02,6.817730610655960144e-02,1.138681511938364643e+00,2.370137843955701040e+00,-1.986037777747068800e+00,8.223936452033027422e-02
1.763579367867415428e+09,6.852548868285241422e-03,5.847757060919051009e-02,1.136402920241291747e+00,2.369830252770032786e+00,-1.987542655294891825e+00,7.853545547514222125e-02
1.763579367881104231e+09,-6.382404172875955246e-03,4.873820552999867661e-02,1.134065176506665829e+00,2.369875979830331936e+00,-1.989094529691732172e+00,7.516880948530055284e-02
1.763579367894793272e+09,-1.960622527070563295e-02,3.917343414530068818e-02,1.131680567287620676e+00,2.370165417237184879e+00,-1.990710976106930374e+00,7.219503829254682314e-02
1.763579367908482075e+09,-3.270393616083523691e-02,3.004086326666917731e-02,1.129271114202884396e+00,2.370573572717613597e+00,-1.992393773871285134e+00,6.968889870428367217e-02
1.763579367922171116e+09,-4.556071782194506120e-02,2.159698886467922851e-02,1.126858468188776996e+00,2.370975347035496394e+00,-1.994145406669382004e+00,6.772509042548477409e-02
1.763579367935859919e+09,-5.806933013528821352e-02,1.404280442223583385e-02,1.124454877454863944e+00,2.371280232736143745e+00,-1.995972654808912949e+00,6.633281930753220923e-02
1.763579367949548721e+09,-7.014155954563376649e-02,7.439819272853026924e-03,1.122047953048178615e+00,2.371483562791318445e+00,-1.997894650803979655e+00,6.542627175330695266e-02
1.763579367963237762e+09,-8.169453105125049075e-02,1.822263522403707930e-03,1.119621184672892733e+00,2.371596850476899387e+00,-1.999932320045278322e+00,6.489988630117066171e-02
1.763579367976926565e+09,-9.264304688665221665e-02,-2.772915716756401555e-03,1.117158046569250995e+00,2.371630682604814133e+00,-2.002106742511915005e+00,6.464776534138377828e-02
1.763579367990615606e+09,-1.029389448599222628e-01,-6.337755855927549795e-03,1.114650006583155717e+00,2.371599099591682247e+00,-2.004430497158912861e+00,6.459516975426841945e-02
1.763579368004304409e+09,-1.125688981393716953e-01,-8.890683263746857606e-03,1.112097035736252737e+00,2.371518353196995221e+00,-2.006907283964558530e+00,6.469941317848468265e-02
1.763579368017993212e+09,-1.215233930870125850e-01,-1.045322394558961289e-02,1.109499628256681802e+00,2.371405613145128211e+00,-2.009540232180024422e+00,6.492021428550008577e-02
1.763579368031682253e+09,-1.297949603682580499e-01,-1.105124680672793513e-02,1.106858539864889579e+00,2.371275788599712442e+00,-2.012332362777482953e+00,6.521894625200067019e-02
1.763579368045371056e+09,-1.373930704180728879e-01,-1.074466836656916106e-02,1.104176828741741057e+00,2.371134740061971780e+00,-2.015285960579918267e+00,6.556904228147247826e-02
1.763579368059060097e+09,-1.443375128759386006e-01,-9.611476209126910975e-03,1.101458633630575834e+00,2.370981764648269596e+00,-2.018402621043134282e+00,6.595077329653827036e-02
1.763579368072748899e+09,-1.506459737596463067e-01,-7.728463693562959320e-03,1.098708013192639221e+00,2.370818250344488121e+00,-2.021684568584007913e+00,6.634339465080645037e-02
1.763579368086437702e+09,-1.563433988517095308e-01,-5.172272201030409661e-03,1.095930227521215050e+00,2.370635199849775887e+00,-2.025128034578574709e+00,6.672980758816970948e-02
1.763579368100126743e+09,-1.614663417762537967e-01,-2.016899053257483875e-03,1.093132901383358169e+00,2.370405291306370010e+00,-2.028717192601691366e+00,6.709875305882118113e-02
1.763579368113815546e+09,-1.660544696105481499e-01,1.663714882318466067e-03,1.090324460007255025e+00,2.370096134604212867e+00,-2.032433396503272593e+00,6.744072149027657836e-02
1.763579368127504587e+09,-1.701468213367312299e-01,5.795293961109402973e-03,1.087512902676487148e+00,2.369676879832459448e+00,-2.036256680696150401e+00,6.774538239938132644e-02
1.763579368141193390e+09,-1.737797920850390199e-01,1.029206957573329008e-02,1.084704773123543520e+00,2.369124440844927459e+00,-2.040141365107811300e+00,6.799545584754586314e-02
1.763579368154882193e+09,-1.769865925773604631e-01,1.505722025492639907e-02,1.081904691026867704e+00,2.368424645482370750e+00,-2.044014344057797583e+00,6.816616625353799641e-02
1.763579368168571234e+09,-1.798008808425587135e-01,1.999364799236188345e-02,1.079117253895252038e+00,2.367563093064649848e+00,-2.047804017220186346e+00,6.823279866006935757e-02
1.763579368182260036e+09,-1.822539909954084270e-01,2.500887865523725509e-02,1.076347911125467016e+00,2.366524236367383516e+00,-2.051433151530821952e+00,6.817230071587003504e-02
1.763579368195949078e+09,-1.843690944333077619e-01,3.003465412747294283e-02,1.073605426821800934e+00,2.365285003539872921e+00,-2.054808288626297053e+00,6.797080146091766251e-02
1.763579368209637880e+09,-1.861655078216220560e-01,3.501236100603573320e-02,1.070900209008686099e+00,2.363819553781227878e+00,-2.057828041599136348e+00,6.761819294066243047e-02
1.763579368223326683e+09,-1.876629681056523058e-01,3.988289744176335555e-02,1.068242439840548119e+00,2.362101940315320725e+00,-2.060391638673303216e+00,6.710409328076331892e-02
1.763579368237015724e+09,-1.888816576863467933e-01,4.459920849506508744e-02,1.065641586658382822e+00,2.360131342260035403e+00,-2.062429656015789536e+00,6.642518259975872807e-02
1.763579368250704527e+09,-1.898432304268461157e-01,4.913748654642687008e-02,1.063105785784546953e+00,2.357957909530592033e+00,-2.063935950603060121e+00,6.559236795399685238e-02
1.763579368264393568e+09,-1.905692747740009296e-01,5.347712353893521037e-02,1.060642722526021986e+00,2.355637642961030398e+00,-2.064912770561805111e+00,6.461797049233136692e-02
1.763579368278082371e+09,-1.910812840510286159e-01,5.759734465576817758e-02,1.058260214996156190e+00,2.353226927332487950e+00,-2.065362878853099105e+00,6.351440007362499363e-02
1.763579368291771173e+09,-1.913920734742218244e-01,6.147721127654731665e-02,1.055962685016667457e+00,2.350778057865723802e+00,-2.065311247828750307e+00,6.228607384907976219e-02
1.763579368305460215e+09,-1.915076161000804356e-01,6.509561679356413999e-02,1.053751944176957833e+00,2.348339886072534632e+00,-2.064800590888949294e+00,6.093117069798529434e-02
1.763579368319149017e+09,-1.914334008381366747e-01,6.843103013130158452e-02,1.051629814802800711e+00,2.345961959935008778e+00,-2.063874429435712976e+00,5.944751832693393606e-02
1.763579368332838058e+09,-1.911759607399264038e-01,7.146602135892955732e-02,1.049597984969786291e+00,2.343687055721599855e+00,-2.062579601982734268e+00,5.783553006461201323e-02
1.763579368346526861e+09,-1.907451294222556049e-01,7.420019413660218499e-02,1.047658612071323381e+00,2.341532014749691193e+00,-2.060979742706833040e+00,5.610806142309724548e-02
1.763579368360215664e+09,-1.901526992767469670e-01,7.664016876640022957e-02,1.045813623003785775e+00,2.339501191895419385e+00,-2.059144726817357274e+00,5.428236860193402097e-02
1.763579368373904705e+09,-1.894096377804513343e-01,7.879229984655684860e-02,1.044065285226565720e+00,2.337601766410417170e+00,-2.057144352859880509e+00,5.237609908603249598e-02
1.763579368387593508e+09,-1.885320214534993433e-01,8.065936372706207502e-02,1.042412973736705606e+00,2.335827450291952712e+00,-2.055043624230903365e+00,5.039951679953935670e-02
1.763579368401282310e+09,-1.875429800534286762e-01,8.223836665806842638e-02,1.040851481369173159e+00,2.334153736556667802e+00,-2.052898686667458783e+00,4.835105462909866647e-02
1.763579368414971352e+09,-1.864672922189760385e-01,8.352506892146727147e-02,1.039374761953095527e+00,2.332551729918222350e+00,-2.050764885208092192e+00,4.622686513949682968e-02
1.763579368428660154e+09,-1.853284897229404704e-01,8.451658872379125276e-02,1.037976858537688951e+00,2.330995570181756626e+00,-2.048694347974473917e+00,4.402373209445402391e-02
1.763579368442349195e+09,-1.841413243307434833e-01,8.522079566356274838e-02,1.036650264812485345e+00,2.329476258593586202e+00,-2.046707966137580659e+00,4.173697913467882409e-02
1.763579368456037998e+09,-1.829123914528301142e-01,8.565575690933394104e-02,1.035386308224681251e+00,2.328001513129107192e+00,-2.044797808896280600e+00,3.936202806273141064e-02
1.763579368469726801e+09,-1.816489318598424607e-01,8.583836613759618372e-02,1.034176405403310239e+00,2.326577216794312619e+00,-2.042958830887948718e+00,3.689333120122217230e-02
1.763579368483415842e+09,-1.803567692102992504e-01,8.578961948797463044e-02,1.033011224556086738e+00,2.325213958090435185e+00,-2.041176415991516446e+00,3.433070412925211951e-02
1.763579368497104645e+09,-1.790391413689162714e-01,8.554132033212932806e-02,1.031879332255835280e+00,2.323933506324249443e+00,-2.039411660599341758e+00,3.169130634781899131e-02
1.763579368510793686e+09,-1.776979548675900744e-01,8.512964654808456710e-02,1.030768372516498887e+00,2.322762226315884693e+00,-2.037615594538154884e+00,2.899851347963866219e-02
1.763579368524482489e+09,-1.763353603519387525e-01,8.459015786163485984e-02,1.029666216984804317e+00,2.321725888281648498e+00,-2.035740792519062037e+00,2.627515513971586877e-02
1.763579368538171291e+09,-1.749503079672835859e-01,8.395322997987765545e-02,1.028564258437562051e+00,2.320847466096438438e+00,-2.033749889278178458e+00,2.354038690047760216e-02
1.763579368551860332e+09,-1.735366109912554744e-01,8.324020817193340804e-02,1.027460041407600277e+00,2.320144838398995102e+00,-2.031623837014550737e+00,2.080673257547289989e-02
1.763579368565549135e+09,-1.720879291414071366e-01,8.247150345010191563e-02,1.026351512068552241e+00,2.319635369957058657e+00,-2.029344915568031205e+00,1.808645892479566336e-02
1.763579368579238176e+09,-1.705982751440693890e-01,8.166532318457526973e-02,1.025236485898840755e+00,2.319334986158847922e+00,-2.026896503023678520e+00,1.539127197179713212e-02
1.763579368592926979e+09,-1.690705962048954514e-01,8.080925333797835119e-02,1.024109835108537814e+00,2.319239661239894890e+00,-2.024274598744892018e+00,1.272978086950264480e-02
1.763579368606615782e+09,-1.675134394041934705e-01,7.987073842459121997e-02,1.022964489138027844e+00,2.319332259514033989e+00,-2.021483552542464590e+00,1.010827173686615864e-02
1.763579368620304823e+09,-1.659354872217786714e-01,7.881688072665195277e-02,1.021793311538192750e+00,2.319595473344112868e+00,-2.018527543469444741e+00,7.532915293893989277e-03
1.763579368633993626e+09,-1.643454460646958382e-01,7.761612850009587394e-02,1.020589583480461693e+00,2.320010965722878904e+00,-2.015415525981308686e+00,5.011531862734666318e-03
1.763579368647682667e+09,-1.627524129970603362e-01,7.624086708555938285e-02,1.019347532715117799e+00,2.320555971827397368e+00,-2.012172002999093490e+00,2.556683499409604515e-03
1.763579368661371469e+09,-1.611651882661004620e-01,7.466495502254980043e-02,1.018061892079560105e+00,2.321207274646763796e+00,-2.008825899244846447e+00,1.826102241852666657e-04
1.763579368675060272e+09,-1.595930980924739340e-01,7.286197242223546588e-02,1.016727185627674279e+00,2.321940766673045164e+00,-2.005406212190169235e+00,-2.096711176159766696e-03
1.763579368688749313e+09,-1.580386778743265164e-01,7.080632743313813871e-02,1.015339157802523928e+00,2.322743398256215563e+00,-2.001934282104749663e+00,-4.267780221513943137e-03
1.763579368702438116e+09,-1.564966077230920405e-01,6.847368281966274839e-02,1.013895022905274779e+00,2.323614935253857539e+00,-1.998422278725863421e+00,-6.317829314025177889e-03
1.763579368716127157e+09,-1.549601933321466951e-01,6.583930385266222041e-02,1.012392125155880507e+00,2.324557451101702643e+00,-1.994880617283416591e+00,-8.234202734801703352e-03
1.763579368729815960e+09,-1.534237012714462223e-01,6.288026740440144646e-02,1.010827510302068299e+00,2.325569917948053789e+00,-1.991321567768662204e+00,-1.000496224851436279e-02
1.763579368743504763e+09,-1.518844983824061412e-01,5.958114129803968734e-02,1.009195134355862056e+00,2.326634413650120692e+00,-1.987764431029158008e+00,-1.162455420383014769e-02
1.763579368757193804e+09,-1.503426772536147482e-01,5.593364868058319644e-02,1.007487140187820929e+00,2.327720625935200349e+00,-1.984234657268795221e+00,-1.309155110311548478e-02
1.763579368770882607e+09,-1.487978301076578747e-01,5.192709874570308054e-02,1.005695532422760108e+00,2.328799432889018473e+00,-1.980756362750879962e+00,-1.440442874239163118e-02
1.763579368784571648e+09,-1.472514394323755638e-01,4.756449680550821346e-02,1.003814890876439048e+00,2.329841092610069886e+00,-1.977359658487155558e+00,-1.555970291936302659e-02
1.763579368798260450e+09,-1.457092645875322778e-01,4.288263592565135646e-02,1.001847057148593345e+00,2.330817036762566463e+00,-1.974088613060196673e+00,-1.654808787797752354e-02
1.763579368811949253e+09,-1.441784786938494489e-01,3.792859202274588559e-02,9.997959197777691598e-01,2.331698559356166101e+00,-1.970991884273583628e+00,-1.735854556180661812e-02
1.763579368825638294e+09,-1.426656507313492084e-01,3.274826982169557615e-02,9.976651426904599163e-01,2.332457608627054313e+00,-1.968116643642581431e+00,-1.798081043174892812e-02
1.763579368839327097e+09,-1.411672002326414543e-01,2.739754655585808704e-02,9.954607908101443803e-01,2.333080420203074823e+00,-1.965492167138154667e+00,-1.841908656888125578e-02
1.763579368853016138e+09,-1.396644463928356505e-01,2.194446114518042515e-02,9.931917478186306214e-01,2.333574097949101311e+00,-1.963120451624621676e+00,-1.869887142347577066e-02
1.763579368866704941e+09,-1.381384973147598560e-01,1.645792376050457875e-02,9.908671728312649085e-01,2.333946170374257889e+00,-1.961003211110553757e+00,-1.884607765961005682e-02
1.763579368880393744e+09,-1.365697784674004822e-01,1.100630775503651411e-02,9.884953750534101191e-01,2.334204874085956227e+00,-1.959137017952812920e+00,-1.888872032169488027e-02
1.763579368894082785e+09,-1.349380014844633879e-01,5.652590709336764545e-03,9.860770723722523945e-01,2.334358037394139718e+00,-1.957481062926492266e+00,-1.886734601795429095e-02
1.763579368907771587e+09,-1.332222942133941823e-01,4.568327920882783288e-04,9.836086320431050023e-01,2.334413577964289832e+00,-1.955971826953239123e+00,-1.883024672922844686e-02
1.763579368921460629e+09,-1.314016329318149212e-01,-4.520906548604253054e-03,9.810862667089106370e-01,2.334379508775279000e+00,-1.954545801887238365e+00,-1.882591873332316659e-02
1.763579368935149431e+09,-1.294560193590578445e-01,-9.225070040478903360e-03,9.785071706547427972e-01,2.334260043486479752e+00,-1.953144349176975547e+00,-1.889656889513210286e-02
1.763579368948838234e+09,-1.273674242880906970e-01,-1.361294865192733128e-02,9.758707313312224851e-01,2.334048068134523923e+00,-1.951721917727964328e+00,-1.906715311214259370e-02
1.763579368962527275e+09,-1.251189272666177188e-01,-1.764648053386636342e-02,9.731771291742083996e-01,2.333733588778875045e+00,-1.950238002939051363e+00,-1.935672368376217117e-02
1.763579368976216078e+09,-1.226931576248192352e-01,-2.128578884972976565e-02,9.704264373394105858e-01,2.333306901940380484e+00,-1.948650277288854982e+00,-1.978615301239678576e-02
1.763579368989905119e+09,-1.200827484885597513e-01,-2.451635020528582926e-02,9.676220534870756396e-01,2.332757776524041482e+00,-1.946944846464340406e+00,-2.035079630461964634e-02
1.763579369003593922e+09,-1.172911544789716209e-01,-2.734903397152740542e-02,9.647710891523819665e-01,2.332075999747977857e+00,-1.945136690681608105e+00,-2.102067028001209856e-02
1.763579369017282724e+09,-1.143223872881861114e-01,-2.979722395798795401e-02,9.618809141002174767e-01,2.331250869597327746e+00,-1.943243886450849667e+00,-2.176250647192413956e-02
1.763579369030971766e+09,-1.111829822539821405e-01,-3.187873539307881088e-02,9.589586855692574519e-01,2.330274324551995679e+00,-1.941284356413264245e+00,-2.254527134964611629e-02
1.763579369044660568e+09,-1.078931925467343234e-01,-3.364191990689190809e-02,9.560109912846619373e-01,2.329151694375320325e+00,-1.939280573426772847e+00,-2.334179902690754899e-02
1.763579369058349609e+09,-1.044818515192722230e-01,-3.515142150145892513e-02,9.530438514930013039e-01,2.327896449959543812e+00,-1.937256787032150429e+00,-2.412982552047165247e-02
1.763579369072038412e+09,-1.009759157613129704e-01,-3.647151773107130263e-02,9.500633949566332781e-01,2.326520843899529289e+00,-1.935237386892021405e+00,-2.488416767396915696e-02
1.763579369085727215e+09,-9.741163334780533756e-02,-3.765678832980263319e-02,9.470767353863878135e-01,2.325040781925322264e+00,-1.933245869958688523e+00,-2.559675654418396354e-02
1.763579369099416256e+09,-9.384203847477169680e-02,-3.873912064766955182e-02,9.440933184291259161e-01,2.323478049000327950e+00,-1.931303545564195812e+00,-2.629210168928322253e-02
1.763579369113105059e+09,-9.032509887451008190e-02,-3.974570278310407545e-02,9.411233197457381516e-01,2.321856183081644875e+00,-1.929431729122363270e+00,-2.700298662707049935e-02
1.763579369126794100e+09,-8.691725701441550822e-02,-4.070232106373374709e-02,9.381766271137188529e-01,2.320198936471304041e+00,-1.927649835516090704e+00,-2.776135893033689420e-02
1.763579369140482903e+09,-8.367274588502916777e-02,-4.160339782658540458e-02,9.352637040999487450e-01,2.318542484948979077e+00,-1.925950341022020673e+00,-2.860887176156058295e-02
1.763579369154171705e+09,-8.064110545766749183e-02,-4.240735388307330378e-02,9.323951591939442229e-01,2.316936470794754843e+00,-1.924294140835917544e+00,-2.959700977607924999e-02
1.763579369167860746e+09,-7.787285158107691563e-02,-4.307331475926346603e-02,9.295816572392681110e-01,2.315430718125865983e+00,-1.922642717664722500e+00,-3.077756801012043048e-02
1.763579369181549549e+09,-7.541138326737803488e-02,-4.355925725050398961e-02,9.268335338832139891e-01,2.314071494655349337e+00,-1.920957607859273386e+00,-3.219934417823096945e-02
1.763579369195238590e+09,-7.326182104966430519e-02,-4.382692103929415606e-02,9.241582769780177786e-01,2.312881476970309436e+00,-1.919208798522274773e+00,-3.389296396667920014e-02
1.763579369208927393e+09,-7.141089174436995868e-02,-4.383918480014607766e-02,9.215622516689337962e-01,2.311872276270916515e+00,-1.917369962891041224e+00,-3.588015851000253553e-02
1.763579369222616196e+09,-6.984628200566000977e-02,-4.355843885836695184e-02,9.190518402965015543e-01,2.311056313594253453e+00,-1.915414121234912725e+00,-3.818360454336330173e-02
1.763579369236305237e+09,-6.855030030795075668e-02,-4.296988176515050689e-02,9.166301375319106937e-01,2.310430142232774209e+00,-1.913335784811281304e+00,-4.080740193191627341e-02
1.763579369249994040e+09,-6.749356941660314413e-02,-4.211079753406053727e-02,9.142929639893540017e-01,2.309954025493197172e+00,-1.911179026885031274e+00,-4.371298355496023441e-02
1.763579369263682842e+09,-6.664510426107098096e-02,-4.102853421619730157e-02,9.120345691530328258e-01,2.309582039739917381e+00,-1.908996766499109210e+00,-4.685445758677959927e-02
1.763579369277371883e+09,-6.597374414045706348e-02,-3.976946214671699814e-02,9.098493440636258311e-01,2.309268513312974669e+00,-1.906841281353271800e+00,-5.018631058692375746e-02
1.763579369291060686e+09,-6.545998466894337176e-02,-3.841049064740882646e-02,9.077274117166331813e-01,2.308967907240882411e+00,-1.904779024116683761e+00,-5.365621859232467400e-02
1.763579369304749727e+09,-6.509462730371035066e-02,-3.705432832626984890e-02,9.056549994142966131e-01,2.308635643430448248e+00,-1.902887458805744281e+00,-5.720683501254160419e-02
1.763579369318438530e+09,-6.486918552077242106e-02,-3.580696359809699275e-02,9.036180625778669206e-01,2.308226040090190168e+00,-1.901246741547807817e+00,-6.077949234658155259e-02
1.763579369332127333e+09,-6.477647869178766726e-02,-3.476726509524964009e-02,9.016028890592414635e-01,2.307702774128221446e+00,-1.899923696906513637e+00,-6.431983087761980467e-02
1.763579369345816374e+09,-6.481745805575529762e-02,-3.401065558586532922e-02,8.995962737959283251e-01,2.307070161530145214e+00,-1.898929603536915867e+00,-6.778934122475024915e-02
1.763579369359505177e+09,-6.499611170804939220e-02,-3.359736972106533437e-02,8.975860919545107786e-01,2.306353300337993240e+00,-1.898246857386555853e+00,-7.115832452753889648e-02
1.763579369373194218e+09,-6.531692241406066024e-02,-3.359331954020307320e-02,8.955592139093850879e-01,2.305573527283899971e+00,-1.897863396498676858e+00,-7.439489607356876422e-02
1.763579369386883020e+09,-6.577776280549191279e-02,-3.402969512299301030e-02,8.935090587261974582e-01,2.304764994296072622e+00,-1.897745765040224963e+00,-7.747956608314716942e-02
1.763579369400571823e+09,-6.636554831138509469e-02,-3.488450244121176630e-02,8.914389991801526802e-01,2.303978411421377714e+00,-1.897831177066031438e+00,-8.041186626081539557e-02
1.763579369414260864e+09,-6.706506054813121676e-02,-3.612464113545210687e-02,8.893545000020726121e-01,2.303269089665107128e+00,-1.898049618443007569e+00,-8.319531985245520733e-02
1.763579369427949667e+09,-6.786149932024682085e-02,-3.771756770753989518e-02,8.872607485424823803e-01,2.302689201131174812e+00,-1.898333423366137973e+00,-8.583314155592057515e-02
1.763579369441638708e+09,-6.874144422548679467e-02,-3.960930840709371570e-02,8.851632757841453314e-01,2.302268079818578617e+00,-1.898620024196356670e+00,-8.833652142598787116e-02
1.763579369455327511e+09,-6.969291485556451671e-02,-4.172596473575702902e-02,8.830678864009826601e-01,2.302010167380544203e+00,-1.898854351122596595e+00,-9.072396952939622283e-02
1.763579369469016314e+09,-7.070401586136743077e-02,-4.399402202403187440e-02,8.809803613233563313e-01,2.301921888543181360e+00,-1.898979867398215227e+00,-9.301366713962488930e-02
1.763579369482705355e+09,-7.176188648617913557e-02,-4.634104816336313132e-02,8.789062265721270251e-01,2.302003235784034096e+00,-1.898946839584476631e+00,-9.522576959577258582e-02
1.763579369496394157e+09,-7.284914926061156204e-02,-4.870323676749180319e-02,8.768501539545443535e-01,2.302234188600036369e+00,-1.898731315324430291e+00,-9.738681761988111918e-02
1.763579369510083199e+09,-7.394658694377721775e-02,-5.102031765732420454e-02,8.748162344211607433e-01,2.302585175901983749e+00,-1.898320949432910520e+00,-9.952656499377898758e-02
1.763579369523772001e+09,-7.503505363789347848e-02,-5.323163150096536789e-02,8.728087430369990685e-01,2.303027594678068724e+00,-1.897702316362728903e+00,-1.016743300503503838e-01
1.763579369537460804e+09,-7.609449148608241065e-02,-5.529146987661057167e-02,8.708300866874806312e-01,2.303529737145956435e+00,-1.896872218960453882e+00,-1.038600084583130717e-01
1.763579369551149845e+09,-7.710292879449738568e-02,-5.718344468890985272e-02,8.688791322805532458e-01,2.304054714761297085e+00,-1.895846251208486821e+00,-1.061144955816126084e-01
1.763579369564838648e+09,-7.803831304583658257e-02,-5.889455771142895757e-02,8.669545285129826029e-01,2.304565088629634939e+00,-1.894642845455183355e+00,-1.084681513768207123e-01
1.763579369578527689e+09,-7.887878120263139281e-02,-6.041237186028721590e-02,8.650547994539397045e-01,2.305023580746509815e+00,-1.893280804883818558e+00,-1.109511217917045073e-01
1.763579369592216492e+09,-7.960979222085765028e-02,-6.173133055835040850e-02,8.631814257724265138e-01,2.305399620431025198e+00,-1.891798130782772480e+00,-1.135729363485691173e-01
1.763579369605905294e+09,-8.022261076949308012e-02,-6.285166402344094516e-02,8.613379337818053427e-01,2.305668024275539185e+00,-1.890247410768469027e+00,-1.163272989008841130e-01
1.763579369619594336e+09,-8.070874135638701763e-02,-6.377362220273467830e-02,8.595280211904643419e-01,2.305803625973018356e+00,-1.888682491580772949e+00,-1.192071940934759794e-01
1.763579369633283138e+09,-8.105920244685778375e-02,-6.450094760110207381e-02,8.577545742279163443e-01,2.305782855577292345e+00,-1.887151236804315291e+00,-1.222071909257218120e-01
1.763579369646972179e+09,-8.126299748351960284e-02,-6.505304514374690705e-02,8.560168627911554085e-01,2.305587914007160233e+00,-1.885679550052888898e+00,-1.253295244406099074e-01
1.763579369660660982e+09,-8.130846348894267550e-02,-6.545546126805561193e-02,8.543126480690832469e-01,2.305204201291434440e+00,-1.884282194451059267e+00,-1.285788321470528461e-01
1.763579369674349785e+09,-8.118375079160509988e-02,-6.573321260576781011e-02,8.526400199425381299e-01,2.304615686349657189e+00,-1.882977817135575993e+00,-1.319602701520679044e-01
1.763579369688038826e+09,-8.087921489310334611e-02,-6.591171174460935811e-02,8.509949410010234638e-01,2.303815308329930645e+00,-1.881762496682608754e+00,-1.354739114977354386e-01
1.763579369701727629e+09,-8.038895564823038409e-02,-6.601634495179097006e-02,8.493702344085681810e-01,2.302810006285590738e+00,-1.880597853360624461e+00,-1.391110148802604807e-01
1.763579369715416670e+09,-7.970784652316791064e-02,-6.607257158428794797e-02,8.477578309375941590e-01,2.301610070572038591e+00,-1.879436865154174852e+00,-1.428611721889665453e-01
1.763579369729105473e+09,-7.883057130712640970e-02,-6.610533977172340647e-02,8.461502165763482575e-01,2.300225634824035303e+00,-1.878234237186778843e+00,-1.467140568848957771e-01
1.763579369742794275e+09,-7.775021626631818672e-02,-6.612974158512441303e-02,8.445442382144761062e-01,2.298678500548102299e+00,-1.876932453920904242e+00,-1.506576124040444054e-01
1.763579369756483316e+09,-7.645826653444960652e-02,-6.615135698950733167e-02,8.429414052443919836e-01,2.297001227914733157e+00,-1.875464701891851771e+00,-1.546783701081797802e-01
1.763579369770172119e+09,-7.494620506662286186e-02,-6.617554804651507028e-02,8.413431338291387229e-01,2.295226655012632122e+00,-1.873762967564034598e+00,-1.587624511761897006e-01
1.763579369783861160e+09,-7.320606669971736757e-02,-6.620960415420136524e-02,8.397511389063416765e-01,2.293386288101090464e+00,-1.871764958605341311e+00,-1.628971709189382666e-01
1.763579369797549963e+09,-7.123276628395867893e-02,-6.626966655730195943e-02,8.381678448214205934e-01,2.291505550337924912e+00,-1.869431136478102440e+00,-1.670732149775127073e-01
1.763579369811238766e+09,-6.902243582905472075e-02,-6.637588041972929120e-02,8.365960026261387572e-01,2.289607012556610144e+00,-1.866732566248143765e+00,-1.712831367273924266e-01
1.763579369824927807e+09,-6.657108888230717225e-02,-6.654794829450252913e-02,8.350382935803453144e-01,2.287713473433410805e+00,-1.863639142693615636e+00,-1.755193600142413990e-01
1.763579369838616610e+09,-6.388988855695275360e-02,-6.680564196969725199e-02,8.334982730513789129e-01,2.285831380571627935e+00,-1.860154173424789059e+00,-1.797769186919466466e-01
1.763579369852305651e+09,-6.101844501319698272e-02,-6.716834658622181098e-02,8.319808086794526769e-01,2.283935859121499323e+00,-1.856342873291214612e+00,-1.840562754263934120e-01
1.763579369865994453e+09,-5.799919516266997116e-02,-6.765534668775405325e-02,8.304910379869833159e-01,2.281999271531898632e+00,-1.852276626140279214e+00,-1.883584050308520497e-01
1.763579369879683256e+09,-5.487495199812883473e-02,-6.828525833914790566e-02,8.290341647528539637e-01,2.279993271748178341e+00,-1.848028011139506877e+00,-1.926863842155471795e-01
1.763579369893372297e+09,-5.168858344247646147e-02,-6.906602108380130445e-02,8.276174819328433463e-01,2.277888782847785620e+00,-1.843674795596250693e+00,-1.970730507669251341e-01
1.763579369907061100e+09,-4.848339624754411520e-02,-6.999788503231314796e-02,8.262498278666978724e-01,2.275656050645746831e+00,-1.839299117514859638e+00,-2.015720653804082274e-01
1.763579369920750141e+09,-4.530271626154185743e-02,-7.108123603101679233e-02,8.249400019581812904e-01,2.273264937589041246e+00,-1.834983440617214745e+00,-2.062379117544532181e-01
1.763579369934438944e+09,-4.218528876499835073e-02,-7.231226753950423247e-02,8.236966449833377224e-01,2.270691078190010259e+00,-1.830798360981879647e+00,-2.111199963623164033e-01
1.763579369948127747e+09,-3.915300178634031902e-02,-7.367184526747895534e-02,8.225278206729607078e-01,2.267930223632085074e+00,-1.826771470254875185e+00,-2.162515822493418227e-01
1.763579369961816788e+09,-3.622172616614753593e-02,-7.513626544992271783e-02,8.214411000307181299e-01,2.264984819136538707e+00,-1.822915295437825600e+00,-2.216596886518446829e-01
1.763579369975505590e+09,-3.340878558765836281e-02,-7.668176312875378542e-02,8.204445337153016826e-01,2.261856629314832556e+00,-1.819245439418927024e+00,-2.273727075231583294e-01
1.763579369989194632e+09,-3.072254276472973292e-02,-7.828807113737996926e-02,8.195419987982778265e-01,2.258550539824964787e+00,-1.815759234451687520e+00,-2.334072282039478530e-01
1.763579370002883434e+09,-2.816082320681331796e-02,-7.993963730024986059e-02,8.187321422067902477e-01,2.255075351393545535e+00,-1.812432381910205947e+00,-2.397641128872952110e-01
1.763579370016572237e+09,-2.571932426671588376e-02,-8.162165037148816360e-02,8.180127100691585440e-01,2.251440428299299246e+00,-1.809236344343345237e+00,-2.464420457998839631e-01
1.763579370030261278e+09,-2.339373097812116539e-02,-8.332026213359237932e-02,8.173811321123424234e-01,2.247655493988997222e+00,-1.806143846756293581e+00,-2.534390940293381744e-01
1.763579370043950081e+09,-2.117285006530070235e-02,-8.503334826904190846e-02,8.168296051618606501e-01,2.243736241648286001e+00,-1.803129563434259230e+00,-2.607428832795110063e-01
1.763579370057639122e+09,-1.904013313601520332e-02,-8.676883369490313858e-02,8.163457458862684035e-01,2.239703151655967339e+00,-1.800170109008847996e+00,-2.683318237370189707e-01
1.763579370071327925e+09,-1.697928826210539505e-02,-8.853356459009915913e-02,8.159178836473730545e-01,2.235576141416848905e+00,-1.797242243414541196e+00,-2.761865054892012061e-01
1.763579370085016727e+09,-1.497402155646700671e-02,-9.033766279798556564e-02,8.155314423306544436e-01,2.231378549177495785e+00,-1.794321556193267275e+00,-2.842748075997830748e-01
1.763579370098705769e+09,-1.300920037096092892e-02,-9.219878151919584652e-02,8.151642369053871962e-01,2.227143326915891119e+00,-1.791380148199777311e+00,-2.925281647956385345e-01
1.763579370112394571e+09,-1.107007021611942747e-02,-9.413786969884693767e-02,8.147908371128302907e-01,2.222907815984396240e+00,-1.788388815058929104e+00,-3.008622944806037536e-01
1.763579370126083374e+09,-9.142002124418213346e-03,-9.617529804048133291e-02,8.143863003360415354e-01,2.218708486163127880e+00,-1.785318388175907156e+00,-3.091953927267964142e-01
1.763579370139772415e+09,-7.219225631296308753e-03,-9.832833900939555449e-02,8.139230514928045279e-01,2.214588173926592685e+00,-1.782130964260072892e+00,-3.174210468096225757e-01
1.763579370153461218e+09,-5.310749776959911364e-03,-1.006082983896812028e-01,8.133699791295336823e-01,2.210599135399304860e+00,-1.778775410916890287e+00,-3.253955717870151698e-01
1.763579370167150259e+09,-3.425995687071086478e-03,-1.030265192944637420e-01,8.126956353693752799e-01,2.206794057411109122e+00,-1.775199439225075615e+00,-3.329735592670113320e-01
1.763579370180839062e+09,-1.577779682677199783e-03,-1.055927182772726375e-01,8.118691064833388760e-01,2.203224037159491555e+00,-1.771353829351618892e+00,-3.400089263144528973e-01
1.763579370194527864e+09,1.967755777295264897e-04,-1.083059945050276057e-01,8.108642167125011957e-01,2.199922086548903977e+00,-1.767216714065174221e+00,-3.463625506615340410e-01
1.763579370208216906e+09,1.845277117235819778e-03,-1.111586641580348256e-01,8.096577782733717088e-01,2.196910211346368769e+00,-1.762783172220796724e+00,-3.518991938981309575e-01
1.763579370221905708e+09,3.315300225604789382e-03,-1.141431148987784583e-01,8.082262892424811884e-01,2.194211068212661875e+00,-1.758047556842518899e+00,-3.564818427308430460e-01
1.763579370235594749e+09,4.569323014363430718e-03,-1.172535039001179613e-01,8.065554138276620488e-01,2.191844097529553448e+00,-1.753022258034228509e+00,-3.600191915837170353e-01
1.763579370249283552e+09,5.617149821286854597e-03,-1.204899066108372496e-01,8.046590817288472586e-01,2.189821927399832724e+00,-1.747775934471798687e+00,-3.625585211845041012e-01
1.763579370262972355e+09,6.479989949748067753e-03,-1.238533538307243637e-01,8.025584964241664343e-01,2.188153788977019509e+00,-1.742390946014196640e+00,-3.641834201067557508e-01
1.763579370276661396e+09,7.178719161377013387e-03,-1.273455449406821482e-01,8.002740216287265174e-01,2.186850649569264338e+00,-1.736948728285429233e+00,-3.649735059721126995e-01
1.763579370290350199e+09,7.729783131216395008e-03,-1.309568600839044750e-01,7.978330174821371967e-01,2.185898998893446965e+00,-1.731533616352676441e+00,-3.650400435179375624e-01
1.763579370304039240e+09,8.144087297579212514e-03,-1.346655576045224789e-01,7.952697523799681090e-01,2.185258274119639132e+00,-1.726231328479663540e+00,-3.645268831029795376e-01
1.763579370317728043e+09,8.432019735817910741e-03,-1.384481032859190275e-01,7.926198372102263301e-01,2.184884487164762135e+00,-1.721129039826526874e+00,-3.635832126699115041e-01
1.763579370331416845e+09,8.604731283221254620e-03,-1.422801863732459371e-01,7.899187424499164445e-01,2.184733045666734430e+00,-1.716307976405439861e+00,-3.623570607077618022e-01
1.763579370345105886e+09,8.678661045511988983e-03,-1.461258156296110222e-01,7.872070988568388161e-01,2.184745734205790768e+00,-1.711814912270005262e+00,-3.610094406065147976e-01
1.763579370358794689e+09,8.673626746557402956e-03,-1.499423981002613593e-01,7.845274422295486216e-01,2.184857503803191214e+00,-1.707672165748031379e+00,-3.597040418719023025e-01
1.763579370372483730e+09,8.609146352416337244e-03,-1.536872505229354147e-01,7.819234959238984262e-01,2.185002414496069356e+00,-1.703906972665581776e+00,-3.586097132586432701e-01
1.763579370386172533e+09,8.505168595479142141e-03,-1.573218449217404502e-01,7.794303206513233384e-01,2.185121801181785894e+00,-1.700525198909748958e+00,-3.578635761859216835e-01
1.763579370399861336e+09,8.381978296528175276e-03,-1.608185166475726846e-01,7.770632085103607034e-01,2.185173812843449692e+00,-1.697489287075550024e+00,-3.575327349846078584e-01
1.763579370413550377e+09,8.260123404327447683e-03,-1.641527466336074326e-01,7.748312802172495628e-01,2.185121762920257282e+00,-1.694746914757136791e+00,-3.576622261794048518e-01
1.763579370427239180e+09,8.159854956618773150e-03,-1.673000488005217667e-01,7.727442687398904386e-01,2.184928842059866927e+00,-1.692248831232725514e+00,-3.582984855731636831e-01
1.763579370440928221e+09,8.096926639452453611e-03,-1.702543505120063250e-01,7.707954674408362683e-01,2.184579024996413210e+00,-1.689936612162092677e+00,-3.594205421425057945e-01
1.763579370454617023e+09,8.080894712117848988e-03,-1.730328790728941357e-01,7.689580307141520299e-01,2.184082621959688275e+00,-1.687744643820356716e+00,-3.609226464234312481e-01
1.763579370468305826e+09,8.121508372375001866e-03,-1.756529796623492734e-01,7.672048360596380734e-01,2.183450143954794864e+00,-1.685605483224594581e+00,-3.626986056083048027e-01
1.763579370481994867e+09,8.226707501071456666e-03,-1.781347917756374022e-01,7.655071172349786623e-01,2.182693771414936368e+00,-1.683459911460691627e+00,-3.646344628413639155e-01
1.763579370495683670e+09,8.395633501812297880e-03,-1.805088834231246275e-01,7.638311917636337878e-01,2.181829391542307039e+00,-1.681296040358083888e+00,-3.665904908053363442e-01
1.763579370509372711e+09,8.622487660347864791e-03,-1.828122508667754387e-01,7.621401323838876696e-01,2.180875382556749731e+00,-1.679127588757060252e+00,-3.684114303768805110e-01
1.763579370523061514e+09,8.901813401585882343e-03,-1.850813291541241745e-01,7.603972906231466489e-01,2.179850013544936349e+00,-1.676966641777268618e+00,-3.699426621797058945e-01
1.763579370536750317e+09,9.226584382780856838e-03,-1.873486644614062169e-01,7.585710224160006065e-01,2.178765348092654097e+00,-1.674838573261322461e+00,-3.710519124194772700e-01
1.763579370550439358e+09,9.586116988515342927e-03,-1.896361832035825812e-01,7.566426848017440143e-01,2.177617208745679545e+00,-1.672801143633164900e+00,-3.716632139558831427e-01
1.763579370564128160e+09,9.969186135140110580e-03,-1.919633787110696099e-01,7.545965409910029287e-01,2.176398652030180347e+00,-1.670917459669210681e+00,-3.717134485887624296e-01
1.763579370577817202e+09,1.036449442319418122e-02,-1.943502086175317167e-01,7.524163791522551215e-01,2.175102637663480998e+00,-1.669250872929147755e+00,-3.711375923021676959e-01
1.763579370591506004e+09,1.076475090631101583e-02,-1.968049256208216635e-01,7.500985624210442237e-01,2.173722673167338471e+00,-1.667847692629806922e+00,-3.699418908502191683e-01
1.763579370605194807e+09,1.116656690566704933e-02,-1.993248278939107609e-01,7.476512531992104416e-01,2.172252683122172012e+00,-1.666737389654085799e+00,-3.682008572509753441e-01
1.763579370618883848e+09,1.156687693546836100e-02,-2.019063484854851931e-01,7.450835760295239085e-01,2.170686490069800634e+00,-1.665948561907634184e+00,-3.659947359983209969e-01
1.763579370632572651e+09,1.196252535050803742e-02,-2.045436018763955033e-01,7.424066890273732788e-01,2.169020757081884909e+00,-1.665503486960706381e+00,-3.634088195548049183e-01
1.763579370646261692e+09,1.235052942836059597e-02,-2.072161292224308504e-01,7.396450358224337940e-01,2.167268380337963318e+00,-1.665387641630060589e+00,-3.605700348452045567e-01
1.763579370659950495e+09,1.272785546658861469e-02,-2.098960553320552702e-01,7.368296581569668824e-01,2.165450673269286863e+00,-1.665566405041086329e+00,-3.576241114239078200e-01
1.763579370673639297e+09,1.309155400838959635e-02,-2.125560875839252462e-01,7.339912655409930320e-01,2.163588222418675322e+00,-1.666008708330840138e+00,-3.547171803499254428e-01
1.763579370687328339e+09,1.343836833775701248e-02,-2.151691564337912532e-01,7.311590449590970042e-01,2.161701825117919640e+00,-1.666668393477035437e+00,-3.519843547245732340e-01
1.763579370701017141e+09,1.376450759704805904e-02,-2.177094270395858733e-01,7.283588006585716146e-01,2.159811668749652913e+00,-1.667474935511798595e+00,-3.495388665288891028e-01
1.763579370714706182e+09,1.406605928479475950e-02,-2.201512921413995294e-01,7.256154529766233319e-01,2.157937856903823448e+00,-1.668350719680863126e+00,-3.474888661874355189e-01
1.763579370728394985e+09,1.433927227901533354e-02,-2.224696692900189621e-01,7.229537228924947101e-01,2.156100504247862482e+00,-1.669220045071833747e+00,-3.459407959964684864e-01
1.763579370742083788e+09,1.458304570131374774e-02,-2.246482916429884957e-01,7.203911496708350626e-01,2.154318727745796025e+00,-1.670006415905432640e+00,-3.449617637038014939e-01
1.763579370755772829e+09,1.479908335632218637e-02,-2.266807922817805632e-01,7.179375315091302001e-01,2.152610652491834919e+00,-1.670635419114462783e+00,-3.445759017292556736e-01
1.763579370769461632e+09,1.498902977214557411e-02,-2.285598427420691137e-01,7.156033042273719502e-01,2.150994503360619259e+00,-1.671030826672758041e+00,-3.448102815456136061e-01
1.763579370783150673e+09,1.515451743187134007e-02,-2.302820551189583842e-01,7.133965326099505067e-01,2.149488465039589347e+00,-1.671124880696129855e+00,-3.456790435174176834e-01
1.763579370796839476e+09,1.529642936811966870e-02,-2.318578879553337135e-01,7.113177136496493524e-01,2.148111362258537493e+00,-1.670884593690724174e+00,-3.471505562781867504e-01
1.763579370810528278e+09,1.541536596052890846e-02,-2.333051306129436953e-01,7.093631788428121920e-01,2.146882179906692834e+00,-1.670294516935876716e+00,-3.491692472519255519e-01
1.763579370824217319e+09,1.551193295264823892e-02,-2.346407767209178208e-01,7.075297187241299524e-01,2.145819913720330430e+00,-1.669337285986507435e+00,-3.516823048916001282e-01
1.763579370837906122e+09,1.558728122747804132e-02,-2.358841655947379323e-01,7.058129975546579837e-01,2.144941701942299606e+00,-1.668012094821211377e+00,-3.546216396566371776e-01
1.763579370851595163e+09,1.564379472365723389e-02,-2.370591899006925796e-01,7.042064922533279869e-01,2.144260357375538995e+00,-1.666353658391187320e+00,-3.578881576466778069e-01
1.763579370865283966e+09,1.568411610446922289e-02,-2.381903314054330256e-01,7.027032975029747774e-01,2.143787886894652939e+00,-1.664401774935685197e+00,-3.613780266691317689e-01
1.763579370878972769e+09,1.571093823582148108e-02,-2.393021161857166734e-01,7.012963650697918716e-01,2.143536117836449595e+00,-1.662196323545483079e+00,-3.649874912638970126e-01
1.763579370892661810e+09,1.573078556693275828e-02,-2.404165214857369726e-01,6.999727385313344596e-01,2.143505943329292673e+00,-1.659767654233666789e+00,-3.686211205648649569e-01
1.763579370906350613e+09,1.575357761979948729e-02,-2.415532137454580730e-01,6.987142679747675444e-01,2.143688538090599227e+00,-1.657138007572912297e+00,-3.721905507075450870e-01
1.763579370920039654e+09,1.578943337528557894e-02,-2.427319209706566838e-01,6.975024044329356521e-01,2.144074544292807971e+00,-1.654329190670084548e+00,-3.756077457101864026e-01
1.763579370933728456e+09,1.584843661940291484e-02,-2.439693103719761669e-01,6.963201646778146570e-01,2.144654234974674001e+00,-1.651358189862022430e+00,-3.787922539005132427e-01
1.763579370947417259e+09,1.594112847504559546e-02,-2.452674315812856942e-01,6.951573841966772749e-01,2.145414623956311662e+00,-1.648216962192696089e+00,-3.817018533131762981e-01
1.763579370961106300e+09,1.607791398289513951e-02,-2.466221963638427217e-01,6.940069208957105884e-01,2.146342179340532841e+00,-1.644887116617263834e+00,-3.843105474569987190e-01
1.763579370974795103e+09,1.626956167432495881e-02,-2.480300396046374589e-01,6.928612838689389708e-01,2.147422485655248625e+00,-1.641351381574279067e+00,-3.865902641101488513e-01
1.763579370988483906e+09,1.652372872549684457e-02,-2.494859788008757795e-01,6.917144922627329606e-01,2.148648209438648760e+00,-1.637590681087994549e+00,-3.885206381799218844e-01
1.763579371002172947e+09,1.684338893285853428e-02,-2.509835100316671341e-01,6.905625680433399305e-01,2.150022290186455631e+00,-1.633585078691635939e+00,-3.900910999104318377e-01
1.763579371015861750e+09,1.723068166947127472e-02,-2.525154969844465302e-01,6.894020641466200860e-01,2.151549817749355942e+00,-1.629313731027720147e+00,-3.912931313984078785e-01
1.763579371029550791e+09,1.768694096474379349e-02,-2.540758013518858438e-01,6.882293505105636644e-01,2.153235797305125931e+00,-1.624759551124178802e+00,-3.921186107890004546e-01
1.763579371043239594e+09,1.820375418884403323e-02,-2.556651651886871490e-01,6.870408858628141990e-01,2.155091670415778093e+00,-1.619937806696077454e+00,-3.925655528843930431e-01
1.763579371056928396e+09,1.876425750938278889e-02,-2.572906531500069871e-01,6.858331092269142060e-01,2.157132967041737182e+00,-1.614893506861448724e+00,-3.926381467830276084e-01
1.763579371070617437e+09,1.935249803876909133e-02,-2.589587317184789406e-01,6.846023232725100272e-01,2.159376291193119801e+00,-1.609667023912336292e+00,-3.923388173202499996e-01
1.763579371084306240e+09,1.994956732546942710e-02,-2.606772570889457907e-01,6.833457798156100660e-01,2.161831358713023565e+00,-1.604316500107522803e+00,-3.916786976121803265e-01
1.763579371097995281e+09,2.052912169230611261e-02,-2.624574467900329666e-01,6.820634826011071628e-01,2.164486009712137005e+00,-1.598948324809811750e+00,-3.906951435553781549e-01
1.763579371111684084e+09,2.106143113991957097e-02,-2.643119570014395014e-01,6.807566857634411717e-01,2.167318941950701738e+00,-1.593690285748041502e+00,-3.894365901999077284e-01
1.763579371125372887e+09,2.151732723838290298e-02,-2.662532241909902342e-01,6.794264674793266678e-01,2.170310019298155702e+00,-1.588666806850872248e+00,-3.879500588931745209e-01
1.763579371139061928e+09,2.186966825762297340e-02,-2.682894711921252617e-01,6.780784398060952789e-01,2.173425781775374599e+00,-1.583998803356254426e+00,-3.863011708223995644e-01
1.763579371152750731e+09,2.209561568386802025e-02,-2.704208082050745809e-01,6.767263332881261473e-01,2.176609806965525973e+00,-1.579797272057127167e+00,-3.845875143540003482e-01
1.763579371166439772e+09,2.217263300752881847e-02,-2.726468645408395841e-01,6.753844443462929670e-01,2.179803901192034932e+00,-1.576172472416216053e+00,-3.829092365056429581e-01
1.763579371180128574e+09,2.207878086966657410e-02,-2.749661149442136354e-01,6.740676366140406772e-01,2.182948189452304177e+00,-1.573232712560544755e+00,-3.813671868415581256e-01
1.763579371193817377e+09,2.179880257645786315e-02,-2.773656395293672139e-01,6.727950606215596929e-01,2.185968322971208355e+00,-1.571060691824343492e+00,-3.800619564305846576e-01
1.763579371207506418e+09,2.132241764318587238e-02,-2.798241095951933266e-01,6.715890770710762903e-01,2.188779208830144984e+00,-1.569720330151766596e+00,-3.790941551114531127e-01
1.763579371221195221e+09,2.063911420585124931e-02,-2.823200834148759664e-01,6.704722169470284099e-01,2.191295395771410082e+00,-1.569276351562185479e+00,-3.785651489802190905e-01
1.763579371234884262e+09,1.974303664495062963e-02,-2.848312982150724704e-01,6.694648187440941367e-01,2.193433893991469930e+00,-1.569779616248247578e+00,-3.785625129591620452e-01
1.763579371248573065e+09,1.864391768520885437e-02,-2.873316786099090470e-01,6.685802268006100224e-01,2.195117953771620556e+00,-1.571235292857447341e+00,-3.791283099452362193e-01
1.763579371262261868e+09,1.735692488310655590e-02,-2.897945086851571594e-01,6.678291435242453833e-01,2.196274557668467686e+00,-1.573632594765918435e+00,-3.802881326742445500e-01
1.763579371275950909e+09,1.589581595487149154e-02,-2.921927472847169471e-01,6.672230384323196706e-01,2.196828352323957123e+00,-1.576964726733070643e+00,-3.820722224318578997e-01
1.763579371289639711e+09,1.428562001740333980e-02,-2.945029597527002996e-01,6.667673113233959503e-01,2.196725615104502705e+00,-1.581193587870728168e+00,-3.844732533431373667e-01
1.763579371303328753e+09,1.256546115540929480e-02,-2.967067297753182564e-01,6.664596411542863530e-01,2.195940501087481067e+00,-1.586241911509469471e+00,-3.874365304566168011e-01
1.763579371317017555e+09,1.077718017061185529e-02,-2.987863621866612696e-01,6.662962800545794151e-01,2.194452202132219476e+00,-1.592024904444319766e+00,-3.908984207131051547e-01
1.763579371330706358e+09,8.961551657504455287e-03,-3.007245942397743232e-01,6.662734429229124622e-01,2.192240127776904135e+00,-1.598459605191195010e+00,-3.947975894144345466e-01
1.763579371344395399e+09,7.157624599178426944e-03,-3.025114790097568340e-01,6.663810359851728427e-01,2.189304945911238587e+00,-1.605455541390747420e+00,-3.990643931478242146e-01
1.763579371358084202e+09,5.401894237546804242e-03,-3.041427760655963097e-01,6.666043527917976386e-01,2.185663786603509351e+00,-1.612918105768386789e+00,-4.036258980191926860e-01
1.763579371371773243e+09,3.731766023868682714e-03,-3.056141056786492727e-01,6.669285980637564837e-01,2.181332975203599478e+00,-1.620752098431974320e+00,-4.084071112803744907e-01
1.763579371385462046e+09,2.180857956775621859e-03,-3.069216294405076595e-01,6.673396389960802866e-01,2.176330855591465774e+00,-1.628865713397039450e+00,-4.133419860694537706e-01
1.763579371399150848e+09,7.705039843631077004e-04,-3.080628238635977345e-01,6.678261229103760188e-01,2.170679225039143567e+00,-1.637180199465192221e+00,-4.183944050716701946e-01
1.763579371412839890e+09,-4.844724196379755245e-04,-3.090359859653407093e-01,6.683781114458223760e-01,2.164402088154277148e+00,-1.645623597286606010e+00,-4.235442668162107682e-01
1.763579371426528692e+09,-1.567957990394481084e-03,-3.098391476958326507e-01,6.689853430687762170e-01,2.157523333928059284e+00,-1.654122149563488131e+00,-4.287678919542028400e-01
1.763579371440217733e+09,-2.470980014603464062e-03,-3.104729965942301106e-01,6.696403809258092421e-01,2.150069224815412294e+00,-1.662614733230922681e+00,-4.340617343842160802e-01
1.763579371453906536e+09,-3.197995742165125280e-03,-3.109435832478734674e-01,6.703413164165423765e-01,2.142072200542205263e+00,-1.671064017649048550e+00,-4.394589047934695514e-01
1.763579371467595339e+09,-3.755489417809163444e-03,-3.112576828614933011e-01,6.710870775626850415e-01,2.133565019603493429e+00,-1.679436402899891156e+00,-4.449987963840038585e-01
1.763579371481284380e+09,-4.150824073202059004e-03,-3.114227440443932404e-01,6.718767873246844768e-01,2.124581585171986919e+00,-1.687700722445261592e+00,-4.507190458367370534e-01
1.763579371494973183e+09,-4.402473788319980971e-03,-3.114545976630112012e-01,6.727116423741832385e-01,2.115171210078595987e+00,-1.695855268756081280e+00,-4.566335303658746736e-01
1.763579371508662224e+09,-4.538840753370205344e-03,-3.113764876007661386e-01,6.735948230095177847e-01,2.105395773162897832e+00,-1.703925407941127013e+00,-4.627360411039907473e-01
1.763579371522351027e+09,-4.588155566002648407e-03,-3.112115657056176432e-01,6.745294215333909049e-01,2.095317619392021324e+00,-1.711935506244123939e+00,-4.690203584221559474e-01
1.763579371536039829e+09,-4.577026309799571077e-03,-3.109848841070749215e-01,6.755164902606712873e-01,2.084998423118671340e+00,-1.719913238603485661e+00,-4.754752687305685566e-01
1.763579371549728870e+09,-4.524384004910219151e-03,-3.107291234340321395e-01,6.765483072794952202e-01,2.074497990323584062e+00,-1.727895747430150841e+00,-4.820712779384533353e-01
1.763579371563417673e+09,-4.446805164311611915e-03,-3.104787361772287646e-01,6.776144960069784284e-01,2.063875932727213147e+00,-1.735922139159012723e+00,-4.887720484330903559e-01
1.763579371577106714e+09,-4.361091116964426091e-03,-3.102687448386884372e-01,6.787048331464768935e-01,2.053191463980944320e+00,-1.744032704650329668e+00,-4.955429556587506168e-01
1.763579371590795517e+09,-4.281828297159818997e-03,-3.101251206063390109e-01,6.798089756309523279e-01,2.042500029429250574e+00,-1.752257671207368750e+00,-5.023332390797297098e-01
1.763579371604484320e+09,-4.221012597463271246e-03,-3.100626661345926571e-01,6.809166953330449967e-01,2.031851029583882973e+00,-1.760616182694898502e+00,-5.090732361434064934e-01
1.763579371618173361e+09,-4.190217376638263533e-03,-3.100946327766457844e-01,6.820177061567108678e-01,2.021293080252982044e+00,-1.769125734358778956e+00,-5.156905641108172622e-01
1.763579371631862164e+09,-4.200089358497836184e-03,-3.102335356202188810e-01,6.831016021687651429e-01,2.010875008225286198e+00,-1.777799018424401911e+00,-5.221154213013889933e-01
1.763579371645551205e+09,-4.251845201468608046e-03,-3.104821200223669697e-01,6.841566716645974822e-01,2.000640177777686546e+00,-1.786607834195086619e+00,-5.282974560998320301e-01
1.763579371659240007e+09,-4.340564813584853882e-03,-3.108368114251894299e-01,6.851705026895819062e-01,1.990629616104827138e+00,-1.795495635553284952e+00,-5.341993950579327910e-01
1.763579371672928810e+09,-4.461849770282413745e-03,-3.112947113363209173e-01,6.861304676488784171e-01,1.980884153899835409e+00,-1.804409493402712839e+00,-5.397824537010782464e-01
1.763579371686617851e+09,-4.609886793565669445e-03,-3.118503985307153892e-01,6.870254845080417949e-01,1.971443448517121722e+00,-1.813285189388956997e+00,-5.450136192480654618e-01
1.763579371700306654e+09,-4.776349947718714316e-03,-3.124930458763987562e-01,6.878480581768441349e-01,1.962345423008026835e+00,-1.822034018236037278e+00,-5.498709458804030836e-01
1.763579371713995695e+09,-4.951726691501149788e-03,-3.132097064253585028e-01,6.885922450602388611e-01,1.953626193904394626e+00,-1.830558545172616070e+00,-5.543379340336576089e-01
1.763579371727684498e+09,-5.126839265634991656e-03,-3.139878529443839161e-01,6.892517203825981875e-01,1.945322601490354630e+00,-1.838762822857046952e+00,-5.583966464112387618e-01
1.763579371741373301e+09,-5.290078430931094769e-03,-3.148144929162512984e-01,6.898258309054757786e-01,1.937452746984606122e+00,-1.846569889588571600e+00,-5.620509073696013935e-01
1.763579371755062342e+09,-5.426821654122914763e-03,-3.156765430575635967e-01,6.903220484564815962e-01,1.930006052675191430e+00,-1.853934699370540784e+00,-5.653362521254413631e-01
1.763579371768751144e+09,-5.521921036246883914e-03,-3.165606625225854120e-01,6.907483846298462238e-01,1.922971699289934611e+00,-1.860811950920379099e+00,-5.682897342030488463e-01
1.763579371782440186e+09,-5.561553526707919796e-03,-3.174541923301544832e-01,6.911129699762620371e-01,1.916332210015470050e+00,-1.867164672586242968e+00,-5.709513484666223215e-01
1.763579371796128988e+09,-5.541433648735947029e-03,-3.183484798641859070e-01,6.914233899606022637e-01,1.910032124561459321e+00,-1.873003802216275604e+00,-5.733754052845982940e-01
1.763579371809817791e+09,-5.464120659008820866e-03,-3.192378787993574440e-01,6.916869935642796507e-01,1.903987447401637834e+00,-1.878376126298544335e+00,-5.756272841693232944e-01
1.763579371823506832e+09,-5.331726728781104215e-03,-3.201165303996293399e-01,6.919111359270329054e-01,1.898116013165730198e+00,-1.883325991325156989e+00,-5.777716541156330265e-01
1.763579371837195635e+09,-5.148015436510491524e-03,-3.209800968024650869e-01,6.921016367372709865e-01,1.892335441835183207e+00,-1.887902856208320435e+00,-5.798698530079378077e-01
1.763579371850884676e+09,-4.921369439161638569e-03,-3.218292321150543756e-01,6.922589309841424843e-01,1.886564908811629415e+00,-1.892169330454035014e+00,-5.819708780349001076e-01
1.763579371864573479e+09,-4.661255241800545297e-03,-3.226657041685813687e-01,6.923823056265285825e-01,1.880725362780193421e+00,-1.896190635781358935e+00,-5.841200769595114028e-01
1.763579371878262281e+09,-4.377257227154461756e-03,-3.234913844693704799e-01,6.924708758926196861e-01,1.874736165493834150e+00,-1.900032844704773849e+00,-5.863635537036460121e-01
1.763579371891951323e+09,-4.075257650242579931e-03,-3.243065214615173386e-01,6.925281940995351437e-01,1.868547510810489642e+00,-1.903745450556824537e+00,-5.887326793596908692e-01
1.763579371905640125e+09,-3.756646449207956193e-03,-3.251094016470639225e-01,6.925632168410768008e-01,1.862147168220508187e+00,-1.907357919340433527e+00,-5.912409253909131079e-01
1.763579371919328928e+09,-3.422284463415117307e-03,-3.258980739652559966e-01,6.925855247048615659e-01,1.855527077416767368e+00,-1.910897348669645446e+00,-5.938997320039954841e-01
1.763579371933017969e+09,-3.073137038843900843e-03,-3.266705614260590473e-01,6.926042332773635346e-01,1.848681771224645276e+00,-1.914388241474634489e+00,-5.967185291787412416e-01
1.763579371946706772e+09,-2.709852454859218874e-03,-3.274231262848328883e-01,6.926264871806365742e-01,1.841638459189280486e+00,-1.917825951491321623e+00,-5.996853814189997411e-01
1.763579371960395813e+09,-2.333106357811472881e-03,-3.281516134784145944e-01,6.926577486498948222e-01,1.834440936036386693e+00,-1.921190750891340837e+00,-6.027766188893816102e-01
1.763579371974084616e+09,-1.943372966984652358e-03,-3.288512457032172209e-01,6.927041876363817519e-01,1.827133418076778204e+00,-1.924462521488921274e+00,-6.059692506173007809e-01
1.763579371987773418e+09,-1.542359339483444702e-03,-3.295209852596564515e-01,6.927679725202690042e-01,1.819757914046548963e+00,-1.927624667152046944e+00,-6.092368155941789709e-01
1.763579372001462460e+09,-1.134123923403784545e-03,-3.301670157404565376e-01,6.928436516965851277e-01,1.812351839265183173e+00,-1.930667790572493603e+00,-6.125468256866622996e-01
1.763579372015151262e+09,-7.234867389631677477e-04,-3.307976288187609026e-01,6.929234884463856270e-01,1.804951851072740476e+00,-1.933584586247562020e+00,-6.158644435677854689e-01
1.763579372028840303e+09,-3.150957372512483228e-04,-3.314206776185937842e-01,6.930003115545412262e-01,1.797594192354187381e+00,-1.936367964585730128e+00,-6.191555356702381774e-01
1.763579372042529106e+09,8.509621948675778866e-05,-3.320437473272219164e-01,6.930685346587636131e-01,1.790313730722768559e+00,-1.939028688681195822e+00,-6.223788866058669322e-01
1.763579372056217909e+09,4.699692609972989541e-04,-3.326736834003255483e-01,6.931248999226120588e-01,1.783142838068467073e+00,-1.941597092728926555e+00,-6.254870257818310186e-01
1.763579372069906950e+09,8.322759201718256134e-04,-3.333174912325921890e-01,6.931660140001580928e-01,1.776114012182711033e+00,-1.944104151375063427e+00,-6.284315717816485458e-01
1.763579372083595753e+09,1.165146074701634135e-03,-3.339817071814966121e-01,6.931888302138909941e-01,1.769259351959238336e+00,-1.946578882179893721e+00,-6.311674840457208724e-01
1.763579372097284794e+09,1.463594454230381526e-03,-3.346713118552351873e-01,6.931911928624718833e-01,1.762607418795541170e+00,-1.949038978948987033e+00,-6.336663435588734128e-01
1.763579372110973597e+09,1.723703508662632021e-03,-3.353902605167257689e-01,6.931715620768789110e-01,1.756185382149520358e+00,-1.951495738158709914e+00,-6.359090329149127419e-01
1.763579372124662399e+09,1.941403937433618977e-03,-3.361426853921012370e-01,6.931282826147705523e-01,1.750020392416163473e+00,-1.953961255060627566e+00,-6.378753125690026504e-01
1.763579372138351440e+09,2.115311059662071218e-03,-3.369312002765141312e-01,6.930613103195591984e-01,1.744132794069656933e+00,-1.956442830626627272e+00,-6.395586111440927368e-01
1.763579372152040243e+09,2.250827665414643040e-03,-3.377546294459237153e-01,6.929746720201018784e-01,1.738525997306710202e+00,-1.958936178495806590e+00,-6.409860988353345279e-01
1.763579372165729284e+09,2.354529265290125541e-03,-3.386111728630716300e-01,6.928730661806907776e-01,1.733199714099152855e+00,-1.961435217277565091e+00,-6.421910137295626653e-01
1.763579372179418087e+09,2.433020818803277065e-03,-3.394989565128647135e-01,6.927612185137511647e-01,1.728153926650814354e+00,-1.963933629950859183e+00,-6.432066917627047298e-01
1.763579372193106890e+09,2.491732849319786350e-03,-3.404153306659218337e-01,6.926421133276375874e-01,1.723373129463134257e+00,-1.966430004843001234e+00,-6.440659395976573443e-01
1.763579372206795931e+09,2.534910424328411412e-03,-3.413567734453730185e-01,6.925169339783532330e-01,1.718825638962705238e+00,-1.968927715582666993e+00,-6.448013801654300936e-01
1.763579372220484734e+09,2.566707484058104467e-03,-3.423196405401494058e-01,6.923867512845266470e-01,1.714478970795518809e+00,-1.971430516474930839e+00,-6.454453629248722013e-01
1.763579372234173775e+09,2.591006097597589597e-03,-3.433001864450847540e-01,6.922524084759645868e-01,1.710299694203517129e+00,-1.973943900400767060e+00,-6.460280848758856997e-01
1.763579372247862577e+09,2.609679030781522028e-03,-3.442931180828150417e-01,6.921131344279111142e-01,1.706248324754844781e+00,-1.976486782693131161e+00,-6.465626817648237878e-01
1.763579372261551380e+09,2.623602313887103427e-03,-3.452925868315938618e-01,6.919673491535186516e-01,1.702282754635998430e+00,-1.979083852715222802e+00,-6.470544095173268451e-01
1.763579372275240421e+09,2.633751047999791355e-03,-3.462926462186368126e-01,6.918135514246583906e-01,1.698360273499566198e+00,-1.981760657265562386e+00,-6.475085580187723844e-01
1.763579372288929224e+09,2.640499140033815417e-03,-3.472881452601588870e-01,6.916497247294662865e-01,1.694442693723329008e+00,-1.984535469792501061e+00,-6.479316539605337599e-01
1.763579372302618265e+09,2.643137635840155097e-03,-3.482755662283172904e-01,6.914728706992560037e-01,1.690499036104230024e+00,-1.987414056705639309e+00,-6.483327284064743790e-01
1.763579372316307068e+09,2.640725941107715646e-03,-3.492516949490548916e-01,6.912798056635254262e-01,1.686500712314438211e+00,-1.990398496980078535e+00,-6.487215352504879240e-01
1.763579372329995871e+09,2.632409253138850210e-03,-3.502132938053671429e-01,6.910675804947088441e-01,1.682419294240039331e+00,-1.993491162605795619e+00,-6.491079590105159891e-01
1.763579372343684912e+09,2.619095529970037143e-03,-3.511566517372023410e-01,6.908374443095824935e-01,1.678242526843318094e+00,-1.996679410124619469e+00,-6.495102546814210953e-01
1.763579372357373714e+09,2.603197782884702615e-03,-3.520776208236678362e-01,6.905947578663412800e-01,1.673974008569644401e+00,-1.999936925969949320e+00,-6.499539587288689635e-01
1.763579372371062756e+09,2.587334682442742669e-03,-3.529719931193842086e-01,6.903447222404822670e-01,1.669616155124959089e+00,-2.003237581809308221e+00,-6.504651272682688834e-01
1.763579372384751558e+09,2.573000334723496950e-03,-3.538361972670665545e-01,6.900931248866651879e-01,1.665175963133420201e+00,-2.006554851934792438e+00,-6.510673600991008225e-01
1.763579372398440361e+09,2.557472223334147487e-03,-3.546692487460700316e-01,6.898471376184879267e-01,1.660672831457125964e+00,-2.009863275063452637e+00,-6.517749949952210686e-01
1.763579372412129402e+09,2.536058512399858543e-03,-3.554713691867368297e-01,6.896146773818371267e-01,1.656132693933958677e+00,-2.013137698670549813e+00,-6.525979190888762105e-01
1.763579372425818205e+09,2.504285511864154552e-03,-3.562425919870630397e-01,6.894035783353934521e-01,1.651580711037322402e+00,-2.016352695000478867e+00,-6.535466220535264270e-01
1.763579372439507246e+09,2.459699878674522552e-03,-3.569826977667294732e-01,6.892198865463801116e-01,1.647041821358317115e+00,-2.019488520508158302e+00,-6.546267100240340531e-01
1.763579372453196049e+09,2.404419785555112800e-03,-3.576905731837761726e-01,6.890657723443791571e-01,1.642539909896802319e+00,-2.022536535275679004e+00,-6.558341846401803954e-01
1.763579372466884851e+09,2.341061505781914798e-03,-3.583650725571876361e-01,6.889429517606086018e-01,1.638098636290473697e+00,-2.025489621469986457e+00,-6.571638550732807893e-01
1.763579372480573893e+09,2.272158116512975300e-03,-3.590052056477235354e-01,6.888530115931829068e-01,1.633741071295799596e+00,-2.028340600115700276e+00,-6.586099639540158313e-01
1.763579372494262695e+09,2.197183974677901011e-03,-3.596134349040909228e-01,6.887961433214706553e-01,1.629480283895201165e+00,-2.031077985147637044e+00,-6.601576562261263215e-01
1.763579372507951736e+09,2.112775809009345088e-03,-3.601954931512008629e-01,6.887712113458395180e-01,1.625319659230001657e+00,-2.033686777797483192e+00,-6.617835809120017343e-01
1.763579372521640539e+09,2.015612809634067214e-03,-3.607570814325083974e-01,6.887770530374225375e-01,1.621262725548323846e+00,-2.036151732817080617e+00,-6.634643474943313635e-01
1.763579372535329342e+09,1.903944692987863570e-03,-3.613031519837068828e-01,6.888121122249878381e-01,1.617310121348724206e+00,-2.038458948072493282e+00,-6.651810048099733308e-01
1.763579372549018383e+09,1.785521754349223911e-03,-3.618340423413926032e-01,6.888724941189231510e-01,1.613448146659133497e+00,-2.040600921954937252e+00,-6.669399215023941174e-01
1.763579372562707186e+09,1.671579774699136949e-03,-3.623482219571848573e-01,6.889535401756412547e-01,1.609657695928516707e+00,-2.042572975529678203e+00,-6.687573177936989577e-01
1.763579372576396227e+09,1.573484189129696707e-03,-3.628443412321573636e-01,6.890504250195649272e-01,1.605919630391279496e+00,-2.044369857695818027e+00,-6.706489771571889635e-01
1.763579372590085030e+09,1.500358751335875273e-03,-3.633201159684401049e-01,6.891601629467218881e-01,1.602214009096444292e+00,-2.045992088681478194e+00,-6.726331729101377999e-01
1.763579372603773832e+09,1.457616786363760686e-03,-3.637719160174863187e-01,6.892827456328481928e-01,1.598519092753443616e+00,-2.047449383192243566e+00,-6.747319457632309225e-01
1.763579372617462873e+09,1.449993532711858681e-03,-3.641958322871740594e-01,6.894187223638872375e-01,1.594812814228695919e+00,-2.048753421234028149e+00,-6.769683038254801222e-01
1.763579372631151676e+09,1.481891433947411145e-03,-3.645882544728154540e-01,6.895686103880327433e-01,1.591074500443483641e+00,-2.049915572018816690e+00,-6.793639680827270322e-01
1.763579372644840717e+09,1.553342761776040342e-03,-3.649488026587587863e-01,6.897331414241495429e-01,1.587296089864820070e+00,-2.050951137394255941e+00,-6.819327587758670095e-01
1.763579372658529520e+09,1.660171669681345750e-03,-3.652798362871620963e-01,6.899134976992365997e-01,1.583481234904184243e+00,-2.051877894977240935e+00,-6.846800246197182194e-01
1.763579372672218323e+09,1.799343698036470329e-03,-3.655834136520463851e-01,6.901104069096231086e-01,1.579631548683511300e+00,-2.052713790035354702e+00,-6.876135939061777114e-01
1.763579372685907364e+09,1.961985112176573010e-03,-3.658629388051433118e-01,6.903271899408270906e-01,1.575757096158184822e+00,-2.053476348438443289e+00,-6.907298038309204191e-01
1.763579372699596167e+09,2.124252217426843975e-03,-3.661249840381610721e-01,6.905740027912353751e-01,1.571888724959399797e+00,-2.054181845796965611e+00,-6.939956095074863995e-01
1.763579372713285208e+09,2.256461975806360164e-03,-3.663774454447239481e-01,6.908636462004164036e-01,1.568065464925153751e+00,-2.054846157185088451e+00,-6.973666901024559994e-01
1.763579372726974010e+09,2.330006668989329129e-03,-3.666279434194767983e-01,6.912084487889885720e-01,1.564325069430590354e+00,-2.055485133623840888e+00,-7.008006251291256650e-01
1.763579372740662813e+09,2.323938957336224836e-03,-3.668830086732181583e-01,6.916177515874404325e-01,1.560711433532547820e+00,-2.056112258213427246e+00,-7.042676552322008066e-01
1.763579372754351854e+09,2.230617988445443827e-03,-3.671471004305370545e-01,6.920957259603928158e-01,1.557276355874340990e+00,-2.056737157940175642e+00,-7.077601994755627901e-01
1.763579372768040657e+09,2.042865602390018555e-03,-3.674246370205164758e-01,6.926462794059671246e-01,1.554072683940236344e+00,-2.057369323390560112e+00,-7.112711697449491943e-01
1.763579372781729460e+09,1.754383981304381054e-03,-3.677197281291134656e-01,6.932733928168202109e-01,1.551152134690626294e+00,-2.058017478322842653e+00,-7.147953812813717667e-01
1.763579372795418501e+09,1.362836878465739903e-03,-3.680342308480643587e-01,6.939831318839226881e-01,1.548556847341013176e+00,-2.058683936216879840e+00,-7.183363521555119480e-01
1.763579372809107304e+09,8.692570969161103524e-04,-3.683682016957670058e-01,6.947829988698451809e-01,1.546321808682933341e+00,-2.059365947416996523e+00,-7.219046321055112569e-01
1.763579372822796345e+09,2.744590021514623402e-04,-3.687217953019538697e-01,6.956805335248669175e-01,1.544482175995026241e+00,-2.060061031153135769e+00,-7.255106823929612370e-01
1.763579372836485147e+09,-4.172782643214200966e-04,-3.690945172849728895e-01,6.966827272035118757e-01,1.543067465687327111e+00,-2.060767118384105867e+00,-7.291668230383545612e-01
1.763579372850173950e+09,-1.187562151495358872e-03,-3.694834360085992309e-01,6.977946560691740130e-01,1.542084384647742556e+00,-2.061485201098561149e+00,-7.328939961768791145e-01
1.763579372863862991e+09,-2.013718372863186352e-03,-3.698849094319407449e-01,6.990205546554653093e-01,1.541531861071750331e+00,-2.062216924502955795e+00,-7.367152398194553031e-01
1.763579372877551794e+09,-2.873056951411582030e-03,-3.702952228063933759e-01,7.003649457865491756e-01,1.541410065082879255e+00,-2.062964168748448568e+00,-7.406540298610698736e-01
1.763579372891240835e+09,-3.743762415071975359e-03,-3.707115472393119338e-01,7.018279180496344027e-01,1.541704158013700532e+00,-2.063725104890460127e+00,-7.447244174208699219e-01
1.763579372904929638e+09,-4.605099938216690621e-03,-3.711321292797928884e-01,7.034035604103550110e-01,1.542379337430159092e+00,-2.064492916137809164e+00,-7.489271887111288439e-01
1.763579372918618441e+09,-5.436526822836672615e-03,-3.715554630871658048e-01,7.050849684488239566e-01,1.543397672740730364e+00,-2.065259947450594158e+00,-7.532613557093924550e-01
1.763579372932307482e+09,-6.218094131599522477e-03,-3.719801524366042611e-01,7.068647558653002871e-01,1.544720783698160904e+00,-2.066018111031676874e+00,-7.577244785183464559e-01
1.763579372945996284e+09,-6.935183811438721917e-03,-3.724072684280620993e-01,7.087257749993794986e-01,1.546296799997983751e+00,-2.066751137443628039e+00,-7.622958448016677879e-01
1.763579372959685326e+09,-7.577394093761449442e-03,-3.728392671663698366e-01,7.106452895542171300e-01,1.548065541958110858e+00,-2.067437945750027151e+00,-7.669420896395764409e-01
1.763579372973374128e+09,-8.133298503587883810e-03,-3.732788250291730336e-01,7.126000791276777546e-01,1.549967133215797155e+00,-2.068057163436729518e+00,-7.716317993644780104e-01
1.763579372987062931e+09,-8.596618470789312363e-03,-3.737270123923160936e-01,7.145698323597523549e-01,1.551939732595374544e+00,-2.068589528650309983e+00,-7.763219784774032517e-01
1.763579373000751972e+09,-8.971936059434902980e-03,-3.741812064645338443e-01,7.165410782060402939e-01,1.553917480327965839e+00,-2.069020914152044810e+00,-7.809447273199847661e-01
1.763579373014440775e+09,-9.267526800345723612e-03,-3.746375486500107543e-01,7.185022511850189808e-01,1.555832957168623132e+00,-2.069338639055505080e+00,-7.854232984974612863e-01
1.763579373028129816e+09,-9.490927596224468799e-03,-3.750924720026539982e-01,7.204415094638201289e-01,1.557619597820824264e+00,-2.069529936725384989e+00,-7.896833178845782397e-01
1.763579373041818619e+09,-9.648847128445180166e-03,-3.755433352840859551e-01,7.223390143351006154e-01,1.559221220601623381e+00,-2.069579952232020847e+00,-7.936571360738873260e-01
1.763579373055507421e+09,-9.746241479238951580e-03,-3.759890173588023021e-01,7.241651286469853455e-01,1.560596522047434487e+00,-2.069471884719463084e+00,-7.972889217105209037e-01
1.763579373069196463e+09,-9.788115426442953876e-03,-3.764283612833478343e-01,7.258895816827642955e-01,1.561703547731381647e+00,-2.069188068519305368e+00,-8.005220586337497002e-01
1.763579373082885265e+09,-9.779574940015463985e-03,-3.768603816784386606e-01,7.274840731148121131e-01,1.562505122252338507e+00,-2.068714941781432337e+00,-8.033035054487275284e-01
1.763579373096574306e+09,-9.727030186791477476e-03,-3.772848130326482141e-01,7.289339408613769722e-01,1.562987987966183656e+00,-2.068062000833592151e+00,-8.055977103815247231e-01
1.763579373110263109e+09,-9.637634201914825963e-03,-3.777018314861502746e-01,7.302327195270198468e-01,1.563154173023965310e+00,-2.067253297433222947e+00,-8.073803014563284419e-01
1.763579373123951912e+09,-9.518486992784614548e-03,-3.781115941138906700e-01,7.313732490985163093e-01,1.563004312948822250e+00,-2.066311502581008597e+00,-8.086256708173853447e-01
1.763579373137640953e+09,-9.376805268766752119e-03,-3.785139259560260094e-01,7.323553652593748353e-01,1.562544064693473622e+00,-2.065268780331171339e+00,-8.093267199846421178e-01
1.763579373151329756e+09,-9.220000266951865892e-03,-3.789074765035939096e-01,7.331987982278080906e-01,1.561791410537346936e+00,-2.064184219941255449e+00,-8.095308869275390506e-01
1.763579373165018797e+09,-9.055610625915592321e-03,-3.792907285541815554e-01,7.339280397247245347e-01,1.560767683170190878e+00,-2.063122624704228247e+00,-8.092980729382307503e-01
1.763579373178707600e+09,-8.891101551407735656e-03,-3.796620921139018390e-01,7.345672689798606880e-01,1.559493760000683071e+00,-2.062149072496302971e+00,-8.086877644099706997e-01
1.763579373192396402e+09,-8.736453415774647277e-03,-3.800212998214236304e-01,7.351493796638285394e-01,1.558004869068311482e+00,-2.061323069846309863e+00,-8.077753000444962694e-01
1.763579373206085443e+09,-8.604556222985443661e-03,-3.803695827145870956e-01,7.357175853595879778e-01,1.556352904265988268e+00,-2.060698196676160165e+00,-8.066551221570669172e-01
1.763579373219774246e+09,-8.508678488246742069e-03,-3.807083317715529436e-01,7.363160572415095029e-01,1.554591763094401280e+00,-2.060327068546437435e+00,-8.054233740604296310e-01
1.763579373233463287e+09,-8.461781173050448787e-03,-3.810390295416006823e-01,7.369878036213574068e-01,1.552776382842973479e+00,-2.060258250207156028e+00,-8.041731528814147767e-01
1.763579373247152090e+09,-8.476755315660900944e-03,-3.813644663606884366e-01,7.377688244482245583e-01,1.550978439186693869e+00,-2.060503039089027322e+00,-8.029762252331721362e-01
1.763579373260840893e+09,-8.565470161027695026e-03,-3.816879827778497103e-01,7.386899962848989531e-01,1.549277301303721766e+00,-2.061051379053044030e+00,-8.018906443530524619e-01
1.763579373274529934e+09,-8.741051804718897103e-03,-3.820131364561091258e-01,7.397839351023312027e-01,1.547753575212633015e+00,-2.061895128327031035e+00,-8.009770492217569426e-01
1.763579373288218737e+09,-9.008662435607243599e-03,-3.823419960342862023e-01,7.410732101625707724e-01,1.546479469171735177e+00,-2.063017177967488625e+00,-8.002826915410434783e-01
1.763579373301907778e+09,-9.358000202092318573e-03,-3.826737374460398855e-01,7.425615524956672431e-01,1.545510540163970381e+00,-2.064384649501935787e+00,-7.998302780032678916e-01
1.763579373315596581e+09,-9.774206369922560159e-03,-3.830066786833732362e-01,7.442468240676021196e-01,1.544897349901665384e+00,-2.065959426942304500e+00,-7.996345688039543376e-01
1.763579373329285383e+09,-1.024351648875104423e-02,-3.833393592268753980e-01,7.461278997251661327e-01,1.544690328318952810e+00,-2.067704498461294449e+00,-7.997108969774563425e-01
1.763579373342974424e+09,-1.075499329694006023e-02,-3.836712736706605065e-01,7.481951283643345496e-01,1.544912536621047217e+00,-2.069575075344057602e+00,-8.000398049345956997e-01
1.763579373356663227e+09,-1.130159570480288728e-02,-3.840030588233467879e-01,7.504304282916461899e-01,1.545557237037707532e+00,-2.071519439897271386e+00,-8.005656954245252699e-01
1.763579373370352268e+09,-1.187616795576071360e-02,-3.843353745418078282e-01,7.528160145820826932e-01,1.546619007843079707e+00,-2.073485388153509135e+00,-8.012332049303544368e-01
1.763579373384041071e+09,-1.247157095424204602e-02,-3.846687563221491413e-01,7.553319298332936693e-01,1.548084356287741103e+00,-2.075422400641801612e+00,-8.019833628675919757e-01
1.763579373397729874e+09,-1.307986620776414866e-02,-3.850031151028920351e-01,7.579511408465271494e-01,1.549912488022673340e+00,-2.077287820192995405e+00,-8.027480911162508947e-01
1.763579373411418915e+09,-1.369283667952830331e-02,-3.853380520171170165e-01,7.606427548428317253e-01,1.552047645913391394e+00,-2.079043004891837576e+00,-8.034538447391689209e-01
1.763579373425107718e+09,-1.430221937568585885e-02,-3.856731878807269087e-01,7.633762001670965081e-01,1.554435940537492344e+00,-2.080648688964753745e+00,-8.040277939027801191e-01
1.763579373438796759e+09,-1.490109411087118391e-02,-3.860079308870738024e-01,7.661228090108542776e-01,1.557019649511422132e+00,-2.082072248051495489e+00,-8.044021633529374604e-01
1.763579373452485561e+09,-1.548547162694625945e-02,-3.863411762756182033e-01,7.688583848433966361e-01,1.559734775322229039e+00,-2.083295070628998769e+00,-8.045217710787913035e-01
1.763579373466174364e+09,-1.605180514926234092e-02,-3.866717893110772630e-01,7.715594673590147057e-01,1.562516425465268588e+00,-2.084300785037684456e+00,-8.043332648587373512e-01
1.763579373479863405e+09,-1.659659794348937109e-02,-3.869986816652832284e-01,7.742027376730438171e-01,1.565300007176439356e+00,-2.085073409613245055e+00,-8.037838939856455367e-01
1.763579373493552208e+09,-1.711691441689840512e-02,-3.873227810683471106e-01,7.767677432676439730e-01,1.568031645608117364e+00,-2.085608876352176733e+00,-8.028387456572517733e-01
1.763579373507241249e+09,-1.761046261202450433e-02,-3.876469648772675747e-01,7.792370462903308592e-01,1.570667860108442282e+00,-2.085914490225592388e+00,-8.014798624369189328e-01
1.763579373520930052e+09,-1.807490779499983449e-02,-3.879741593379493758e-01,7.815931686037280723e-01,1.573165362741538953e+00,-2.085998029047722913e+00,-7.996899830477406379e-01
1.763579373534618855e+09,-1.850810846206554089e-02,-3.883072834374323712e-01,7.838211016165252953e-01,1.575485304488194904e+00,-2.085870766998690229e+00,-7.974541316171945837e-01
1.763579373548307896e+09,-1.890847146909838128e-02,-3.886491972986185761e-01,7.859194584375140957e-01,1.577613029430738001e+00,-2.085565189661815921e+00,-7.947710865138082337e-01
1.763579373561996698e+09,-1.927487014561107131e-02,-3.890026429782104112e-01,7.878927457737598949e-01,1.579544881038932091e+00,-2.085122478078945463e+00,-7.916455987011565831e-01
1.763579373575685740e+09,-1.960584427657383402e-02,-3.893704843063111598e-01,7.897449659568198665e-01,1.581275570518937856e+00,-2.084583667947799146e+00,-7.880818428733127323e-01
1.763579373589374542e+09,-1.990276331335731272e-02,-3.897548475207052721e-01,7.914835496700591833e-01,1.582811197555491711e+00,-2.083988452957681758e+00,-7.840858753650548074e-01
1.763579373603063345e+09,-2.017169756339406983e-02,-3.901567348805454749e-01,7.931215005955650765e-01,1.584176265011103091e+00,-2.083373716081899030e+00,-7.796659053089195490e-01
1.763579373616752386e+09,-2.041978322883730712e-02,-3.905768731522878401e-01,7.946732009485143466e-01,1.585399661646166081e+00,-2.082775892431249165e+00,-7.748307906621815233e-01
1.763579373630441189e+09,-2.065378224288796222e-02,-3.910160273113889029e-01,7.961525784734323485e-01,1.586508563538602923e+00,-2.082231613289114325e+00,-7.695907952109175554e-01
1.763579373644129992e+09,-2.087871227219955175e-02,-3.914747239133330448e-01,7.975742489144385106e-01,1.587523589948343750e+00,-2.081780561508292493e+00,-7.639748816457956337e-01
1.763579373657819033e+09,-2.109773985908968558e-02,-3.919533517570531478e-01,7.989528014532909506e-01,1.588457514147902483e+00,-2.081464893558798490e+00,-7.580301644555204055e-01
1.763579373671507835e+09,-2.131419991657925242e-02,-3.924522263032296232e-01,8.003031129678378486e-01,1.589324634784224255e+00,-2.081327075081994327e+00,-7.518019407802135623e-01
1.763579373685196877e+09,-2.153079376935405909e-02,-3.929719432979731364e-01,8.016385686567060187e-01,1.590132958071684532e+00,-2.081407931850042470e+00,-7.453446833182320042e-01
1.763579373698885679e+09,-2.174824983452751728e-02,-3.935139899551932663e-01,8.029671931192716716e-01,1.590871435854175786e+00,-2.081742752702510746e+00,-7.387419611491923277e-01
1.763579373712574482e+09,-2.196648856358874788e-02,-3.940802186235900506e-01,8.042947831144747761e-01,1.591519912095450184e+00,-2.082364211813943822e+00,-7.320907198986783548e-01
1.763579373726263523e+09,-2.218544821585696075e-02,-3.946725031029752473e-01,8.056273292796773955e-01,1.592059652747957355e+00,-2.083305374561885248e+00,-7.254858288349548268e-01
1.763579373739952326e+09,-2.241043251838207087e-02,-3.952890106969364492e-01,8.069766805640211649e-01,1.592475755713545826e+00,-2.084588489286490098e+00,-7.190092615284816580e-01
1.763579373753641367e+09,-2.265692115942588222e-02,-3.959210222886251906e-01,8.083661515618200122e-01,1.592762871039289152e+00,-2.086215410005939130e+00,-7.127140639390554533e-01
1.763579373767330170e+09,-2.294141745402475743e-02,-3.965590733872204621e-01,8.098201280137184987e-01,1.592916188928925170e+00,-2.088186063651675806e+00,-7.066515278683482837e-01
1.763579373781018972e+09,-2.327981979972874177e-02,-3.971939993409784320e-01,8.113619723736055223e-01,1.592932318182639362e+00,-2.090497568971114717e+00,-7.008699597018329674e-01
1.763579373794708014e+09,-2.367781722205586706e-02,-3.978216192142962626e-01,8.129983666362680106e-01,1.592822081095569775e+00,-2.093115033633139443e+00,-6.953925756198485741e-01
1.763579373808396816e+09,-2.413299210754455901e-02,-3.984416424982925031e-01,8.147226233973650089e-01,1.592607914115735657e+00,-2.095977365642557988e+00,-6.902222979958209104e-01
1.763579373822085857e+09,-2.464305707648331567e-02,-3.990537683048415163e-01,8.165283378628890310e-01,1.592312074774306918e+00,-2.099023987110328004e+00,-6.853620172398207089e-01
1.763579373835774660e+09,-2.520487433324146778e-02,-3.996579940081220195e-01,8.184081203208241062e-01,1.591961162320803425e+00,-2.102190871199461686e+00,-6.808018755789456700e-01
1.763579373849463463e+09,-2.581267401786450574e-02,-4.002552612614791450e-01,8.203522561498632903e-01,1.591599926914489371e+00,-2.105401212264850663e+00,-6.764760372085200091e-01
1.763579373863152504e+09,-2.645969465038065099e-02,-4.008469832722512116e-01,8.223501441074833052e-01,1.591278538617170613e+00,-2.108575074953913386e+00,-6.723015446503424197e-01
1.763579373876841307e+09,-2.713934413505401239e-02,-4.014343116982442283e-01,8.243911902714333717e-01,1.591047511870887110e+00,-2.111631034158995224e+00,-6.681953816513293010e-01
1.763579373890530348e+09,-2.784368800937797248e-02,-4.020209648054179907e-01,8.264635629598396926e-01,1.590951867643023210e+00,-2.114502655498634365e+00,-6.640818881022816367e-01
1.763579373904219151e+09,-2.856320580585327076e-02,-4.026142491124050093e-01,8.285531012238281923e-01,1.591028736624012563e+00,-2.117143636413951757e+00,-6.598961233449374131e-01
1.763579373917907953e+09,-2.928769391837158023e-02,-4.032220993454207481e-01,8.306455753395186603e-01,1.591313902896573707e+00,-2.119512036010246625e+00,-6.555754971988086988e-01
1.763579373931596994e+09,-3.000685917416171661e-02,-4.038520321191287343e-01,8.327276905722174050e-01,1.591842365505183654e+00,-2.121567190441758122e+00,-6.510614861398744679e-01
1.763579373945285797e+09,-3.069960199769659545e-02,-4.045080647737563373e-01,8.347987683189139752e-01,1.592637654571106287e+00,-2.123303876907363552e+00,-6.463594989335147423e-01
1.763579373958974838e+09,-3.133904024857613740e-02,-4.051913637392947631e-01,8.368679771118153754e-01,1.593713570025917070e+00,-2.124742306140300574e+00,-6.415232379220706660e-01
1.763579373972663641e+09,-3.189589676541722957e-02,-4.059033957012405658e-01,8.389438373130997384e-01,1.595085861127041316e+00,-2.125902528716469675e+00,-6.366035773715402746e-01
1.763579373986352444e+09,-3.235385647849266244e-02,-4.066443022883417524e-01,8.410365628415070738e-01,1.596760371437935033e+00,-2.126803257908942868e+00,-6.316632075057517781e-01
1.763579374000041485e+09,-3.273066655301595101e-02,-4.074111413840132423e-01,8.431593307279702243e-01,1.598718198614412778e+00,-2.127457022984280854e+00,-6.267905797150492564e-01
1.763579374013730288e+09,-3.305745855664835725e-02,-4.081995832524109580e-01,8.453266371725385309e-01,1.600930267105776794e+00,-2.127874417204083102e+00,-6.220858862275780998e-01
1.763579374027419329e+09,-3.336295183517662410e-02,-4.090056093151989702e-01,8.475527864059042571e-01,1.603369530852216673e+00,-2.128066279317518017e+00,-6.176463482352598788e-01
1.763579374041108131e+09,-3.367324385536336201e-02,-4.098224065813929062e-01,8.498531996539823163e-01,1.606006895028079695e+00,-2.128047258084639015e+00,-6.135709802106839028e-01
1.763579374054796934e+09,-3.400745517712969873e-02,-4.106393748019407375e-01,8.522447776452856116e-01,1.608812901126788653e+00,-2.127837909686442597e+00,-6.099563214687190316e-01
1.763579374068485975e+09,-3.438500020309739197e-02,-4.114456546015635707e-01,8.547447112536022962e-01,1.611757570190537114e+00,-2.127459180628173296e+00,-6.069006257657072467e-01
1.763579374082174778e+09,-3.482363826041390276e-02,-4.122303159695013264e-01,8.573692339776745053e-01,1.614811870047569098e+00,-2.126931474073368022e+00,-6.044946229870280519e-01
1.763579374095863819e+09,-3.533213288838131516e-02,-4.129828527876939770e-01,8.601287360262530601e-01,1.617953967334456733e+00,-2.126269783812849479e+00,-6.027753207283279568e-01
1.763579374109552622e+09,-3.591270418812106402e-02,-4.136929123411033360e-01,8.630292365238648733e-01,1.621166731611647149e+00,-2.125485545478198901e+00,-6.017425539573878490e-01
1.763579374123241425e+09,-3.656807843190157392e-02,-4.143501179629207609e-01,8.660772388969630864e-01,1.624432915587837867e+00,-2.124590312768474654e+00,-6.013985055809880631e-01
1.763579374136930466e+09,-3.729778605500498612e-02,-4.149474460226301731e-01,8.692735831347482289e-01,1.627734991821280897e+00,-2.123595446044579393e+00,-6.017231580787615330e-01
1.763579374150619268e+09,-3.809211348035863864e-02,-4.154887576110682934e-01,8.726011103933114521e-01,1.631053643524051910e+00,-2.122511715040580782e+00,-6.026279236769134240e-01
1.763579374164308310e+09,-3.893872484211805679e-02,-4.159807715631416714e-01,8.760381926628159066e-01,1.634369396396322394e+00,-2.121350132583857295e+00,-6.040076282471912306e-01
1.763579374177997112e+09,-3.982569733615847624e-02,-4.164298929359641077e-01,8.795634760158173027e-01,1.637662600402490787e+00,-2.120121272151064051e+00,-6.057572520305988251e-01
1.763579374191685915e+09,-4.073169334340025899e-02,-4.168475111967392954e-01,8.831464931830432796e-01,1.640912439509680798e+00,-2.118846939815890007e+00,-6.077724704957198076e-01
1.763579374205374956e+09,-4.162373926832290544e-02,-4.172509474623695702e-01,8.867455690799854739e-01,1.644096450978630664e+00,-2.117562752722145003e+00,-6.099498163814971452e-01
1.763579374219063759e+09,-4.246769955151293713e-02,-4.176582336994374978e-01,8.903175439072718023e-01,1.647191851988415445e+00,-2.116305826780866539e+00,-6.121856466080842774e-01
1.763579374232752800e+09,-4.323177861381986148e-02,-4.180868752033948810e-01,8.938210583306167578e-01,1.650176140917932077e+00,-2.115110429439296613e+00,-6.143789624174709196e-01
1.763579374246441603e+09,-4.390423831518926179e-02,-4.185517386799510464e-01,8.972249281807815890e-01,1.653027469388682613e+00,-2.113988662251411466e+00,-6.164468624951175979e-01
1.763579374260130405e+09,-4.448612821831642028e-02,-4.190654540284456386e-01,9.005057164601024677e-01,1.655724458350603445e+00,-2.112937592581959567e+00,-6.183204674609283913e-01
1.763579374273819447e+09,-4.497755616389617628e-02,-4.196414620272754803e-01,9.036383633479528887e-01,1.658246008671494742e+00,-2.111956453041198500e+00,-6.199267964626506977e-01
1.763579374287508249e+09,-4.538186199959585998e-02,-4.202891668704556993e-01,9.066052174204169978e-01,1.660568831275744950e+00,-2.111034927221361102e+00,-6.212136445919533845e-01
1.763579374301197290e+09,-4.570902228470581641e-02,-4.210095480715027039e-01,9.094045977649989343e-01,1.662664756910154251e+00,-2.110142803335190997e+00,-6.221729239208576567e-01
1.763579374314886093e+09,-4.597094617756773000e-02,-4.218004177161693846e-01,9.120404466700627877e-01,1.664504091117251061e+00,-2.109242777301564509e+00,-6.228128820388812992e-01
1.763579374328574896e+09,-4.617918713217255416e-02,-4.226602515827124762e-01,9.145157472142191324e-01,1.666057712903485699e+00,-2.108299146458366913e+00,-6.231385480142790367e-01
1.763579374342263937e+09,-4.632872511235379409e-02,-4.235822306765492651e-01,9.168438776548338831e-01,1.667312675458863191e+00,-2.107278384788179970e+00,-6.231905357906104559e-01
1.763579374355952740e+09,-4.639451874294642925e-02,-4.245536909132868741e-01,9.190499103332578912e-01,1.668276708380219686e+00,-2.106151887243409959e+00,-6.230493488347232933e-01
1.763579374369641781e+09,-4.634986522814282112e-02,-4.255615677699848831e-01,9.211596401707081716e-01,1.668958055836740284e+00,-2.104890312596279234e+00,-6.227985070736810069e-01
1.763579374383330584e+09,-4.617327876334374748e-02,-4.265935166258834066e-01,9.231988381518637654e-01,1.669365838642081767e+00,-2.103467025907365340e+00,-6.225160365815494146e-01
1.763579374397019386e+09,-4.587297475922393758e-02,-4.276417758227570309e-01,9.251927384198171955e-01,1.669510440751299285e+00,-2.101866759355041303e+00,-6.222474751010219629e-01
1.763579374410708427e+09,-4.547462941359032423e-02,-4.287012658430655598e-01,9.271663244244998658e-01,1.669403394637038796e+00,-2.100081428569269271e+00,-6.220193652561538666e-01
1.763579374424397230e+09,-4.500241873277193577e-02,-4.297665701816273942e-01,9.291445273352770817e-01,1.669056025896676676e+00,-2.098102127898049396e+00,-6.218600182988333058e-01
1.763579374438086271e+09,-4.447842657638984704e-02,-4.308351689762530690e-01,9.311485823384084703e-01,1.668481070361819807e+00,-2.095932521527538839e+00,-6.217914814468465945e-01
1.763579374451775074e+09,-4.391663340431511964e-02,-4.319113650470643995e-01,9.331897371311230760e-01,1.667694515637618613e+00,-2.093607935821218735e+00,-6.218228986334349839e-01
1.763579374465463877e+09,-4.332977350445922637e-02,-4.330006580956438089e-01,9.352775780327972077e-01,1.666713116537797967e+00,-2.091169044011223832e+00,-6.219606950688592040e-01
1.763579374479152918e+09,-4.273043195910069397e-02,-4.341085891763467597e-01,9.374216318561300332e-01,1.665553618820141191e+00,-2.088656691877828653e+00,-6.222113368834586433e-01
1.763579374492841721e+09,-4.212520490346521873e-02,-4.352381817971334721e-01,9.396266604684064827e-01,1.664242085957374329e+00,-2.086113494905080579e+00,-6.225717764413050137e-01
1.763579374506530523e+09,-4.151428472290239619e-02,-4.363900757106994877e-01,9.418926580507670510e-01,1.662814072714033475e+00,-2.083583934790627090e+00,-6.230292441750401311e-01
1.763579374520219564e+09,-4.089763912932393997e-02,-4.375647516281169769e-01,9.442194171165028127e-01,1.661305584420831094e+00,-2.081112544501075856e+00,-6.235704324286003297e-01
1.763579374533908367e+09,-4.027664407783581452e-02,-4.387624102039668350e-01,9.466073915892244672e-01,1.659751121583842082e+00,-2.078740920635564926e+00,-6.241826317869437757e-01
1.763579374547597408e+09,-3.966359827584400172e-02,-4.399816903739178775e-01,9.490633367775564988e-01,1.658173502483998529e+00,-2.076490195634243197e+00,-6.248574215067859150e-01
1.763579374561286211e+09,-3.907565898533434806e-02,-4.412203079353252955e-01,9.515965506499201032e-01,1.656590145686131388e+00,-2.074370654969876604e+00,-6.255883772597032877e-01
1.763579374574975014e+09,-3.853048908941004991e-02,-4.424761501297402866e-01,9.542167582294854844e-01,1.655018381375268133e+00,-2.072394418114523962e+00,-6.263691572890811576e-01
1.763579374588664055e+09,-3.804053545770573475e-02,-4.437463773068195394e-01,9.569310899923394453e-01,1.653477636385901395e+00,-2.070562890842654991e+00,-6.271925295262488209e-01
1.763579374602352858e+09,-3.760786216576441493e-02,-4.450265859829825588e-01,9.597417811526974818e-01,1.651992401918353170e+00,-2.068858094735300579e+00,-6.280496321523527659e-01
1.763579374616041899e+09,-3.723178092190625177e-02,-4.463121837231706635e-01,9.626495914758710359e-01,1.650587871406862694e+00,-2.067256287244417567e+00,-6.289309432770420205e-01
1.763579374629730701e+09,-3.691221158970929561e-02,-4.475985939718879481e-01,9.656553266100836863e-01,1.649288769216297634e+00,-2.065735169723437181e+00,-6.298270742354483698e-01
1.763579374643419504e+09,-3.665206961629254023e-02,-4.488859853121225374e-01,9.687480114606948911e-01,1.648099698268844726e+00,-2.064273350244202110e+00,-6.307211327586176308e-01
1.763579374657108545e+09,-3.645785780302492757e-02,-4.501794453857547729e-01,9.719046237407565902e-01,1.647003079960196237e+00,-2.062851872244935159e+00,-6.315891198201215584e-01
1.763579374670797348e+09,-3.633624589821995293e-02,-4.514842326523071936e-01,9.751012727338589370e-01,1.645981611781487386e+00,-2.061451497216414186e+00,-6.324059487542340596e-01
1.763579374684486389e+09,-3.629303474496423793e-02,-4.528050298908827820e-01,9.783160212307373538e-01,1.645014912145171371e+00,-2.060053910863512527e+00,-6.331504019228096913e-01
1.763579374698175192e+09,-3.632981732551979898e-02,-4.541431185947984450e-01,9.815348857619745626e-01,1.644073560169206027e+00,-2.058644646914040255e+00,-6.338168310859949584e-01
1.763579374711863995e+09,-3.644598834584709263e-02,-4.554981103149361998e-01,9.847484437092925980e-01,1.643122620593161498e+00,-2.057211037784214547e+00,-6.344084280371624640e-01
1.763579374725553036e+09,-3.664118450994072185e-02,-4.568698226283331443e-01,9.879466862186498943e-01,1.642127917065233422e+00,-2.055740455350644424e+00,-6.349270143033486358e-01
1.763579374739241838e+09,-3.691238816435338244e-02,-4.582571916502862219e-01,9.911237996126790462e-01,1.641060628816071398e+00,-2.054208015951440647e+00,-6.353904249655918379e-01
1.763579374752930880e+09,-3.725094957600796203e-02,-4.596577470014163724e-01,9.942830963585425064e-01,1.639905131444582498e+00,-2.052561005732037369e+00,-6.358505675169682236e-01
1.763579374766619682e+09,-3.764725938170382369e-02,-4.610686642510316569e-01,9.974289844709717245e-01,1.638647702354883107e+00,-2.050743225115928769e+00,-6.363641718324176688e-01
1.763579374780308485e+09,-3.809054208285370113e-02,-4.624869967087032463e-01,1.000566299514543234e+00,1.637276292608549122e+00,-2.048698743740954065e+00,-6.369888853519194427e-01
1.763579374793997526e+09,-3.854415499563017961e-02,-4.639058042105108637e-01,1.003704035757642776e+00,1.635814101549005750e+00,-2.046388242840407656e+00,-6.377952477760562289e-01
1.763579374807686329e+09,-3.894778794409504280e-02,-4.653142952739904303e-01,1.006854971812958466e+00,1.634316595756159840e+00,-2.043787211724501951e+00,-6.388658081236053832e-01
1.763579374821375370e+09,-3.924079944490917182e-02,-4.667018940865571563e-01,1.010032083395607572e+00,1.632839635528519073e+00,-2.040871021214629266e+00,-6.402836688485100680e-01
1.763579374835064173e+09,-3.937012808879601644e-02,-4.680596362227569807e-01,1.013245561970800512e+00,1.631434936817541814e+00,-2.037624718124543044e+00,-6.421188496670731105e-01
1.763579374848752975e+09,-3.932132472172979176e-02,-4.693897300562212549e-01,1.016491958338803459e+00,1.630131636100442316e+00,-2.034075366902844184e+00,-6.443822763405012699e-01
1.763579374862442017e+09,-3.909419897659268534e-02,-4.706968136018511717e-01,1.019763369932258579e+00,1.628950559684697819e+00,-2.030268219452638689e+00,-6.470593502184855961e-01
1.763579374876130819e+09,-3.868763598545432031e-02,-4.719873843465423602e-01,1.023051210893853202e+00,1.627913162373965106e+00,-2.026244316990772010e+00,-6.501415860727826068e-01
1.763579374889819860e+09,-3.810201201367397622e-02,-4.732475566834500325e-01,1.026354803553022998e+00,1.627040992107280815e+00,-2.022080932748510307e+00,-6.535716048055111305e-01
1.763579374903508663e+09,-3.733802783317915347e-02,-4.744322518477690487e-01,1.029685569522398536e+00,1.626357808576308628e+00,-2.017909408146047134e+00,-6.572212682599835043e-01
1.763579374917197466e+09,-3.639763139522344398e-02,-4.754912325913158155e-01,1.033056696475115110e+00,1.625886358915855867e+00,-2.013870644088294526e+00,-6.609482690865121635e-01
1.763579374930886507e+09,-3.528466673953842281e-02,-4.763779753489780777e-01,1.036479231520373689e+00,1.625646650637616375e+00,-2.010098553705627289e+00,-6.646153779058613376e-01
1.763579374944575310e+09,-3.404867593418652721e-02,-4.770906162525777039e-01,1.039928810902863932e+00,1.625599682091612097e+00,-2.006654833726017717e+00,-6.680995197574707278e-01
1.763579374958264351e+09,-3.277410936981643014e-02,-4.776639277488025082e-01,1.043353734583578385e+00,1.625660692027467435e+00,-2.003538862265259013e+00,-6.712952375684150264e-01
1.763579374971953154e+09,-3.154716694872423954e-02,-4.781327939937398686e-01,1.046700936198590171e+00,1.625743195309627520e+00,-2.000752998737210131e+00,-6.740926944653117259e-01
1.763579374985641956e+09,-3.044275826874686536e-02,-4.785268123236949278e-01,1.049926023713092516e+00,1.625773279719198161e+00,-1.998293574122127714e+00,-6.763980504911795144e-01
1.763579374999330997e+09,-2.949829365988438507e-02,-4.788546055599864903e-01,1.053013307086021255e+00,1.625719834170277878e+00,-1.996148575455107377e+00,-6.781602308680363400e-01
1.763579375013019800e+09,-2.873509533663016688e-02,-4.791162279366685262e-01,1.055959282610280603e+00,1.625570133347355783e+00,-1.994301035266457633e+00,-6.793480131532424471e-01
1.763579375026708841e+09,-2.817696518089821481e-02,-4.793130133881314814e-01,1.058758689112700768e+00,1.625308584873604190e+00,-1.992734944803835839e+00,-6.799268134149598630e-01
1.763579375040397644e+09,-2.783239087584882948e-02,-4.794387645325141611e-01,1.061419172186376603e+00,1.624945782761837876e+00,-1.991445429164116154e+00,-6.798830464224951964e-01
1.763579375054086447e+09,-2.768632269658899414e-02,-4.794759112286630098e-01,1.063968750176407241e+00,1.624534485162246522e+00,-1.990448250157794918e+00,-6.792355364304677456e-01
1.763579375067775488e+09,-2.772142037779904561e-02,-4.794056920511800546e-01,1.066437441520135865e+00,1.624131106281139880e+00,-1.989760524044424717e+00,-6.780061627948443803e-01
1.763579375081464291e+09,-2.792014795578769137e-02,-4.792097460914844231e-01,1.068854805766966676e+00,1.623793807261439959e+00,-1.989400571680594032e+00,-6.762176365969138070e-01
1.763579375095153332e+09,-2.826646694835237283e-02,-4.788755696990763533e-01,1.071243872150278831e+00,1.623591357621776199e+00,-1.989393344712701905e+00,-6.738957390496529420e-01
1.763579375108842134e+09,-2.874517014307150647e-02,-4.783952041531133181e-01,1.073622430426524721e+00,1.623601545648683198e+00,-1.989769475425470002e+00,-6.710693721742806428e-01
1.763579375122530937e+09,-2.934113777215381635e-02,-4.777605153031689866e-01,1.076008553443202231e+00,1.623901995729212455e+00,-1.990559462961636106e+00,-6.677670777394536517e-01
1.763579375136219978e+09,-3.004061875193679565e-02,-4.769644248880489656e-01,1.078419587730839790e+00,1.624564296407313035e+00,-1.991791620989033174e+00,-6.640165648382585495e-01
1.763579375149908781e+09,-3.083611022388495562e-02,-4.760028966510603254e-01,1.080871279189135725e+00,1.625636479807292201e+00,-1.993485564515858011e+00,-6.598405409129889376e-01
1.763579375163597822e+09,-3.172141772323461978e-02,-4.748734398466670781e-01,1.083378297486712549e+00,1.627157754647994503e+00,-1.995657518382378814e+00,-6.552611044020308917e-01
1.763579375177286625e+09,-3.269096723589635239e-02,-4.735727317962464267e-01,1.085956136757047608e+00,1.629169957829046611e+00,-1.998324920884175349e+00,-6.502992527522709620e-01
1.763579375190975428e+09,-3.372868753892985932e-02,-4.721086790587354920e-01,1.088607552563067848e+00,1.631682205259257445e+00,-2.001490084523874557e+00,-6.449960121163502702e-01
1.763579375204664469e+09,-3.480393466613952713e-02,-4.705039900762784111e-01,1.091318270719117578e+00,1.634660654681362013e+00,-2.005136114016759841e+00,-6.394200158929214117e-01
1.763579375218353271e+09,-3.588435528753060322e-02,-4.687837971448958752e-01,1.094071285531578175e+00,1.638064470557100805e+00,-2.009242177336632906e+00,-6.336437192206785252e-01
1.763579375232042313e+09,-3.693981438103988157e-02,-4.669738677852674491e-01,1.096850028468554950e+00,1.641853215587338211e+00,-2.013784558395231183e+00,-6.277348003130414078e-01
1.763579375245731115e+09,-3.796567507473515291e-02,-4.651137267214822124e-01,1.099634222697809083e+00,1.645968350085028398e+00,-2.018688010616859874e+00,-6.217173544486710446e-01
1.763579375259419918e+09,-3.897423007997245781e-02,-4.632528343225320588e-01,1.102401376647980324e+00,1.650340130919129900e+00,-2.023842675945635605e+00,-6.155837135603490218e-01
1.763579375273108959e+09,-3.997849366979027569e-02,-4.614391209568222685e-01,1.105129476811195000e+00,1.654899358510844021e+00,-2.029139907999989667e+00,-6.093279046366960605e-01
1.763579375286797762e+09,-4.098501947155284292e-02,-4.597277577642948643e-01,1.107793619061169021e+00,1.659573188319330983e+00,-2.034468102288753411e+00,-6.029396538744505873e-01
1.763579375300486803e+09,-4.198368051096991460e-02,-4.581892333049293331e-01,1.110362956776255627e+00,1.664281021876376832e+00,-2.039713030692909435e+00,-5.963995951330990364e-01
1.763579375314175606e+09,-4.295778830958803945e-02,-4.569009794423926074e-01,1.112803717453971331e+00,1.668939100969156097e+00,-2.044758158251406499e+00,-5.896857775671223711e-01
1.763579375327864408e+09,-4.389228732983980336e-02,-4.559377651436231083e-01,1.115083163858485937e+00,1.673464916836928884e+00,-2.049488626047216933e+00,-5.827760508547660256e-01
1.763579375341553450e+09,-4.476221325479864954e-02,-4.553696456292102845e-01,1.117162525438021303e+00,1.677803095813815260e+00,-2.053811308188782991e+00,-5.756649887908213969e-01
1.763579375355242252e+09,-4.553203070038554928e-02,-4.552521791714704835e-01,1.118996897813243852e+00,1.681939366997675211e+00,-2.057668727959093946e+00,-5.683691169948071886e-01
1.763579375368931293e+09,-4.616365639748096217e-02,-4.556455923656506646e-01,1.120539532415062434e+00,1.685859943671848438e+00,-2.061001774533517406e+00,-5.609078525800292869e-01
1.763579375382620096e+09,-4.662851096542747209e-02,-4.565854014978485975e-01,1.121750771452769246e+00,1.689559155081093555e+00,-2.063768337432812849e+00,-5.532893870665452907e-01
1.763579375396308899e+09,-4.696368333299465875e-02,-4.579482423848758588e-01,1.122638421771956496e+00,1.693078226116628615e+00,-2.066032738167691729e+00,-5.454392324918782009e-01
1.763579375409997940e+09,-4.725152888238679655e-02,-4.594998041427166835e-01,1.123243354067934074e+00,1.696491791018943429e+00,-2.067934011272731354e+00,-5.372262593023061639e-01
1.763579375423686743e+09,-4.757167349928815431e-02,-4.610130013974969576e-01,1.123603911568683777e+00,1.699871929027128248e+00,-2.069605966386951490e+00,-5.285228274886200062e-01
1.763579375437375546e+09,-4.798403123339700649e-02,-4.622362325036066810e-01,1.123790386235925087e+00,1.703306485615232013e+00,-2.071205117833916365e+00,-5.192175836380232834e-01
1.763579375451064587e+09,-4.847373753815578667e-02,-4.628420559898882569e-01,1.123979201974750763e+00,1.706935357712649370e+00,-2.072958781492584279e+00,-5.092567585004939001e-01
1.763579375464753389e+09,-4.901013154657000298e-02,-4.624970842658350234e-01,1.124366842471831385e+00,1.710904696122711677e+00,-2.075103135441583202e+00,-4.986082217637153868e-01
1.763579375478442430e+09,-4.956133872151345654e-02,-4.608560843297624943e-01,1.125154611210755551e+00,1.715366512699453283e+00,-2.077882233745683926e+00,-4.872318319569347578e-01
1.763579375492131233e+09,-5.012904171786875668e-02,-4.579240409324767391e-01,1.126402396318440191e+00,1.720308633707806178e+00,-2.081312244560252100e+00,-4.753024521430602722e-01
1.763579375505820036e+09,-5.075381075227254624e-02,-4.541128554747023705e-01,1.128006295906064160e+00,1.725528733070362364e+00,-2.085145278868733243e+00,-4.632442461705235104e-01
1.763579375519509077e+09,-5.148006195617653435e-02,-4.498736387845757023e-01,1.129846353782413715e+00,1.730805990103794212e+00,-2.089107507778424910e+00,-4.515050638942263439e-01
1.763579375533197880e+09,-5.234705910151275787e-02,-4.456218764946032751e-01,1.131812669492634482e+00,1.735937494198361630e+00,-2.092946232970744447e+00,-4.404999384207697877e-01
1.763579375546886921e+09,-5.336393853923157571e-02,-4.415601955811286894e-01,1.133845961713116024e+00,1.740827600063021841e+00,-2.096525417853405404e+00,-4.304247035595125670e-01
1.763579375560575724e+09,-5.452033010219124731e-02,-4.377644071933078362e-01,1.135919181708139991e+00,1.745445697127330442e+00,-2.099782185247013544e+00,-4.213480323899730928e-01
1.763579375574264526e+09,-5.581025721787848809e-02,-4.343251812336536011e-01,1.137999983729691023e+00,1.749751681614780230e+00,-2.102641228868672219e+00,-4.133526974777195773e-01
1.763579375587953568e+09,-5.720550544736877768e-02,-4.312839135504846211e-01,1.140076827713617291e+00,1.753744730958755271e+00,-2.105079992530477728e+00,-4.064702772720968915e-01
1.763579375601642370e+09,-5.863542422654090952e-02,-4.286009978546896360e-01,1.142174713601692426e+00,1.757493588164844356e+00,-2.107170215196559671e+00,-4.006471268439090738e-01
1.763579375615331411e+09,-6.001715220320890526e-02,-4.262093398576461412e-01,1.144330284130100406e+00,1.761089193215856552e+00,-2.109013660632240494e+00,-3.958000237173712188e-01
1.763579375629020214e+09,-6.127163931293556909e-02,-4.240491609580464005e-01,1.146576676926325478e+00,1.764616249831611139e+00,-2.110703762146859841e+00,-3.918526152475169111e-01
1.763579375642709017e+09,-6.236512736300318938e-02,-4.220760141504715235e-01,1.148922747032583125e+00,1.768127135366645009e+00,-2.112300725054444328e+00,-3.886999598144703083e-01
1.763579375656398058e+09,-6.331925547584246750e-02,-4.202702242774403740e-01,1.151346168815033710e+00,1.771631210910632248e+00,-2.113817035010509660e+00,-3.862119835326813244e-01
1.763579375670086861e+09,-6.415501387552824397e-02,-4.186108071599320968e-01,1.153825122020755378e+00,1.775138736050309696e+00,-2.115268437798773604e+00,-3.842566183461809670e-01
1.763579375683775902e+09,-6.489894051431478739e-02,-4.170801752951192598e-01,1.156334386667037917e+00,1.778655371247362948e+00,-2.116656603335183018e+00,-3.827039639050162645e-01
1.763579375697464705e+09,-6.559317597460477545e-02,-4.156701615319650656e-01,1.158838055745699647e+00,1.782173041231428945e+00,-2.117928225022235988e+00,-3.814357279358753239e-01
1.763579375711153507e+09,-6.629014580036009241e-02,-4.143788579472990063e-01,1.161293506735773917e+00,1.785674925965472060e+00,-2.118996165895350448e+00,-3.803404210884653303e-01
1.763579375724842548e+09,-6.704140399082159085e-02,-4.132035891071923484e-01,1.163658740051133789e+00,1.789145057259029725e+00,-2.119777031324714400e+00,-3.793055040672665412e-01
1.763579375738531351e+09,-6.787683192085330885e-02,-4.121393764871760235e-01,1.165903438842891715e+00,1.792581738030536886e+00,-2.120192277223424515e+00,-3.782376658795368884e-01
1.763579375752220392e+09,-6.876858884486913848e-02,-4.111735989510104106e-01,1.168029217326213898e+00,1.796022622765430343e+00,-2.120182501583644630e+00,-3.770912306573483974e-01
1.763579375765909195e+09,-6.967954129566533705e-02,-4.102927233034776577e-01,1.170042646422999377e+00,1.799511256653472557e+00,-2.119691482938318217e+00,-3.758289635308319498e-01
1.763579375779597998e+09,-7.057224063878637932e-02,-4.094831625771152006e-01,1.171950647227251396e+00,1.803091599285692181e+00,-2.118663760492073944e+00,-3.744140174182511993e-01
1.763579375793287039e+09,-7.141981959215307207e-02,-4.087387622941145993e-01,1.173757410273791546e+00,1.806796883272054677e+00,-2.117082091629788110e+00,-3.728229859478458530e-01
1.763579375806975842e+09,-7.220521508005968425e-02,-4.080606710264316206e-01,1.175464620212060218e+00,1.810650100526443262e+00,-2.114966630868826414e+00,-3.710460418487206979e-01
1.763579375820664883e+09,-7.291188161339462459e-02,-4.074502298698352010e-01,1.177073951683297537e+00,1.814673970239683465e+00,-2.112339391824230805e+00,-3.690738165003700777e-01
1.763579375834353685e+09,-7.352502689851878048e-02,-4.069086875519328794e-01,1.178587785353062189e+00,1.818887410500170443e+00,-2.109231387695193138e+00,-3.668987377071642464e-01
1.763579375848042488e+09,-7.403935343860765239e-02,-4.064351005429627239e-01,1.180013202944393491e+00,1.823289355047871041e+00,-2.105727231484402662e+00,-3.645224033154995102e-01
1.763579375861731529e+09,-7.445415956559882364e-02,-4.060284419143320167e-01,1.181359291289841407e+00,1.827870080367953065e+00,-2.101932737746169177e+00,-3.619505529893313756e-01
1.763579375875420332e+09,-7.476764155420415059e-02,-4.056866156760442488e-01,1.182634888520916361e+00,1.832620325959058549e+00,-2.097954433180333922e+00,-3.591884428237457905e-01
1.763579375889109373e+09,-7.498485366297995280e-02,-4.054165412172121008e-01,1.183849747246165984e+00,1.837528567775834842e+00,-2.093888270162384213e+00,-3.562451812917580285e-01
1.763579375902798176e+09,-7.512109283895253287e-02,-4.052397104038388820e-01,1.185014858409330296e+00,1.842579478962721229e+00,-2.089813233382129098e+00,-3.531364728597655156e-01
1.763579375916486979e+09,-7.519448496848946117e-02,-4.051809396197435520e-01,1.186141470106651497e+00,1.847756971158549533e+00,-2.085803947187767626e+00,-3.498792629323894121e-01
1.763579375930176020e+09,-7.522286784096310353e-02,-4.052637284658050509e-01,1.187240372852089054e+00,1.853044738272057623e+00,-2.081933864280929303e+00,-3.464899412181248195e-01
1.763579375943864822e+09,-7.523830695644381783e-02,-4.055048031922254825e-01,1.188313678194163003e+00,1.858417356304587820e+00,-2.078237062324920892e+00,-3.429798463529824537e-01
1.763579375957553864e+09,-7.528381681601258035e-02,-4.059131441527900064e-01,1.189355825059935867e+00,1.863841658344789209e+00,-2.074711662680786883e+00,-3.393552972097003684e-01
1.763579375971242666e+09,-7.540397900642116513e-02,-4.064989691521928017e-01,1.190361114710883905e+00,1.869284484375412836e+00,-2.071356760152947452e+00,-3.356226772017931737e-01
1.763579375984931469e+09,-7.563580105567732637e-02,-4.072674413583600161e-01,1.191324740821655404e+00,1.874711309367899315e+00,-2.068169220085904758e+00,-3.317894954296635168e-01
1.763579375998620510e+09,-7.598982236978413241e-02,-4.082079796896596058e-01,1.192245921871474712e+00,1.880083032416696165e+00,-2.065144100017258122e+00,-3.278681609177245271e-01
1.763579376012309313e+09,-7.646357012472528025e-02,-4.093021497792043717e-01,1.193125610665602077e+00,1.885357973070665105e+00,-2.062274998459859621e+00,-3.238738104581828092e-01
1.763579376025998354e+09,-7.705675913913651032e-02,-4.105327152762062171e-01,1.193964591019299082e+00,1.890495107791241303e+00,-2.059555661787201508e+00,-3.198207421231392678e-01
1.763579376039687157e+09,-7.775139771815155199e-02,-4.118815887337996529e-01,1.194765943884059434e+00,1.895454336541282370e+00,-2.056986063269499621e+00,-3.157356267175541742e-01
1.763579376053375959e+09,-7.849664789331278758e-02,-4.133307278801485185e-01,1.195537325037099752e+00,1.900198755675033491e+00,-2.054579012616601918e+00,-3.116688023715579181e-01
1.763579376067065001e+09,-7.923760993282065457e-02,-4.148619021262337503e-01,1.196286927703132497e+00,1.904691732255030745e+00,-2.052348698544532724e+00,-3.076733752170481839e-01
1.763579376080753803e+09,-7.992050930161012645e-02,-4.164563845090671901e-01,1.197023298262230195e+00,1.908895638550913043e+00,-2.050310600957173435e+00,-3.038023213970273972e-01
1.763579376094442844e+09,-8.051728668340135675e-02,-4.180877312690990388e-01,1.197760221776134948e+00,1.912759413249094820e+00,-2.048495272506927645e+00,-3.000970936012491430e-01
1.763579376108131647e+09,-8.102133744284953365e-02,-4.197225988471725566e-01,1.198516086226643740e+00,1.916220079557198197e+00,-2.046946767918764731e+00,-2.965900503899098206e-01
1.763579376121820450e+09,-8.142631934915678382e-02,-4.213277573199388781e-01,1.199309197238002334e+00,1.919214546427542967e+00,-2.045709027693735749e+00,-2.933134419609924604e-01
1.763579376135509491e+09,-8.173012230657077104e-02,-4.228748646296268121e-01,1.200153679736206014e+00,1.921684006872918848e+00,-2.044820218339626017e+00,-2.902950057162479447e-01
1.763579376149198294e+09,-8.195123241675003611e-02,-4.243594134925849359e-01,1.201042019548763218e+00,1.923586090382581437e+00,-2.044290489943974887e+00,-2.875441667176803495e-01
1.763579376162887335e+09,-8.211387840870287835e-02,-4.257851262348970045e-01,1.201960259170723244e+00,1.924887650301971842e+00,-2.044119893382200015e+00,-2.850620821247324410e-01
1.763579376176576138e+09,-8.224385285961920145e-02,-4.271554102056291380e-01,1.202893482691395510e+00,1.925550793422041052e+00,-2.044309441718923370e+00,-2.828525164397008296e-01
1.763579376190264940e+09,-8.234836136583527366e-02,-4.284719002434806967e-01,1.203839555053166643e+00,1.925582964238033767e+00,-2.044855144189342333e+00,-2.808960231655412976e-01
1.763579376203953981e+09,-8.240848275933573830e-02,-4.297325819818854642e-01,1.204814912148305828e+00,1.925054014711168326e+00,-2.045747255830129507e+00,-2.791411275536475056e-01
1.763579376217642784e+09,-8.240062962062472129e-02,-4.309355611285893284e-01,1.205838662710297493e+00,1.924045480294690247e+00,-2.046974062589456356e+00,-2.775307591529100892e-01
1.763579376231331825e+09,-8.230272755433255816e-02,-4.320790749416442700e-01,1.206929101944829830e+00,1.922635474680305823e+00,-2.048524362121645570e+00,-2.760095409793839605e-01
1.763579376245020628e+09,-8.209624181278808719e-02,-4.331783543816570270e-01,1.208090851198635018e+00,1.920905120519990961e+00,-2.050369848861544941e+00,-2.745293175810756825e-01
1.763579376258709431e+09,-8.176835630943933564e-02,-4.342621301680446022e-01,1.209316463685209175e+00,1.918932427908776939e+00,-2.052469579795337840e+00,-2.730505806370975286e-01
1.763579376272398472e+09,-8.130413401048522393e-02,-4.353610266307738619e-01,1.210598072880759712e+00,1.916799599432740919e+00,-2.054780318527609229e+00,-2.715321468775034330e-01
1.763579376286087275e+09,-8.069802551612954844e-02,-4.364977838232271812e-01,1.211929403216277068e+00,1.914571795713998270e+00,-2.057268196344690381e+00,-2.699398158588026120e-01
1.763579376299776077e+09,-7.997373050272668649e-02,-4.376693084855905469e-01,1.213310552641646112e+00,1.912261062219941632e+00,-2.059930594615293931e+00,-2.682594281814422166e-01
1.763579376313465118e+09,-7.916947452194011969e-02,-4.388596539809737629e-01,1.214744737403499641e+00,1.909852528172931718e+00,-2.062780290180434406e+00,-2.664875317431426027e-01
1.763579376327153921e+09,-7.832110521268045855e-02,-4.400550711058324183e-01,1.216234472307525571e+00,1.907336102481613338e+00,-2.065827331535841083e+00,-2.646186965090845944e-01
1.763579376340842962e+09,-7.745936025083892396e-02,-4.412371355249394833e-01,1.217786451846044171e+00,1.904681960854077483e+00,-2.069086434507583228e+00,-2.626665701796631058e-01
1.763579376354531765e+09,-7.660317641587005566e-02,-4.423830974969567009e-01,1.219412708964746850e+00,1.901834511282979312e+00,-2.072575772226449065e+00,-2.606735492568618140e-01
1.763579376368220568e+09,-7.577140482716762659e-02,-4.434688967218722300e-01,1.221126301714539286e+00,1.898734875666457267e+00,-2.076314791047724206e+00,-2.586848173169459253e-01
1.763579376381909609e+09,-7.498021804314666805e-02,-4.444748059286103281e-01,1.222937421261086843e+00,1.895326856708059893e+00,-2.080320423809236097e+00,-2.567429779824972891e-01
1.763579376395598412e+09,-7.422859594488843971e-02,-4.454143398276038668e-01,1.224833022264688598e+00,1.891577289599774003e+00,-2.084590529527043934e+00,-2.548667170150984429e-01
1.763579376409287453e+09,-7.350328373785597336e-02,-4.463240236493949964e-01,1.226784306164856453e+00,1.887468320248898213e+00,-2.089110178447192379e+00,-2.530584716437904169e-01
1.763579376422976255e+09,-7.279172355201231348e-02,-4.472393476893921638e-01,1.228763021269422051e+00,1.882981416825512788e+00,-2.093864811419739347e+00,-2.513215303300678216e-01
1.763579376436665058e+09,-7.208153221061863736e-02,-4.481900012010869294e-01,1.230747522605880384e+00,1.878109045674478450e+00,-2.098843143523445587e+00,-2.496469058721811629e-01
1.763579376450354099e+09,-7.136295498610147059e-02,-4.491839333428800929e-01,1.232740174982168258e+00,1.872877196618512929e+00,-2.104047028062008273e+00,-2.479853026205487698e-01
1.763579376464042902e+09,-7.062645160232861041e-02,-4.502238602625435182e-01,1.234748078764923873e+00,1.867321503483664991e+00,-2.109479588576474551e+00,-2.462799239478087321e-01
1.763579376477731943e+09,-6.986277340901288213e-02,-4.513129005782454128e-01,1.236779125126088674e+00,1.861475666831633013e+00,-2.115145831315350833e+00,-2.444718213892541347e-01
1.763579376491420746e+09,-6.905561117465706944e-02,-4.524507190498476272e-01,1.238826076646207586e+00,1.855398189976942946e+00,-2.121021750110198223e+00,-2.425437512975425203e-01
1.763579376505109549e+09,-6.818001633404764672e-02,-4.536337391466319091e-01,1.240863779035237036e+00,1.849175115530806712e+00,-2.127050295975692951e+00,-2.405270095558736942e-01
1.763579376518798590e+09,-6.721026024707854596e-02,-4.548574081631652222e-01,1.242865501350083557e+00,1.842896294408258306e+00,-2.133170519034808255e+00,-2.384583582968173021e-01
1.763579376532487392e+09,-6.612443457501709920e-02,-4.561154712951782653e-01,1.244807305333175407e+00,1.836649881433284337e+00,-2.139323294956031241e+00,-2.363726597836995347e-01
1.763579376546176434e+09,-6.493362877312371106e-02,-4.573777663851222863e-01,1.246694186721587272e+00,1.830522013790489178e+00,-2.145459966816009700e+00,-2.342953273030338734e-01
1.763579376559865236e+09,-6.367068482128426798e-02,-4.586014949607168933e-01,1.248547630033889577e+00,1.824593825396654490e+00,-2.151539199495772881e+00,-2.322461047641549425e-01
1.763579376573554039e+09,-6.236612413796875642e-02,-4.597417134796094595e-01,1.250390359094358805e+00,1.818951251769486355e+00,-2.157518450853022074e+00,-2.302439093457591679e-01
1.763579376587243080e+09,-6.105885018139677739e-02,-4.607684306983308997e-01,1.252234585747523443e+00,1.813653470801911416e+00,-2.163360779854669680e+00,-2.283148293864311340e-01
1.763579376600931883e+09,-5.980527916238929931e-02,-4.616877090191947031e-01,1.254065879736378175e+00,1.808698984901034867e+00,-2.169040126946752078e+00,-2.265032872063834635e-01
1.763579376614620924e+09,-5.866812853432998992e-02,-4.625183750036812591e-01,1.255860868720303891e+00,1.804063567777127952e+00,-2.174535610044305844e+00,-2.248595938928925897e-01
1.763579376628309727e+09,-5.770860189848581873e-02,-4.632767691639557706e-01,1.257597828763791448e+00,1.799727769335681682e+00,-2.179824922638560647e+00,-2.234327612277262065e-01
1.763579376641998529e+09,-5.696725631231614601e-02,-4.639779640349620538e-01,1.259261120827660063e+00,1.795662273980026979e+00,-2.184904227340289218e+00,-2.222513480936996744e-01
1.763579376655687571e+09,-5.645403910050222213e-02,-4.646325400979972597e-01,1.260845575434753840e+00,1.791829780069461142e+00,-2.189792988296515031e+00,-2.213135409873731307e-01
1.763579376669376373e+09,-5.617886907470986957e-02,-4.652513621633675434e-01,1.262345641374061689e+00,1.788191777107781100e+00,-2.194511891551667926e+00,-2.206177699174417250e-01
1.763579376683065414e+09,-5.614614643215008749e-02,-4.658447666387326436e-01,1.263758307463612507e+00,1.784710838166507330e+00,-2.199080949675005670e+00,-2.201554818619584630e-01
1.763579376696754217e+09,-5.633540242851169805e-02,-4.664218571423682236e-01,1.265091456994555941e+00,1.781356140591134452e+00,-2.203511103280565209e+00,-2.198848785840628595e-01
1.763579376710443020e+09,-5.670966609779971856e-02,-4.669907697863510121e-01,1.266360321076891449e+00,1.778100852078387861e+00,-2.207808332545151853e+00,-2.197424357283600249e-01
1.763579376724132061e+09,-5.723359834054726758e-02,-4.675598646345162646e-01,1.267579437808576515e+00,1.774917653964556363e+00,-2.211979062330379442e+00,-2.196664809904509685e-01
1.763579376737820864e+09,-5.786251133093805316e-02,-4.681314301507385478e-01,1.268765848214761460e+00,1.771787976834123146e+00,-2.216023816775691380e+00,-2.195984254495161048e-01
1.763579376751509905e+09,-5.852855888038820814e-02,-4.686916760542076399e-01,1.269942646158100041e+00,1.768715931190492308e+00,-2.219928797395201769e+00,-2.194912981032905164e-01
1.763579376765198708e+09,-5.916008734498225119e-02,-4.692235497958087143e-01,1.271133773818258872e+00,1.765709954624221201e+00,-2.223676924000717481e+00,-2.193006088524851738e-01
1.763579376778887510e+09,-5.968513709017219532e-02,-4.697101002404794334e-01,1.272363322238188710e+00,1.762778449599070152e+00,-2.227251385637343706e+00,-2.189817236147505175e-01
1.763579376792576551e+09,-6.005600764994101226e-02,-4.701267601637552640e-01,1.273645979852081167e+00,1.759924793176088853e+00,-2.230626930450119172e+00,-2.185124324215112490e-01
1.763579376806265354e+09,-6.024928371831261148e-02,-4.704414107117176336e-01,1.274986753900116954e+00,1.757147472178845815e+00,-2.233769544147691910e+00,-2.178932782813517155e-01
1.763579376819954395e+09,-6.024334404268141124e-02,-4.706211479859083169e-01,1.276390197821176020e+00,1.754444455973964256e+00,-2.236644811038873026e+00,-2.171263801886919587e-01
1.763579376833643198e+09,-6.002065439548055076e-02,-4.706321398273355383e-01,1.277861100594335664e+00,1.751814581266507354e+00,-2.239218753364354164e+00,-2.162156716144155721e-01
1.763579376847332001e+09,-5.959313963389989421e-02,-4.704295794019503485e-01,1.279407730081586925e+00,1.749261031407745470e+00,-2.241460596779609293e+00,-2.151786251114802540e-01
1.763579376861021042e+09,-5.898808410386935375e-02,-4.699651053630100606e-01,1.281039196665497260e+00,1.746789251108787910e+00,-2.243341506811117103e+00,-2.140398234703659031e-01
1.763579376874709845e+09,-5.823070257475345540e-02,-4.691882005321177385e-01,1.282765699227334411e+00,1.744404695804505634e+00,-2.244831973406239189e+00,-2.128227413332308415e-01
1.763579376888398886e+09,-5.735649745066206950e-02,-4.680637835259620627e-01,1.284589013661455503e+00,1.742112345371850557e+00,-2.245905302365606371e+00,-2.115575314470342083e-01
1.763579376902087688e+09,-5.641952914519717671e-02,-4.665867310885301045e-01,1.286494186072271839e+00,1.739916088886318324e+00,-2.246539171506432453e+00,-2.102872267291996666e-01
1.763579376915776491e+09,-5.547947960805485468e-02,-4.647603265512175175e-01,1.288461740488380025e+00,1.737819793129285140e+00,-2.246713037886046926e+00,-2.090582725340269232e-01
1.763579376929465532e+09,-5.459428267453225042e-02,-4.625862912939774918e-01,1.290473181623543519e+00,1.735827304283658279e+00,-2.246406755900197449e+00,-2.079165008041456708e-01
1.763579376943154335e+09,-5.381637171635570566e-02,-4.600701519056152322e-01,1.292512632412097906e+00,1.733953656897762041e+00,-2.245625865538779742e+00,-2.069032807189888357e-01
1.763579376956843376e+09,-5.318906289281804395e-02,-4.572206929017045840e-01,1.294567947279317233e+00,1.732224901895223601e+00,-2.244405398729754975e+00,-2.060554372574367465e-01
1.763579376970532179e+09,-5.275756160654527377e-02,-4.540461474384251961e-01,1.296627077995067046e+00,1.730668437217141475e+00,-2.242779318054279880e+00,-2.054086536649904760e-01
1.763579376984220982e+09,-5.255883279948708742e-02,-4.505598166506116220e-01,1.298676461173276397e+00,1.729306860398914347e+00,-2.240789517624878435e+00,-2.050044524802234203e-01
1.763579376997910023e+09,-5.259863788169928667e-02,-4.467966037947809776e-01,1.300694937826607944e+00,1.728142136086808334e+00,-2.238506077098305624e+00,-2.049093557900384943e-01
1.763579377011598825e+09,-5.286515462932699777e-02,-4.428033841676400351e-01,1.302657240977345809e+00,1.727165123069154928e+00,-2.236015410426256622e+00,-2.052033733404691196e-01
1.763579377025287867e+09,-5.334897761266239186e-02,-4.386253623216543329e-01,1.304538674550837385e+00,1.726368014715479404e+00,-2.233401517604154396e+00,-2.059650178827438782e-01
1.763579377038976669e+09,-5.402710118795885780e-02,-4.343088264436211765e-01,1.306316117867075022e+00,1.725733366269907254e+00,-2.230755657128346225e+00,-2.072574627037169215e-01
1.763579377052665472e+09,-5.484978379723773334e-02,-4.298994307897054390e-01,1.307971060799591356e+00,1.725224171388178629e+00,-2.228181449438167760e+00,-2.091073949565483425e-01
1.763579377066354513e+09,-5.576385950976499306e-02,-4.254430036125942949e-01,1.309485534844254007e+00,1.724800657360682443e+00,-2.225783923021480426e+00,-2.115363170241241209e-01
1.763579377080043316e+09,-5.671734835692983367e-02,-4.209856388182661169e-01,1.310841569419019415e+00,1.724422709950021559e+00,-2.223666473001228550e+00,-2.145628686988188538e-01
1.763579377093732357e+09,-5.770069937577790992e-02,-4.165741544029659127e-01,1.312023363019297673e+00,1.724047144196830139e+00,-2.221877162513234083e+00,-2.181368607289394523e-01
1.763579377107421160e+09,-5.874311897986143893e-02,-4.122571582550365044e-01,1.313016478667704767e+00,1.723627229766381275e+00,-2.220413920782485118e+00,-2.221449311481143718e-01
1.763579377121109962e+09,-5.987451628862926201e-02,-4.080826064641275841e-01,1.313807006195330418e+00,1.723116571079703618e+00,-2.219273497563842401e+00,-2.264718893535604682e-01
1.763579377134799004e+09,-6.111527877005872716e-02,-4.040870830212732745e-01,1.314389266653815724e+00,1.722482639673453386e+00,-2.218451057403596050e+00,-2.310007556269000895e-01
1.763579377148487806e+09,-6.242757575442500761e-02,-4.002395130956173941e-01,1.314808076670408443e+00,1.721773609175436315e+00,-2.217938563462030110e+00,-2.356004775241890004e-01
1.763579377162176609e+09,-6.375180475893212073e-02,-3.964829370585092327e-01,1.315126570163265507e+00,1.721069372227738148e+00,-2.217723892903231242e+00,-2.401378529896788516e-01
1.763579377175865650e+09,-6.502703166504832100e-02,-3.927592257456226643e-01,1.315409874909212240e+00,1.720449551978965541e+00,-2.217798849398622707e+00,-2.444757185879787020e-01
1.763579377189554453e+09,-6.621108710686829379e-02,-3.890285357271909827e-01,1.315700694011713967e+00,1.719986097241646528e+00,-2.218122403082007477e+00,-2.485086442139482488e-01
1.763579377203243494e+09,-6.729358533842613732e-02,-3.852815059879627912e-01,1.316004547192152652e+00,1.719736999244389830e+00,-2.218599978732364697e+00,-2.521828422679429638e-01
1.763579377216932297e+09,-6.827126766260691038e-02,-3.815157975774448040e-01,1.316318513162113124e+00,1.719757148114691381e+00,-2.219124981425949716e+00,-2.554562021646793468e-01
1.763579377230621099e+09,-6.913986423085129174e-02,-3.777278041084439208e-01,1.316641149004647016e+00,1.720099476388238458e+00,-2.219596237134175087e+00,-2.582849134922193257e-01
1.763579377244310141e+09,-6.991009828220774713e-02,-3.739228870574636820e-01,1.316959922333321709e+00,1.720775422219172013e+00,-2.219947633952380706e+00,-2.606423286730866762e-01
1.763579377257998943e+09,-7.060315460309318780e-02,-3.701128901872309251e-01,1.317254860231633407e+00,1.721758977404691526e+00,-2.220149458769194339e+00,-2.625144756456383455e-01
1.763579377271687984e+09,-7.124178967191489853e-02,-3.663098901679934238e-01,1.317505059327925609e+00,1.723026672478045196e+00,-2.220166924839725109e+00,-2.638876114587924704e-01
1.763579377285376787e+09,-7.184157460439989651e-02,-3.625245789356731918e-01,1.317693209659429820e+00,1.724544469067415875e+00,-2.219986026465886386e+00,-2.647493365466658255e-01
1.763579377299065590e+09,-7.239468156354100792e-02,-3.587619887931187135e-01,1.317813522036578755e+00,1.726250677454179261e+00,-2.219651514647394741e+00,-2.650917498900792202e-01
1.763579377312754631e+09,-7.288314295792107378e-02,-3.550247663807168941e-01,1.317865357182991248e+00,1.728070350692335833e+00,-2.219235456243362048e+00,-2.649086007115658559e-01
1.763579377326443434e+09,-7.329030437999234371e-02,-3.513161175095262378e-01,1.317847301926776460e+00,1.729930674459480677e+00,-2.218805673938156975e+00,-2.641936259094012640e-01
1.763579377340132475e+09,-7.361352512778740476e-02,-3.476426932510478518e-01,1.317758765420939504e+00,1.731768564320477877e+00,-2.218418895219177234e+00,-2.629228362232869376e-01
1.763579377353821278e+09,-7.387690640457841851e-02,-3.440186783789758729e-01,1.317599649104113313e+00,1.733541335355942792e+00,-2.218106416416330884e+00,-2.610407369880950457e-01
1.763579377367510080e+09,-7.410668051801322376e-02,-3.404585383134879351e-01,1.317370021825784221e+00,1.735207558172128461e+00,-2.217898102755643475e+00,-2.584889241615157540e-01
1.763579377381199121e+09,-7.432828143462853754e-02,-3.369777061896889192e-01,1.317069903162095601e+00,1.736727950185100955e+00,-2.217823523934287167e+00,-2.552109933763433425e-01
1.763579377394887924e+09,-7.454975037882244360e-02,-3.336006035255322244e-01,1.316699489363328368e+00,1.738081361266958114e+00,-2.217918888082105688e+00,-2.511824893651904977e-01
1.763579377408576965e+09,-7.476640708055112827e-02,-3.303585642462590899e-01,1.316258918068693662e+00,1.739261083321409052e+00,-2.218224786075249533e+00,-2.464028141719282194e-01
1.763579377422265768e+09,-7.497352920935301812e-02,-3.272829215749657461e-01,1.315748485532008738e+00,1.740260092303383521e+00,-2.218782022442857826e+00,-2.408710104283433018e-01
1.763579377435954571e+09,-7.515323786382434312e-02,-3.243953401701099581e-01,1.315173465134738207e+00,1.741084815120337304e+00,-2.219636469114956157e+00,-2.346027589466804508e-01
1.763579377449643612e+09,-7.523016873520675663e-02,-3.216753005912199037e-01,1.314562214364074055e+00,1.741798620560764954e+00,-2.220858322658971762e+00,-2.276787816613452808e-01
1.763579377463332415e+09,-7.511413418105473971e-02,-3.190909530434831165e-01,1.313948471833920717e+00,1.742480319577386805e+00,-2.222522464066154946e+00,-2.202026350630113816e-01
1.763579377477021456e+09,-7.471185071770589103e-02,-3.166088898449548328e-01,1.313367906616429659e+00,1.743210813330516418e+00,-2.224707122181893038e+00,-2.122735891839915290e-01
1.763579377490710258e+09,-7.397108404122075542e-02,-3.142173722406014225e-01,1.312830447816595525e+00,1.744041340540309681e+00,-2.227450450378320568e+00,-2.040289627002652428e-01
1.763579377504399061e+09,-7.289471969407342045e-02,-3.119344410681418323e-01,1.312310764274620789e+00,1.744982942994355302e+00,-2.230736788266773019e+00,-1.956563413076947422e-01
1.763579377518088102e+09,-7.149549502999076600e-02,-3.097826862743331411e-01,1.311777822951266881e+00,1.746039757963051109e+00,-2.234541330976664408e+00,-1.873514386989265645e-01
1.763579377531776905e+09,-6.978821252768739603e-02,-3.077815885496467119e-01,1.311202754569359197e+00,1.747215902001928001e+00,-2.238838997750978610e+00,-1.793035040790279810e-01
1.763579377545465946e+09,-6.784802179788800014e-02,-3.059256110571676457e-01,1.310564087134580724e+00,1.748491234748283274e+00,-2.243575169749466802e+00,-1.716470856631096276e-01
1.763579377559154749e+09,-6.579097543691872496e-02,-3.041892565578735441e-01,1.309847778746844549e+00,1.749830360553917608e+00,-2.248674981814607676e+00,-1.644732680779738276e-01
1.763579377572843552e+09,-6.373335632251300731e-02,-3.025493967305727949e-01,1.309038101036286594e+00,1.751196779472392828e+00,-2.254064243922259347e+00,-1.578785927766003516e-01
1.763579377586532593e+09,-6.178684861881954260e-02,-3.009735704290166236e-01,1.308125675307013402e+00,1.752560495314828826e+00,-2.259666819555378403e+00,-1.519368256322892463e-01
1.763579377600221395e+09,-6.004774355430748944e-02,-2.994073827277645150e-01,1.307116537345038854e+00,1.753909586158872491e+00,-2.265402342024241733e+00,-1.466681066213563756e-01
1.763579377613910437e+09,-5.860619728496697239e-02,-2.977870431576419286e-01,1.306023126788650179e+00,1.755239497641230884e+00,-2.271189161722323213e+00,-1.420690641959672096e-01
1.763579377627599239e+09,-5.755331088030370829e-02,-2.960506552776424050e-01,1.304856761562902534e+00,1.756544325988369737e+00,-2.276945571560012205e+00,-1.381410361042494650e-01
1.763579377641288042e+09,-5.695336298557807098e-02,-2.941439087822714793e-01,1.303629142288963427e+00,1.757825072202362504e+00,-2.282599449941804970e+00,-1.348748488241910404e-01
1.763579377654977083e+09,-5.682857640200618399e-02,-2.920269697778533624e-01,1.302351281479052547e+00,1.759092123370640914e+00,-2.288093868706035927e+00,-1.322502237139427383e-01
1.763579377668665886e+09,-5.719939396195416331e-02,-2.896604085467617273e-01,1.301034384265062238e+00,1.760356471097248798e+00,-2.293372308755003086e+00,-1.302457439556788110e-01
1.763579377682354927e+09,-5.807986726443536973e-02,-2.870067652210019915e-01,1.299689686862459670e+00,1.761630152703733687e+00,-2.298380006927747132e+00,-1.288387339859151381e-01
1.763579377696043730e+09,-5.944253668771556920e-02,-2.840412713298936520e-01,1.298330251681043990e+00,1.762931514649877407e+00,-2.303069168018065049e+00,-1.279977215893481068e-01
1.763579377709732533e+09,-6.122898659148529737e-02,-2.807485210113405683e-01,1.296970266524305471e+00,1.764283713839579493e+00,-2.307397946361995356e+00,-1.276846276514217171e-01
1.763579377723421574e+09,-6.338273861042013901e-02,-2.771123996714400795e-01,1.295623877626023601e+00,1.765709786769581680e+00,-2.311323877092147150e+00,-1.278619008145279179e-01
1.763579377737110376e+09,-6.583883551826517910e-02,-2.731180818103581820e-01,1.294307323265812659e+00,1.767226801737557640e+00,-2.314818980797956449e+00,-1.284813740522200709e-01
1.763579377750799417e+09,-6.850941369798710379e-02,-2.687510061748712986e-01,1.293043884476246852e+00,1.768833176018263176e+00,-2.317902157920656681e+00,-1.294609854902874779e-01
1.763579377764488220e+09,-7.130139914156749525e-02,-2.639986792343627653e-01,1.291857862151116976e+00,1.770521860210879206e+00,-2.320603029903213876e+00,-1.307111913566982586e-01
1.763579377778177023e+09,-7.412142421352797828e-02,-2.588470071222599977e-01,1.290774103202690926e+00,1.772286851174964761e+00,-2.322951152225754878e+00,-1.321421751822637880e-01
1.763579377791866064e+09,-7.689095533674090988e-02,-2.533165732439430773e-01,1.289800960507731631e+00,1.774097178205815473e+00,-2.324979016871380644e+00,-1.336746209261563401e-01
1.763579377805554867e+09,-7.954742020813974912e-02,-2.474655485446893566e-01,1.288929021434022770e+00,1.775894736341654623e+00,-2.326722140371169978e+00,-1.352404414167672764e-01
1.763579377819243908e+09,-8.202982176266912506e-02,-2.413556278221849483e-01,1.288147029670164478e+00,1.777618806235149673e+00,-2.328216578361192557e+00,-1.367726986752718643e-01
1.763579377832932711e+09,-8.427988970857770712e-02,-2.350483461723103518e-01,1.287444205692247268e+00,1.779212598903807230e+00,-2.329497781244764809e+00,-1.382068547611499942e-01
1.763579377846621513e+09,-8.625989517995655276e-02,-2.286113211025228853e-01,1.286809148783222945e+00,1.780642690596811573e+00,-2.330599312170300141e+00,-1.394975516874238375e-01
1.763579377860310555e+09,-8.794517084357432457e-02,-2.221131337842632836e-01,1.286230744066294118e+00,1.781890166040577261e+00,-2.331553173507624255e+00,-1.406105956728154194e-01
1.763579377873999357e+09,-8.930753434537114233e-02,-2.156251765353163208e-01,1.285697450345591797e+00,1.782933480055639119e+00,-2.332391903717234705e+00,-1.415100168730862584e-01
1.763579377887688398e+09,-9.033657803250097484e-02,-2.092043242443416551e-01,1.285199829399763738e+00,1.783761248373782360e+00,-2.333145442641035849e+00,-1.421671115356257786e-01
1.763579377901377201e+09,-9.105688591338059745e-02,-2.028794057248812788e-01,1.284732737167491479e+00,1.784380400171190262e+00,-2.333838838787773984e+00,-1.425662873472970105e-01
1.763579377915066004e+09,-9.150461208389218393e-02,-1.966695505779255115e-01,1.284292356853434347e+00,1.784804600830367516e+00,-2.334495213136078551e+00,-1.426968910195728635e-01
1.763579377928755045e+09,-9.171338319832202102e-02,-1.905956653109795729e-01,1.283874591471290794e+00,1.785046304989694299e+00,-2.335137922884433781e+00,-1.425474036759417917e-01
1.763579377942443848e+09,-9.172044161957904063e-02,-1.846648895215568242e-01,1.283474383253453421e+00,1.785140668828977706e+00,-2.335773199185300797e+00,-1.421281770748126227e-01
1.763579377956132889e+09,-9.156453899566119325e-02,-1.788681853342430350e-01,1.283085213988581774e+00,1.785149954796346750e+00,-2.336386382261056660e+00,-1.414757418214569462e-01
1.763579377969821692e+09,-9.128540707050211700e-02,-1.731962890396821775e-01,1.282700520228776453e+00,1.785137205689444340e+00,-2.336962133244658624e+00,-1.406275858251957167e-01
1.763579377983510494e+09,-9.092025997962056849e-02,-1.676386909997096553e-01,1.282314093030581414e+00,1.785167227929054246e+00,-2.337484590142922869e+00,-1.396217184917370180e-01
1.763579377997199535e+09,-9.049423994641458968e-02,-1.621816712795967341e-01,1.281922091691247489e+00,1.785310634262585072e+00,-2.337938192480084165e+00,-1.384953560092601621e-01
1.763579378010888338e+09,-9.002502857897859423e-02,-1.568096120697188289e-01,1.281522080007905684e+00,1.785641829625612242e+00,-2.338307198138993126e+00,-1.372856832813105776e-01
1.763579378024577141e+09,-8.953093170046742821e-02,-1.515067985556670382e-01,1.281111528923984721e+00,1.786235207421850157e+00,-2.338575846983315998e+00,-1.360298950823871922e-01
1.763579378038266182e+09,-8.903362229006379913e-02,-1.462605574421496357e-01,1.280685548994348721e+00,1.787143744396239464e+00,-2.338735390218704246e+00,-1.347575425409112126e-01
1.763579378051954985e+09,-8.856561039068051866e-02,-1.410671498137593960e-01,1.280232536075921024e+00,1.788361143761269201e+00,-2.338796078454266514e+00,-1.334773954859410361e-01
1.763579378065644026e+09,-8.816097302117899270e-02,-1.359242544389412943e-01,1.279739669065180996e+00,1.789869644701571394e+00,-2.338772309747764844e+00,-1.321939134915643410e-01
1.763579378079332829e+09,-8.785394986958773578e-02,-1.308299161039367942e-01,1.279194115784776375e+00,1.791651225064297304e+00,-2.338678438095114220e+00,-1.309116107013856278e-01
1.763579378093021631e+09,-8.766813427319700147e-02,-1.257909975550711434e-01,1.278584444807831622e+00,1.793660679174766681e+00,-2.338554527494461244e+00,-1.296194288945578532e-01
1.763579378106710672e+09,-8.761625412052813366e-02,-1.208237202933600679e-01,1.277900648087664015e+00,1.795824512992576949e+00,-2.338467033264978845e+00,-1.282902260680892637e-01
1.763579378120399475e+09,-8.771034808782952885e-02,-1.159451913174885385e-01,1.277132824897590391e+00,1.798067104325618448e+00,-2.338484394031965508e+00,-1.268958601554866505e-01
1.763579378134088516e+09,-8.796175094659967886e-02,-1.111746332853108810e-01,1.276271657761545164e+00,1.800310872065309820e+00,-2.338677153051956115e+00,-1.254071844192167218e-01
1.763579378147777319e+09,-8.837699877933952175e-02,-1.065471800582316469e-01,1.275311340314023045e+00,1.802460064372343851e+00,-2.339134695617313131e+00,-1.237878323025762978e-01
1.763579378161466122e+09,-8.896052914288979374e-02,-1.021046521522619155e-01,1.274247845834661552e+00,1.804413152074360926e+00,-2.339952146346898409e+00,-1.219987014122296543e-01
1.763579378175155163e+09,-8.971695183651731687e-02,-9.788847655361765376e-02,1.273076679411950574e+00,1.806066395107707834e+00,-2.341227575984662579e+00,-1.200001781631328396e-01
1.763579378188843966e+09,-9.065008215752877463e-02,-9.394125050971097179e-02,1.271796245702910833e+00,1.807333244169297526e+00,-2.343036045655397359e+00,-1.177569463809035877e-01
1.763579378202533007e+09,-9.176268289963608604e-02,-9.030643363968629544e-02,1.270409356352357744e+00,1.808155335070454672e+00,-2.345415190502396552e+00,-1.152405291427934797e-01
1.763579378216221809e+09,-9.305714444165961996e-02,-8.702813596247306605e-02,1.268920076588722523e+00,1.808481561209278610e+00,-2.348392970651168365e+00,-1.124242511134056627e-01
1.763579378229910612e+09,-9.453520119620388573e-02,-8.414862552611628022e-02,1.267332500807099027e+00,1.808262000431020589e+00,-2.351996752822539616e+00,-1.092824591075195334e-01
1.763579378243599653e+09,-9.618667965235827566e-02,-8.168769866200426000e-02,1.265657449390444889e+00,1.807502774874345297e+00,-2.356198015183224914e+00,-1.058114623807654836e-01
1.763579378257288456e+09,-9.798914561733143569e-02,-7.964189581463262946e-02,1.263912203364432552e+00,1.806262116702796128e+00,-2.360916092236450048e+00,-1.020303358905465113e-01
1.763579378270977497e+09,-9.992142155760139199e-02,-7.800998806296219334e-02,1.262113653544369107e+00,1.804597515853491929e+00,-2.366071680264048460e+00,-9.795548482825860992e-02
1.763579378284666300e+09,-1.019573053094578741e-01,-7.678074186443603621e-02,1.260279989443734872e+00,1.802568067915228056e+00,-2.371581306388843569e+00,-9.361437567235098012e-02
1.763579378298355103e+09,-1.040544638226072599e-01,-7.590917682534140121e-02,1.258432727929073680e+00,1.800230009147862020e+00,-2.377355492735466314e+00,-8.907088021518941301e-02
1.763579378312044144e+09,-1.061620520113804172e-01,-7.533258735570885767e-02,1.256595247038174712e+00,1.797639363494070386e+00,-2.383300508689353947e+00,-8.440794282665048387e-02
1.763579378325732946e+09,-1.082301713910360924e-01,-7.499063578315876000e-02,1.254790787667360741e+00,1.794852058308949783e+00,-2.389322971792728012e+00,-7.970638374765441625e-02
1.763579378339421988e+09,-1.102176970804169404e-01,-7.482646625534562779e-02,1.253039703025728757e+00,1.791923579028951163e+00,-2.395339443966022941e+00,-7.503477547497595934e-02
1.763579378353110790e+09,-1.121044288368137909e-01,-7.479474306602312828e-02,1.251355898866030048e+00,1.788908697764142408e+00,-2.401288488139473376e+00,-7.043157682980112633e-02
1.763579378366799593e+09,-1.138729706137733971e-01,-7.485118615707798961e-02,1.249752333428479911e+00,1.785861930681943210e+00,-2.407111919735646310e+00,-6.593137843745794369e-02
1.763579378380488634e+09,-1.155071665714900025e-01,-7.495170928241934316e-02,1.248241618236169526e+00,1.782837548537544725e+00,-2.412752671965306739e+00,-6.156789316999170675e-02
1.763579378394177437e+09,-1.170134067225240687e-01,-7.504865418834391622e-02,1.246830198866337280e+00,1.779885085608495565e+00,-2.418172997795068557e+00,-5.736661768771190995e-02
1.763579378407866478e+09,-1.184196024735976599e-01,-7.509151290075477547e-02,1.245518482620719070e+00,1.777049129036731845e+00,-2.423354212498514126e+00,-5.334438190507294342e-02
1.763579378421555281e+09,-1.197539562705682153e-01,-7.502938854553831138e-02,1.244306910428995216e+00,1.774374534860433839e+00,-2.428277525230035927e+00,-4.951822546566245209e-02
1.763579378435244083e+09,-1.210456750093431427e-01,-7.480928776821722803e-02,1.243195181619942469e+00,1.771907940625006006e+00,-2.432923785927841642e+00,-4.590498748836192855e-02
1.763579378448933125e+09,-1.223282159557546600e-01,-7.436318642725811556e-02,1.242180427614394400e+00,1.769708275468349523e+00,-2.437269108663033812e+00,-4.252225777271989582e-02
1.763579378462621927e+09,-1.236362321037785955e-01,-7.361990684901949245e-02,1.241258433958268625e+00,1.767838139857601965e+00,-2.441287750491472064e+00,-3.938800998983902485e-02
1.763579378476310968e+09,-1.250048852705683000e-01,-7.250509213398161068e-02,1.240425518544584937e+00,1.766361272402975580e+00,-2.444954125448951299e+00,-3.652008010608647631e-02
1.763579378489999771e+09,-1.264655276435525388e-01,-7.097451869573841166e-02,1.239672653697601934e+00,1.765328753669849426e+00,-2.448244022460674518e+00,-3.393594785777143824e-02
1.763579378503688574e+09,-1.280441035646860126e-01,-6.902940218380147763e-02,1.238982502851248002e+00,1.764772405960355561e+00,-2.451135616799591688e+00,-3.165248108791148679e-02
1.763579378517377615e+09,-1.297653986636971291e-01,-6.668020713002520417e-02,1.238336155302330210e+00,1.764720001929139359e+00,-2.453607846501790757e+00,-2.968610286340822579e-02
1.763579378531066418e+09,-1.316529996696470250e-01,-6.393705218575788940e-02,1.237715577994017213e+00,1.765197411294966434e+00,-2.455641652365351035e+00,-2.805141150813986531e-02
1.763579378544755459e+09,-1.337136893254405878e-01,-6.083225196752373165e-02,1.237109988748533507e+00,1.766192481483478405e+00,-2.457252336516405400e+00,-2.673193554781991277e-02
1.763579378558444262e+09,-1.359388680513739511e-01,-5.741652223973921915e-02,1.236515004482279467e+00,1.767660227069685952e+00,-2.458483876348407815e+00,-2.568544188851571916e-02
1.763579378572133064e+09,-1.383223140536634921e-01,-5.373831919359835924e-02,1.235925870812074834e+00,1.769559317842145818e+00,-2.459378423793720181e+00,-2.487109022027214275e-02
1.763579378585822105e+09,-1.408475554492819026e-01,-4.985724680972029865e-02,1.235338577153686002e+00,1.771832129591226490e+00,-2.459985329814417199e+00,-2.424297631833512850e-02
1.763579378599510908e+09,-1.434711515726901365e-01,-4.586350425087593746e-02,1.234750209586278347e+00,1.774378285930945598e+00,-2.460370798856302166e+00,-2.374420273773709608e-02
1.763579378613199949e+09,-1.461377327787763414e-01,-4.186007017230985311e-02,1.234158500617513976e+00,1.777078862451159313e+00,-2.460608872701362415e+00,-2.331248127204118420e-02
1.763579378626888752e+09,-1.487939003840071106e-01,-3.794792669117845463e-02,1.233561056498061248e+00,1.779818223018906798e+00,-2.460771938895247590e+00,-2.288669650487559423e-02
1.763579378640577555e+09,-1.513652246309710181e-01,-3.421683039949476035e-02,1.232959142589722834e+00,1.782497600239449032e+00,-2.460920935623895023e+00,-2.240642536569373289e-02
1.763579378654266596e+09,-1.537450314002745955e-01,-3.073517794926929406e-02,1.232359896045971626e+00,1.785051164092053000e+00,-2.461095019441396747e+00,-2.181428228415795839e-02
1.763579378667955399e+09,-1.558237986687840693e-01,-2.757074266183982825e-02,1.231770943994620948e+00,1.787413851790482289e+00,-2.461332737396585202e+00,-2.105256794287439087e-02
1.763579378681644440e+09,-1.574930161325770739e-01,-2.478889270142157694e-02,1.231199692848193861e+00,1.789526666706630742e+00,-2.461667966852623124e+00,-2.006626982838939297e-02
1.763579378695333242e+09,-1.586593380283495558e-01,-2.244024852621856123e-02,1.230650397004434238e+00,1.791379400823357226e+00,-2.462093703650563015e+00,-1.882660317716009640e-02
1.763579378709022045e+09,-1.592408380769953502e-01,-2.056315703166884667e-02,1.230124891647452756e+00,1.793000831301015952e+00,-2.462570643606243781e+00,-1.732530459490349423e-02
1.763579378722711086e+09,-1.591550872916532855e-01,-1.919657386370660773e-02,1.229625054131781248e+00,1.794418466935127521e+00,-2.463060412677698707e+00,-1.555336944938722279e-02
1.763579378736399889e+09,-1.583378506210685044e-01,-1.836982202183511798e-02,1.229153473968100485e+00,1.795665967533204732e+00,-2.463525670926580258e+00,-1.350148076027026141e-02
1.763579378750088930e+09,-1.567961212154528328e-01,-1.807539432396096726e-02,1.228715634463209749e+00,1.796798464435302778e+00,-2.463935922345602769e+00,-1.115446727782527965e-02
1.763579378763777733e+09,-1.545595899106059767e-01,-1.829386100438010199e-02,1.228318019009348561e+00,1.797876771015163300e+00,-2.464263810454726755e+00,-8.496948069918325297e-03
1.763579378777466536e+09,-1.516554621211698428e-01,-1.900731756786044890e-02,1.227966920384417682e+00,1.798962568044629728e+00,-2.464480280263433798e+00,-5.512020925861246465e-03
1.763579378791155577e+09,-1.481365266834883954e-01,-2.018067298961909520e-02,1.227670646023059309e+00,1.800103758248623897e+00,-2.464579713843157105e+00,-2.202619178833655194e-03
1.763579378804844379e+09,-1.440878000361751898e-01,-2.175719734004035247e-02,1.227440042553107569e+00,1.801330423061356045e+00,-2.464586360103021345e+00,1.402695726811758808e-03
1.763579378818533421e+09,-1.395991021600733184e-01,-2.367677664708004934e-02,1.227286383682364646e+00,1.802670356869772172e+00,-2.464528861207136767e+00,5.272032713810388682e-03
1.763579378832222223e+09,-1.347599673904740780e-01,-2.588097909218724929e-02,1.227219646379867912e+00,1.804148567499787248e+00,-2.464434435711881921e+00,9.371238103780153358e-03
1.763579378845911026e+09,-1.296695457744914959e-01,-2.831413942065042627e-02,1.227241716038974806e+00,1.805767505250965632e+00,-2.464328511803210109e+00,1.364531635272742127e-02
1.763579378859600067e+09,-1.244296429109899293e-01,-3.092484159653260956e-02,1.227349276877967688e+00,1.807515938345354956e+00,-2.464234428356065987e+00,1.802742642401678266e-02
1.763579378873288870e+09,-1.191449184353200325e-01,-3.365868828452124595e-02,1.227539843748212345e+00,1.809384372443950006e+00,-2.464176164424519477e+00,2.245133287357472390e-02
1.763579378886977673e+09,-1.139017310813120187e-01,-3.647834433089951200e-02,1.227807600342406325e+00,1.811355907081956262e+00,-2.464175590498066004e+00,2.684969615376453511e-02
1.763579378900666714e+09,-1.087528311137893333e-01,-3.937672147339658923e-02,1.228141424565004192e+00,1.813401599839189027e+00,-2.464251224320264999e+00,3.115456590812158005e-02
1.763579378914355516e+09,-1.037430627992421694e-01,-4.235461992251569885e-02,1.228528540033919425e+00,1.815488809189513830e+00,-2.464420672676818747e+00,3.529677314120940879e-02
1.763579378928044558e+09,-9.891641920604650473e-02,-4.541083364168956027e-02,1.228957146722721161e+00,1.817586066355019625e+00,-2.464702008464025429e+00,3.921051990503657964e-02
1.763579378941733360e+09,-9.429087993460008588e-02,-4.853586983424031109e-02,1.229422939861112507e+00,1.819661756531399721e+00,-2.465119672807966733e+00,4.286625442085150589e-02
1.763579378955422163e+09,-8.985700552564308830e-02,-5.171062433197461811e-02,1.229930003805530747e+00,1.821685955522467593e+00,-2.465704124471292946e+00,4.627383650671108850e-02
1.763579378969111204e+09,-8.560665602378579597e-02,-5.491641882934954894e-02,1.230481996638567832e+00,1.823627720861169310e+00,-2.466486467428353091e+00,4.944143389426050583e-02
1.763579378982800007e+09,-8.152729606131897677e-02,-5.813499171504749735e-02,1.231083428802277835e+00,1.825461786551508370e+00,-2.467492110838356734e+00,5.238019822923997704e-02
1.763579378996489048e+09,-7.759175521913785900e-02,-6.135398965345634226e-02,1.231740559616098629e+00,1.827188361905516034e+00,-2.468719452691834348e+00,5.510553222489619762e-02
1.763579379010177851e+09,-7.376568247134256129e-02,-6.456318912156512602e-02,1.232460649195389335e+00,1.828819594259148751e+00,-2.470154182955293098e+00,5.763564350960209692e-02
1.763579379023866653e+09,-7.001519364662937839e-02,-6.775242734357669883e-02,1.233250876440145527e+00,1.830366660857423611e+00,-2.471783105844221229e+00,5.998842897760944815e-02
1.763579379037555695e+09,-6.631090954029053575e-02,-7.091162174776949323e-02,1.234116501389712184e+00,1.831849223916304448e+00,-2.473584646283281341e+00,6.217877498131917091e-02
1.763579379051244497e+09,-6.263555859976104034e-02,-7.403072106735085478e-02,1.235057731129151959e+00,1.833306733614498363e+00,-2.475517508452417914e+00,6.421309057897384154e-02
1.763579379064933538e+09,-5.897378517390272634e-02,-7.709972440851312059e-02,1.236074122036192158e+00,1.834781613217873142e+00,-2.477537690796372427e+00,6.609698102433214650e-02
1.763579379078622341e+09,-5.531035321008320044e-02,-8.010854007927580012e-02,1.237165093502558877e+00,1.836316502199012879e+00,-2.479600741819843357e+00,6.783565511035521967e-02
1.763579379092311144e+09,-5.163998349270573079e-02,-8.304112024601949249e-02,1.238332173046404527e+00,1.837941371321707873e+00,-2.481674990657075863e+00,6.944353493549687562e-02
1.763579379106000185e+09,-4.796784690026467679e-02,-8.587517912359921013e-02,1.239578985470825234e+00,1.839673130616822583e+00,-2.483741771669199405e+00,7.094424267524916672e-02
1.763579379119688988e+09,-4.430010321629205411e-02,-8.858751425006468339e-02,1.240909280011574856e+00,1.841527879651867483e+00,-2.485783096152978544e+00,7.236221122785874149e-02
1.763579379133378029e+09,-4.064234323486792810e-02,-9.116340585120270845e-02,1.242325567261702624e+00,1.843516166116761390e+00,-2.487784150578614906e+00,7.371946423558389805e-02
1.763579379147066832e+09,-3.699898682075964534e-02,-9.363197563369590748e-02,1.243823053665779277e+00,1.845618424273646641e+00,-2.489745480722977522e+00,7.502638987271838256e-02
1.763579379160755634e+09,-3.337397207098727336e-02,-9.604236934807865167e-02,1.245393887263867017e+00,1.847800831898269491e+00,-2.491675724444585516e+00,7.628748512989219632e-02
1.763579379174444675e+09,-2.977075364167826657e-02,-9.844235505843057510e-02,1.247030272089624248e+00,1.850031613842458178e+00,-2.493581699026952148e+00,7.750839219496508115e-02
1.763579379188133478e+09,-2.619890593839521720e-02,-1.008757659044183519e-01,1.248725883639537848e+00,1.852269478049454632e+00,-2.495480886868315817e+00,7.868840577534801095e-02
1.763579379201822519e+09,-2.267669410465204122e-02,-1.033772138568359311e-01,1.250476842413050349e+00,1.854461687371678380e+00,-2.497404277002744699e+00,7.981867255583502407e-02
1.763579379215511322e+09,-1.922367341335353905e-02,-1.059820106528731737e-01,1.252279729338490410e+00,1.856552732005706030e+00,-2.499386439421775297e+00,8.088871758062482487e-02
1.763579379229200125e+09,-1.586179025690595198e-02,-1.087177788206671186e-01,1.254129772673036491e+00,1.858487931865323572e+00,-2.501456907719225686e+00,8.188727932512609997e-02
1.763579379242889166e+09,-1.263276550166090445e-02,-1.115691886334842509e-01,1.256012405654214348e+00,1.860209980745926250e+00,-2.503619772841855440e+00,8.279223931121683366e-02
1.763579379256577969e+09,-9.592211602477420176e-03,-1.144856588358903332e-01,1.257906198507008799e+00,1.861661429476974883e+00,-2.505858404666482464e+00,8.357508620209942729e-02
1.763579379270267010e+09,-6.795137293376296052e-03,-1.174232458724733807e-01,1.259789875348759747e+00,1.862783349167194125e+00,-2.508159525798126399e+00,8.420637167356330444e-02
1.763579379283955812e+09,-4.288797118993846469e-03,-1.203111561562780901e-01,1.261647181503722015e+00,1.863529826197582118e+00,-2.510499663867565623e+00,8.466970627992953524e-02
1.763579379297644615e+09,-2.095423557212110124e-03,-1.230167520509092283e-01,1.263477144508155403e+00,1.863889804626797098e+00,-2.512834005169904295e+00,8.498490379556933316e-02
1.763579379311333656e+09,-2.310447912348858983e-04,-1.253886460033467876e-01,1.265282844664269435e+00,1.863861874582677158e+00,-2.515110922428853257e+00,8.518169086454416283e-02
1.763579379325022459e+09,1.288434765984489789e-03,-1.272782197663541448e-01,1.267066782282841642e+00,1.863443742780091616e+00,-2.517279681148692827e+00,8.528885601694258245e-02
1.763579379338711500e+09,2.471531544999119086e-03,-1.285686273446781935e-01,1.268824405429053614e+00,1.862632067639746092e+00,-2.519294599580232497e+00,8.533291611361487616e-02
1.763579379352400303e+09,3.363723632646488469e-03,-1.291936521089882273e-01,1.270539630112270446e+00,1.861421013771361599e+00,-2.521117974162740083e+00,8.533612862043772618e-02
1.763579379366089106e+09,4.012881279311542038e-03,-1.290895526872799515e-01,1.272196046353712751e+00,1.859805075230478444e+00,-2.522713073957706609e+00,8.532057686568596255e-02
1.763579379379778147e+09,4.470282516943915527e-03,-1.281953222297535500e-01,1.273777321818676755e+00,1.857780478278969971e+00,-2.524046107733982858e+00,8.530790096201373851e-02
1.763579379393466949e+09,4.830169015692386235e-03,-1.264729676378620327e-01,1.275273267990153281e+00,1.855374340239071662e+00,-2.525128455558176110e+00,8.531462021308237886e-02
1.763579379407155991e+09,5.216128218965903132e-03,-1.239010668144996385e-01,1.276677932786538738e+00,1.852634646309951005e+00,-2.526002544489576618e+00,8.535373777078446300e-02
1.763579379420844793e+09,5.753286824504577276e-03,-1.204581307058394113e-01,1.277985274631074919e+00,1.849609801518732777e+00,-2.526711438142664967e+00,8.543804468261820273e-02
1.763579379434533596e+09,6.550752745214575776e-03,-1.161236839458351239e-01,1.279190334555362796e+00,1.846350647205378781e+00,-2.527292436682696763e+00,8.558461777716119823e-02
1.763579379448222637e+09,7.666608753410659484e-03,-1.108777059091789058e-01,1.280291615564414842e+00,1.842918387669574720e+00,-2.527762835403937647e+00,8.582616750218184654e-02
1.763579379461911440e+09,9.139027031315652416e-03,-1.047031730749923562e-01,1.281288663268223216e+00,1.839376459005542808e+00,-2.528133298458068445e+00,8.619975384732438128e-02
1.763579379475600481e+09,1.101179360046387369e-02,-9.757986481878266893e-02,1.282180990803105214e+00,1.835789042308811236e+00,-2.528415349405140233e+00,8.674261953777258338e-02
1.763579379489289284e+09,1.328167715143880115e-02,-8.952436271441571725e-02,1.282968375833019037e+00,1.832205371987214226e+00,-2.528618551522642033e+00,8.748372025587075607e-02
1.763579379502978086e+09,1.589296632120119554e-02,-8.059662360245543888e-02,1.283651001707278194e+00,1.828656143037036053e+00,-2.528751034872262160e+00,8.844136866203644587e-02
1.763579379516667128e+09,1.878197539925636345e-02,-7.086082712055001565e-02,1.284229031341959093e+00,1.825170093467242127e+00,-2.528820501454102754e+00,8.963323903076622634e-02
1.763579379530355930e+09,2.188676130222273752e-02,-6.039137165083168640e-02,1.284702722541744890e+00,1.821774073128758165e+00,-2.528834845017099209e+00,9.107280864022698763e-02
1.763579379544044971e+09,2.514155593863361821e-02,-4.932756468554298779e-02,1.285072117733177199e+00,1.818480939063649382e+00,-2.528802155756567416e+00,9.274735148684590258e-02
1.763579379557733774e+09,2.848036441957246118e-02,-3.785072935449123460e-02,1.285337660645220925e+00,1.815294297335548146e+00,-2.528730689748259319e+00,9.462755385872458069e-02
1.763579379571422577e+09,3.183578776662703697e-02,-2.613845289662435761e-02,1.285499112632727092e+00,1.812219386282343025e+00,-2.528628752685109227e+00,9.668519187512170099e-02
1.763579379585111618e+09,3.515075792012881811e-02,-1.436105727860958158e-02,1.285561382449667889e+00,1.809253811309662341e+00,-2.528504068341540734e+00,9.889709467161289513e-02
1.763579379598800421e+09,3.839044663093863635e-02,-2.663909544354851455e-03,1.285540480780930750e+00,1.806380282960377670e+00,-2.528363184485453274e+00,1.012547004406292445e-01
1.763579379612489462e+09,4.152593326052890499e-02,8.812596292185986141e-03,1.285455371399899072e+00,1.803577215367648368e+00,-2.528212234168822459e+00,1.037525943567521869e-01
1.763579379626178265e+09,4.452797587190047285e-02,1.992972032766900450e-02,1.285324262166707143e+00,1.800823544081348704e+00,-2.528057864298856039e+00,1.063850335890699356e-01
1.763579379639867067e+09,4.738202076397726725e-02,3.059015436592212381e-02,1.285158287925321829e+00,1.798091582852152204e+00,-2.527915655678739881e+00,1.091417091102133002e-01
1.763579379653556108e+09,5.009120802178056164e-02,4.075015033840354711e-02,1.284959176463312813e+00,1.795345994977887383e+00,-2.527812665422217275e+00,1.120069909791106405e-01
1.763579379667244911e+09,5.265877329606949431e-02,5.036486448327433252e-02,1.284728714658096349e+00,1.792551441924272071e+00,-2.527775979102906412e+00,1.149647161284699237e-01
1.763579379680933952e+09,5.508472178849999762e-02,5.940429391738205611e-02,1.284468502136367096e+00,1.789674051430272916e+00,-2.527832098526919591e+00,1.180085266199363547e-01
1.763579379694622755e+09,5.733721177609600594e-02,6.792976242696889544e-02,1.284182010106340810e+00,1.786694929603723114e+00,-2.527999595286564372e+00,1.212076888989002815e-01
1.763579379708311558e+09,5.936773272474350077e-02,7.605416221180227865e-02,1.283873447415704971e+00,1.783603139466067855e+00,-2.528292759336204121e+00,1.246725753607382386e-01
1.763579379722000599e+09,6.112787100071812724e-02,8.388927136662374662e-02,1.283547172696935190e+00,1.780387066501315063e+00,-2.528726415472438482e+00,1.285131925345367188e-01
1.763579379735689402e+09,6.257111512992423463e-02,9.153933048145874996e-02,1.283204472467052604e+00,1.777049293774819683e+00,-2.529306168917473840e+00,1.328302025852427237e-01
1.763579379749378443e+09,6.365532602754461755e-02,9.908815899890073553e-02,1.282838122681048132e+00,1.773631746961011224e+00,-2.530013279332152809e+00,1.377003567430973574e-01
1.763579379763067245e+09,6.434104712636483370e-02,1.066128891326181133e-01,1.282438812911726345e+00,1.770185227021964458e+00,-2.530822184509411432e+00,1.431916287670949861e-01
1.763579379776756048e+09,6.458706139782716127e-02,1.141927608765958141e-01,1.281997500112086907e+00,1.766760190165968858e+00,-2.531708860905610425e+00,1.493754778088924873e-01
1.763579379790445089e+09,6.438147741487240672e-02,1.218848570664308045e-01,1.281502817232405667e+00,1.763398112464476419e+00,-2.532630969934984044e+00,1.562762062313171607e-01
1.763579379804133892e+09,6.374270658005481982e-02,1.297235676780686131e-01,1.280941284013343617e+00,1.760130029779979788e+00,-2.533527850827717032e+00,1.638695687287892999e-01
1.763579379817822695e+09,6.269271735202466833e-02,1.377405610733587193e-01,1.280298942278649932e+00,1.756986756912227499e+00,-2.534336270341390751e+00,1.721255519024250114e-01
1.763579379831511736e+09,6.125154060578080067e-02,1.459756997108082044e-01,1.279562552686402066e+00,1.753991642695309494e+00,-2.534995003222129561e+00,1.810221706424092469e-01
1.763579379845200539e+09,5.943366252852459036e-02,1.545160660695858446e-01,1.278720995180071318e+00,1.751126652876343393e+00,-2.535446406115218210e+00,1.905764067713767718e-01
1.763579379858889580e+09,5.724996272523608098e-02,1.634727700108086490e-01,1.277765089457034486e+00,1.748349847996353290e+00,-2.535637444282175412e+00,2.008266455271182915e-01
1.763579379872578382e+09,5.471156872914425401e-02,1.729586041123113704e-01,1.276684696351024773e+00,1.745621894335144253e+00,-2.535512240908988524e+00,2.118113881213304628e-01
1.763579379886267185e+09,5.183399668000792521e-02,1.830463903895221955e-01,1.275476562619415999e+00,1.742902192484094837e+00,-2.535033549480099069e+00,2.235418100857266832e-01
1.763579379899956226e+09,4.864330257656578754e-02,1.937269631801740721e-01,1.274150374270260677e+00,1.740152031017464074e+00,-2.534198183287227568e+00,2.359703705872061852e-01
1.763579379913645029e+09,4.516676516398216573e-02,2.049749793495835859e-01,1.272718528844486663e+00,1.737332613940982817e+00,-2.533010565522584301e+00,2.490388558500108429e-01
1.763579379927334070e+09,4.143716494123559496e-02,2.167573126395632988e-01,1.271194731186870541e+00,1.734404622264527962e+00,-2.531475389417535471e+00,2.626789839450068831e-01
1.763579379941022873e+09,3.756272720582957275e-02,2.289062624334698981e-01,1.269615847131866593e+00,1.731321207563014886e+00,-2.529614814528881706e+00,2.766675209220883502e-01
1.763579379954711676e+09,3.372767104076543343e-02,2.411191143326492647e-01,1.268041937730486568e+00,1.728027775710555547e+00,-2.527468602659241448e+00,2.906253869973171033e-01
1.763579379968400717e+09,3.011537587694018692e-02,2.530959278778841526e-01,1.266532652924546198e+00,1.724469725626975647e+00,-2.525075504889670697e+00,3.041763465399628941e-01
1.763579379982089520e+09,2.688917833365515875e-02,2.645577981957246139e-01,1.265143386470190201e+00,1.720595367499201611e+00,-2.522478648484002495e+00,3.169731276698142253e-01
1.763579379995778561e+09,2.409481569707372720e-02,2.753666950813939418e-01,1.263902453066200637e+00,1.716367822040005819e+00,-2.519736649346995705e+00,3.288535907770842592e-01
1.763579380009467363e+09,2.172944335809705654e-02,2.854411892731746336e-01,1.262827068571979350e+00,1.711757065377920384e+00,-2.516915359317344780e+00,3.397305405290955704e-01
1.763579380023156166e+09,1.979274020795842789e-02,2.946968474468204535e-01,1.261935257422954537e+00,1.706731843315417718e+00,-2.514080358699384732e+00,3.495130685591587016e-01
1.763579380036845207e+09,1.826408107912961057e-02,3.031130773491140795e-01,1.261224820570062910e+00,1.701290627931062893e+00,-2.511278702038585386e+00,3.581670062903687390e-01
1.763579380050534010e+09,1.707967353935222962e-02,3.108111539456758221e-01,1.260648450680161847e+00,1.695497457116857731e+00,-2.508515328021576618e+00,3.657830293967999080e-01
1.763579380064223051e+09,1.616890072878828660e-02,3.179340519625015182e-01,1.260151826736324976e+00,1.689427727451278338e+00,-2.505788302643683796e+00,3.724708562557602076e-01
1.763579380077911854e+09,1.546129361267440869e-02,3.246243975258608638e-01,1.259680763463145503e+00,1.683156337378095779e+00,-2.503096036957071391e+00,3.783400343941348276e-01
1.763579380091600657e+09,1.489204797385343219e-02,3.309953950345544404e-01,1.259184197137252381e+00,1.676792559404382876e+00,-2.500433683821989828e+00,3.834696645418500527e-01
1.763579380105289698e+09,1.440200467163653235e-02,3.371328849149841100e-01,1.258614522291349180e+00,1.670474299942345642e+00,-2.497794207866080640e+00,3.879114878109758413e-01
1.763579380118978500e+09,1.393154845597641134e-02,3.431219916890264066e-01,1.257923460108735680e+00,1.664344324910787432e+00,-2.495169807506993020e+00,3.917152833144841306e-01
1.763579380132667542e+09,1.342759425620361664e-02,3.490389122001377187e-01,1.257068556719647123e+00,1.658525383429205968e+00,-2.492559618080803396e+00,3.949299057464482066e-01
1.763579380146356344e+09,1.286396100058373460e-02,3.549210630478821238e-01,1.256029313316410878e+00,1.653064405956172322e+00,-2.489994188110289386e+00,3.975940375700247609e-01
1.763579380160045147e+09,1.222759627826635991e-02,3.607870130918980345e-01,1.254797272346553916e+00,1.647969783883311168e+00,-2.487517354411385551e+00,3.997445619752387214e-01
1.763579380173734188e+09,1.150288591886985262e-02,3.666595688115758533e-01,1.253360246522518873e+00,1.643257859917469199e+00,-2.485172317738089998e+00,4.014159224433820894e-01
1.763579380187422991e+09,1.068497966528850901e-02,3.725415292789330812e-01,1.251727827052570907e+00,1.638912180762261306e+00,-2.482993894499215592e+00,4.026659231703133557e-01
1.763579380201112032e+09,9.783620319554934414e-03,3.784092885933231232e-01,1.249940661114667728e+00,1.634871712555990841e+00,-2.481000844993958676e+00,4.035886983424992747e-01
1.763579380214800835e+09,8.811546561900099328e-03,3.842326595279896839e-01,1.248046027497357935e+00,1.631065826066915747e+00,-2.479210274258558222e+00,4.042850483486720159e-01
1.763579380228489637e+09,7.782487728948319500e-03,3.899843945602695650e-01,1.246089851710526775e+00,1.627425592754513817e+00,-2.477635497057858682e+00,4.048560142151017560e-01
1.763579380242178679e+09,6.727418256552414495e-03,3.956462984866662702e-01,1.244122281721574907e+00,1.623875557377439272e+00,-2.476252529483799147e+00,4.054198144375815716e-01
1.763579380255867481e+09,5.691791195502645187e-03,4.012098267179468047e-01,1.242195200891780704e+00,1.620337258070015718e+00,-2.475004917745119215e+00,4.061077021226303096e-01
1.763579380269556522e+09,4.720730457420261629e-03,4.066652534955917386e-01,1.240361573847935883e+00,1.616730938979719756e+00,-2.473837274052383517e+00,4.070517632783545170e-01
1.763579380283245325e+09,3.854913727333612785e-03,4.120087169841005204e-01,1.238665301682298381e+00,1.612984814447589788e+00,-2.472700967820606888e+00,4.083723239532237037e-01
1.763579380296934128e+09,3.115919318810893464e-03,4.172553653331873558e-01,1.237118425806839284e+00,1.609053825575055274e+00,-2.471578239610556338e+00,4.101463604865929757e-01
1.763579380310623169e+09,2.518962819778040613e-03,4.224273780395924049e-01,1.235721670016749707e+00,1.604902455246679738e+00,-2.470461398909215234e+00,4.124358083014889598e-01
1.763579380324311972e+09,2.079532197861489601e-03,4.275461475953784563e-01,1.234476594850399067e+00,1.600494777337819752e+00,-2.469342342649990751e+00,4.153035420941705858e-01
1.763579380338001013e+09,1.792281143470800080e-03,4.326489520558288171e-01,1.233364547798623700e+00,1.595814307188283543e+00,-2.468228357574314469e+00,4.187944079030530564e-01
1.763579380351689816e+09,1.616360023122879758e-03,4.377994124776617979e-01,1.232332974932024872e+00,1.590877924766403551e+00,-2.467152870813179355e+00,4.229240209456471278e-01
1.763579380365378618e+09,1.508583407239427916e-03,4.430624525879806597e-01,1.231327197755878400e+00,1.585704850326433268e+00,-2.466151105998009019e+00,4.277044221764423892e-01
1.763579380379067659e+09,1.426217292884305807e-03,4.485012124396550171e-01,1.230293428315405224e+00,1.580314591260405299e+00,-2.465258072415881241e+00,4.331446509236368536e-01
1.763579380392756462e+09,1.348232738850917286e-03,4.541290229575246640e-01,1.229208431827882420e+00,1.574723678151727091e+00,-2.464497287496280720e+00,4.391922934611183771e-01
1.763579380406445503e+09,1.268275125705842785e-03,4.599260609680407286e-01,1.228069662070641943e+00,1.568946040719999990e+00,-2.463883990731359663e+00,4.457538312123991431e-01
1.763579380420134306e+09,1.180123326444980575e-03,4.658712820052363091e-01,1.226874769371815610e+00,1.562996365316104974e+00,-2.463434172218578855e+00,4.527336707235597446e-01
1.763579380433823109e+09,1.079573733873010442e-03,4.719404828506142957e-01,1.225626808622507946e+00,1.556883795429014894e+00,-2.463157160663448586e+00,4.600396044778489180e-01
1.763579380447512150e+09,9.687183236866453353e-04,4.780935552776079955e-01,1.224348709188244344e+00,1.550599117429327212e+00,-2.463043716525423310e+00,4.675848597820078112e-01
1.763579380461200953e+09,8.525859489524764906e-04,4.842869887838982534e-01,1.223070121055909620e+00,1.544126972360071459e+00,-2.463074432128161906e+00,4.752876597434644856e-01
1.763579380474889994e+09,7.350422388420106094e-04,4.904754489265887862e-01,1.221820150163695606e+00,1.537452304462114006e+00,-2.463235039607856613e+00,4.830625893902995571e-01
1.763579380488578796e+09,6.289534776574101736e-04,4.966392706174880822e-01,1.220625508513627944e+00,1.530560627950235286e+00,-2.463469897566822553e+00,4.908600075206879243e-01
1.763579380502267599e+09,5.584379057375422114e-04,5.027932757994825197e-01,1.219508612765039635e+00,1.523438551144377762e+00,-2.463671799553490693e+00,4.986770195378753545e-01
1.763579380515956640e+09,5.497515233428566968e-04,5.089582688365069663e-01,1.218491539477141838e+00,1.516072203907603777e+00,-2.463723187454752939e+00,5.065190093805003180e-01
1.763579380529645443e+09,6.280695521741982718e-04,5.151505263779609933e-01,1.217596524002772407e+00,1.508450496889283343e+00,-2.463515815540174625e+00,5.143860240754498658e-01
1.763579380543334484e+09,8.161268412530424052e-04,5.213645633635367593e-01,1.216849060040786412e+00,1.500577204287326882e+00,-2.462986850575154207e+00,5.222553849620461541e-01
1.763579380557023287e+09,1.133608829829055222e-03,5.275772620487128028e-01,1.216275929808555922e+00,1.492468941200098431e+00,-2.462112114297528187e+00,5.300856149019366192e-01
1.763579380570712090e+09,1.601405964197330891e-03,5.337667382298665331e-01,1.215905176388300424e+00,1.484140379497550732e+00,-2.460861411005050847e+00,5.378364984323494857e-01
1.763579380584401131e+09,2.233527683456020419e-03,5.399158845125821005e-01,1.215754133450259733e+00,1.475610018531534395e+00,-2.459224356863829453e+00,5.454743972791384898e-01
1.763579380598089933e+09,3.026220996756200619e-03,5.460238723532614413e-01,1.215811286341506925e+00,1.466904135421803534e+00,-2.457234740745877222e+00,5.529871305616166355e-01
1.763579380611778975e+09,3.970467688087981652e-03,5.520947607927916279e-01,1.216056564010372432e+00,1.458051093210467331e+00,-2.454940556900673698e+00,5.603689796355403319e-01
1.763579380625467777e+09,5.057375687008457306e-03,5.581317267644494429e-01,1.216470469641654839e+00,1.449079291173452688e+00,-2.452388957269574288e+00,5.676132794600610154e-01
1.763579380639156580e+09,6.266720025357480801e-03,5.641354331296069002e-01,1.217023835061682213e+00,1.440012900097024762e+00,-2.449653260307612435e+00,5.747157208168059972e-01
1.763579380652845621e+09,7.562612868863778474e-03,5.701022031572534621e-01,1.217674546131957580e+00,1.430870320623878866e+00,-2.446842446674434957e+00,5.816743597992591885e-01
1.763579380666534424e+09,8.908562300718557772e-03,5.760279762135428472e-01,1.218379958423639664e+00,1.421670286816843598e+00,-2.444066853915980886e+00,5.884870132094739414e-01
1.763579380680223227e+09,1.026641375701261606e-02,5.819087610025115431e-01,1.219096077340411144e+00,1.412430200325310192e+00,-2.441438671189516629e+00,5.951520987187222111e-01
1.763579380693912268e+09,1.158549223812217928e-02,5.877397956148175950e-01,1.219768690567405889e+00,1.403160478212264861e+00,-2.439080433659520430e+00,6.016697839381089929e-01
1.763579380707601070e+09,1.280788977029808338e-02,5.935154387961543154e-01,1.220337792622342654e+00,1.393868400134715246e+00,-2.437120540314512418e+00,6.080409414710595817e-01
1.763579380721290112e+09,1.387563283004777069e-02,5.992305955277108520e-01,1.220743121702361433e+00,1.384559791864282241e+00,-2.435688314239182528e+00,6.142668069914760665e-01
1.763579380734978914e+09,1.473070403660396710e-02,6.048786309728735322e-01,1.220927424293267727e+00,1.375254183610731928e+00,-2.434899036805330930e+00,6.203517051925591108e-01
1.763579380748667717e+09,1.531265327787197962e-02,6.104506300647055683e-01,1.220840182182228117e+00,1.366007417873806418e+00,-2.434831062784186706e+00,6.263119786238509068e-01
1.763579380762356758e+09,1.556272137192904817e-02,6.159363619844433479e-01,1.220434607208936928e+00,1.356886274109704527e+00,-2.435549062479561488e+00,6.321658313878917301e-01
1.763579380776045561e+09,1.541965248520855286e-02,6.213260861343694597e-01,1.219661634832347685e+00,1.347955752118504158e+00,-2.437122843509105685e+00,6.379322267717608685e-01
1.763579380789734602e+09,1.485601571643223318e-02,6.266020348238992010e-01,1.218500012258785681e+00,1.339295756843212670e+00,-2.439565464438147036e+00,6.436134657890061339e-01
1.763579380803423405e+09,1.388331970503732700e-02,6.317370691920526360e-01,1.216960091873113603e+00,1.331002389228079119e+00,-2.442825636271585221e+00,6.491920053449464767e-01
1.763579380817112207e+09,1.251716917941156706e-02,6.367025237817784955e-01,1.215055977816499322e+00,1.323174843644111975e+00,-2.446845020696591710e+00,6.546479313898574404e-01
1.763579380830801249e+09,1.078127193594413495e-02,6.414747642765149527e-01,1.212803504411291255e+00,1.315904437904644286e+00,-2.451554262942678530e+00,6.599624131022898688e-01
1.763579380844490051e+09,8.761225132748195338e-03,6.460600463656752668e-01,1.210234837066893610e+00,1.309241607079895564e+00,-2.456799528714181502e+00,6.651176281971997728e-01
1.763579380858179092e+09,6.579119980904826574e-03,6.504836895520906825e-01,1.207392411823676515e+00,1.303208199599193984e+00,-2.462375911442521215e+00,6.700981378916456288e-01
1.763579380871867895e+09,4.356430186267197524e-03,6.547698850919663194e-01,1.204317199985122544e+00,1.297830336674213658e+00,-2.468081302967817692e+00,6.748870361558677589e-01
1.763579380885556698e+09,2.195188797862133393e-03,6.589356150779396293e-01,1.201056379876129121e+00,1.293124672080946835e+00,-2.473724620737232982e+00,6.794741479598735978e-01
1.763579380899245739e+09,1.499203011998653161e-04,6.629787761306444871e-01,1.197668377531943662e+00,1.289093779901925085e+00,-2.479147657091020918e+00,6.838622707562661551e-01
1.763579380912934542e+09,-1.735171821179897498e-03,6.668928037729416891e-01,1.194215170725880792e+00,1.285736319964628338e+00,-2.484197618733418711e+00,6.880573416933588593e-01
1.763579380926623583e+09,-3.416222591533020058e-03,6.706720632384460812e-01,1.190757461460140387e+00,1.283050505271340347e+00,-2.488724497192861485e+00,6.920652165845497805e-01
1.763579380940312386e+09,-4.870561815757741553e-03,6.743138070939200812e-01,1.187351708234309910e+00,1.281021238484212343e+00,-2.492615917181881358e+00,6.958945705398054127e-01
1.763579380954001188e+09,-6.100469741522375478e-03,6.778197027066902303e-01,1.184047708188018744e+00,1.279617049766046843e+00,-2.495806525475021242e+00,6.995573995532448075e-01
1.763579380967690229e+09,-7.107946306206638573e-03,6.811912512453439650e-01,1.180895852650085454e+00,1.278807093445606169e+00,-2.498229416573734873e+00,7.030658590252564233e-01
1.763579380981379032e+09,-7.896173119677130439e-03,6.844305659462043279e-01,1.177940450793202087e+00,1.278553721777690999e+00,-2.499831185799680000e+00,7.064298023827113582e-01
1.763579380995068073e+09,-8.469098317121587227e-03,6.875434037733548776e-01,1.175190171263073236e+00,1.278782424022403053e+00,-2.500627079845171963e+00,7.096458792527358117e-01
1.763579381008756876e+09,-8.831597010228425804e-03,6.905370072605276910e-01,1.172636728907913373e+00,1.279400843179078429e+00,-2.500666313548702835e+00,7.127041688897814975e-01
1.763579381022445679e+09,-8.988190446844103454e-03,6.934187475324286032e-01,1.170272604991472010e+00,1.280317280794742052e+00,-2.499995872213998993e+00,7.155951282899962740e-01
1.763579381036134720e+09,-8.950424180002296282e-03,6.961944020928380050e-01,1.168082017115266380e+00,1.281438432162484320e+00,-2.498688953563999782e+00,7.183080795700452770e-01
1.763579381049823523e+09,-8.746211541292231786e-03,6.988657158724832508e-01,1.166030237382446266e+00,1.282666486327964206e+00,-2.496879783776918771e+00,7.208292496209480760e-01
1.763579381063512564e+09,-8.406531463242626623e-03,7.014339613162340337e-01,1.164079243790696161e+00,1.283904363129228177e+00,-2.494712874765049548e+00,7.231450776364081179e-01
1.763579381077201366e+09,-7.962138679373358466e-03,7.039002411887249622e-01,1.162191085886001618e+00,1.285053897047766958e+00,-2.492332763958040598e+00,7.252414698792079006e-01
1.763579381090890169e+09,-7.444204173713754591e-03,7.062668262707524347e-01,1.160335913131183228e+00,1.286046556243443773e+00,-2.489863998373500031e+00,7.271160863229730875e-01
1.763579381104579210e+09,-6.883772810327485475e-03,7.085370526338655717e-01,1.158491999794808436e+00,1.286841772140630225e+00,-2.487410474133928240e+00,7.287777109311047719e-01
1.763579381118268013e+09,-6.312318863883314632e-03,7.107141604472464458e-01,1.156637991204175098e+00,1.287400721659522018e+00,-2.485076738585999756e+00,7.302354935010616499e-01
1.763579381131957054e+09,-5.764719839935907898e-03,7.128006328803317970e-01,1.154753618769061685e+00,1.287692380758340471e+00,-2.482954330547375132e+00,7.315064912898268101e-01
1.763579381145645857e+09,-5.304226470919302244e-03,7.147919817423722399e-01,1.152822283058299258e+00,1.287731372638814209e+00,-2.481078417833165073e+00,7.326535106505897010e-01
1.763579381159334660e+09,-5.002244958814341599e-03,7.166816688545750713e-01,1.150831001338613602e+00,1.287553640044270864e+00,-2.479449242842348688e+00,7.337598232462421155e-01
1.763579381173023701e+09,-4.936849999491108899e-03,7.184617606245091714e-01,1.148764223195374745e+00,1.287195503455128343e+00,-2.478076664558077624e+00,7.349105447138093439e-01
1.763579381186712503e+09,-5.127508702261108012e-03,7.201367049232823003e-01,1.146623692433446307e+00,1.286673890208141824e+00,-2.476923810465571307e+00,7.361596377261298008e-01
1.763579381200401545e+09,-5.490053877801318559e-03,7.217330557840827554e-01,1.144440288709646314e+00,1.285968149591921073e+00,-2.475878822742640928e+00,7.375028182457044057e-01
1.763579381214090347e+09,-5.915837399478205902e-03,7.232825680061598650e-01,1.142252252791324585e+00,1.285049622405861625e+00,-2.474809998380708809e+00,7.389231158527967969e-01
1.763579381227779150e+09,-6.304534681611527296e-03,7.248147159680785601e-01,1.140094953196096217e+00,1.283891065605305526e+00,-2.473595562290164196e+00,7.404056364158869696e-01
1.763579381241468191e+09,-6.594206776395895517e-03,7.263443000827024543e-01,1.137990173541813421e+00,1.282463266032747962e+00,-2.472174920924830044e+00,7.419332644838877444e-01
1.763579381255156994e+09,-6.766854463503677378e-03,7.278701168376076058e-01,1.135944334660398791e+00,1.280737427628271696e+00,-2.470554359815679391e+00,7.434885956774203164e-01
1.763579381268846035e+09,-6.800397334615218038e-03,7.293922085809879663e-01,1.133965198061078761e+00,1.278683197394658855e+00,-2.468734958469888774e+00,7.450536646242632566e-01
1.763579381282534838e+09,-6.686752387443255230e-03,7.309077226540857675e-01,1.132055104474376517e+00,1.276281562530110936e+00,-2.466732271310204450e+00,7.466140780827694723e-01
1.763579381296223640e+09,-6.463489185881357395e-03,7.324066698079746418e-01,1.130197499873008438e+00,1.273559740556367226e+00,-2.464603036876503062e+00,7.481703394184866518e-01
1.763579381309912682e+09,-6.187613048050736794e-03,7.338757438204357442e-01,1.128367884945763455e+00,1.270563511673809209e+00,-2.462422264037451125e+00,7.497289126514299351e-01
1.763579381323601484e+09,-5.914781267934387382e-03,7.353018296001067045e-01,1.126542438927366829e+00,1.267337556136707510e+00,-2.460263712711589168e+00,7.512957738059267143e-01
1.763579381337290525e+09,-5.675767162383141620e-03,7.366774070200017288e-01,1.124700877250190523e+00,1.263931442830555918e+00,-2.458170600173079645e+00,7.528735719552721584e-01
1.763579381350979328e+09,-5.453000296066498088e-03,7.380054150161121651e-01,1.122830385926925523e+00,1.260403618310495633e+00,-2.456127665801250082e+00,7.544575502751345031e-01
1.763579381364668131e+09,-5.223068540661215432e-03,7.392902618926775471e-01,1.120919137705605584e+00,1.256813122166787311e+00,-2.454112226796969054e+00,7.560426679151545093e-01
1.763579381378357172e+09,-4.962155255884742426e-03,7.405364868955123248e-01,1.118955497567747148e+00,1.253218794577379391e+00,-2.452101027830253521e+00,7.576239843317261746e-01
1.763579381392045975e+09,-4.631176036824194604e-03,7.417555122431819248e-01,1.116937549489267711e+00,1.249669315300414363e+00,-2.450045833890903246e+00,7.592085489731509318e-01
1.763579381405735016e+09,-4.180500859283616671e-03,7.429637646760728353e-01,1.114870299765511330e+00,1.246205167268703784e+00,-2.447880698516851972e+00,7.608122614777581560e-01
1.763579381419423819e+09,-3.558470950419337624e-03,7.441782296179255685e-01,1.112759370152027527e+00,1.242867173832384875e+00,-2.445537099060010711e+00,7.624515413495995819e-01
1.763579381433112621e+09,-2.730695375774555133e-03,7.454127227383177123e-01,1.110608957050811529e+00,1.239691993380414026e+00,-2.442963491306882506e+00,7.641464070377775863e-01
1.763579381446801662e+09,-1.730725064271117089e-03,7.466701756378939514e-01,1.108418867402906072e+00,1.236701227558414162e+00,-2.440170360971939623e+00,7.659387058667443959e-01
1.763579381460490465e+09,-6.182742413869112561e-04,7.479480975199458426e-01,1.106186980572508416e+00,1.233910128624085001e+00,-2.437195486987744353e+00,7.678733350704103344e-01
1.763579381474179506e+09,5.481959760399386693e-04,7.492456891566482424e-01,1.103911480663126943e+00,1.231334980347510877e+00,-2.434071379329961093e+00,7.700012685421934178e-01
1.763579381487868309e+09,1.727281914504649523e-03,7.505530626172137731e-01,1.101588871580513107e+00,1.228987690876261363e+00,-2.430848001259037439e+00,7.723148129443827559e-01
1.763579381501557112e+09,2.906680468939778529e-03,7.518482955842973325e-01,1.099213259259058661e+00,1.226874628957234314e+00,-2.427595333642418751e+00,7.747210676589744160e-01
1.763579381515246153e+09,4.078658771985948020e-03,7.531068609024047511e-01,1.096778198610274924e+00,1.225000647652106922e+00,-2.424388727868071136e+00,7.771109249127635676e-01
1.763579381528934956e+09,5.233497347901601773e-03,7.543051928970330167e-01,1.094277486980862246e+00,1.223373333691100129e+00,-2.421300570441529132e+00,7.793792229764099355e-01
1.763579381542623758e+09,6.347885718485157813e-03,7.554220339075283785e-01,1.091703584490481882e+00,1.222023785217740466e+00,-2.418393380603986564e+00,7.814196353011353402e-01
1.763579381556312799e+09,7.386817347115924928e-03,7.564392155365491366e-01,1.089048381479923888e+00,1.221003091564756060e+00,-2.415717603939016467e+00,7.831303026919199661e-01
1.763579381570001602e+09,8.315191638451204653e-03,7.573375580023795628e-01,1.086303513299280432e+00,1.220362279381495885e+00,-2.413327297436247409e+00,7.844053336579591695e-01
1.763579381583690643e+09,9.103796063182720277e-03,7.581028816426640393e-01,1.083463379131606397e+00,1.220143968761215669e+00,-2.411258444280412583e+00,7.851620916067167943e-01
1.763579381597379446e+09,9.745704320968141821e-03,7.587365512759146613e-01,1.080532585813934299e+00,1.220357725844934071e+00,-2.409490939896475226e+00,7.853934805002865671e-01
1.763579381611068249e+09,1.024193767441300591e-02,7.592458690989402070e-01,1.077519272998685107e+00,1.221001582468087765e+00,-2.407983191981946991e+00,7.851206837148100304e-01
1.763579381624757290e+09,1.059278266272959540e-02,7.596376030837713733e-01,1.074431284003730447e+00,1.222074228980227772e+00,-2.406695787593880809e+00,7.843626607607629975e-01
1.763579381638446093e+09,1.079615737575814575e-02,7.599243098806219843e-01,1.071281061657495259e+00,1.223552249041403028e+00,-2.405583383928379781e+00,7.831828838846387475e-01
1.763579381652135134e+09,1.084510287894953177e-02,7.601275442445133423e-01,1.068087706063184594e+00,1.225377320920751467e+00,-2.404592611808857416e+00,7.817156710660110308e-01
1.763579381665823936e+09,1.073291657941313065e-02,7.602694617989346204e-01,1.064871152146643629e+00,1.227488016046731856e+00,-2.403669954694748867e+00,7.800995832612542813e-01
1.763579381679512739e+09,1.045494283925610911e-02,7.603722094249878438e-01,1.061651765017435300e+00,1.229819693603297681e+00,-2.402764348831838870e+00,7.784708503778533517e-01
1.763579381693201780e+09,1.003773715802112713e-02,7.604557824226428897e-01,1.058457398572115737e+00,1.232268464244989481e+00,-2.401860778880226643e+00,7.769173873873366221e-01
1.763579381706890583e+09,9.526655506167150053e-03,7.605387959867538905e-01,1.055320370166799249e+00,1.234706877258743507e+00,-2.400966343862992680e+00,7.754974162014156569e-01
1.763579381720579624e+09,8.967703264111436326e-03,7.606400927963032910e-01,1.052273434280067699e+00,1.237005807032054872e+00,-2.400088218540132878e+00,7.742702005722448266e-01
1.763579381734268427e+09,8.401555181808070122e-03,7.607761938632967569e-01,1.049342362232334125e+00,1.239053398468335621e+00,-2.399235418060246428e+00,7.732786102748658852e-01
1.763579381747957230e+09,7.853916785882528173e-03,7.609575543725441982e-01,1.046532357322232709e+00,1.240785796158910603e+00,-2.398422689237485805e+00,7.725196878447798676e-01
1.763579381761646271e+09,7.345503874886988999e-03,7.611922776220226838e-01,1.043842133236781766e+00,1.242155677993490803e+00,-2.397666000069187398e+00,7.719750861758026828e-01
1.763579381775335073e+09,6.898149026676949833e-03,7.614892742014873761e-01,1.041271768489208771e+00,1.243111460543573132e+00,-2.396981622219368280e+00,7.716302396057438395e-01
1.763579381789024115e+09,6.526653718161808115e-03,7.618499106624296857e-01,1.038815315835041053e+00,1.243632930347912113e+00,-2.396380454199793064e+00,7.714448951183540126e-01
1.763579381802712917e+09,6.238116840974600869e-03,7.622670143289929090e-01,1.036461263882802353e+00,1.243734522771360318e+00,-2.395866978735741171e+00,7.713518440629205664e-01
1.763579381816401720e+09,6.038868998729277418e-03,7.627323216025020391e-01,1.034196792017457511e+00,1.243434923104017376e+00,-2.395445037604377436e+00,7.712788654828885981e-01
1.763579381830090761e+09,5.932313177363333911e-03,7.632367496454962597e-01,1.032011308513410386e+00,1.242756708336605342e+00,-2.395118310688765906e+00,7.711586973518174126e-01
1.763579381843779564e+09,5.898828718783036620e-03,7.637620178019388639e-01,1.029909356202543202e+00,1.241755992510402917e+00,-2.394891080988343024e+00,7.709439212772116745e-01
1.763579381857468605e+09,5.903439964286431862e-03,7.642844486107690516e-01,1.027904940481803031e+00,1.240512381014955423e+00,-2.394766732179106405e+00,7.706044726248194587e-01
1.763579381871157408e+09,5.911593893763626185e-03,7.647798024798398986e-01,1.026012730754613189e+00,1.239102972301735495e+00,-2.394750245802052646e+00,7.701059722995616807e-01
1.763579381884846210e+09,5.895105424646262908e-03,7.652307251119604414e-01,1.024237435997966017e+00,1.237609640177440351e+00,-2.394835600649293017e+00,7.694330222469305536e-01
1.763579381898535252e+09,5.845350971159007404e-03,7.656383665294905772e-01,1.022556828787430927e+00,1.236121387821326190e+00,-2.394988993317369808e+00,7.686143182075841906e-01
1.763579381912224054e+09,5.759049220448141972e-03,7.660092950924596300e-01,1.020940795966411407e+00,1.234730412611133366e+00,-2.395168192630493298e+00,7.676926050795120915e-01
1.763579381925913095e+09,5.632803733365247464e-03,7.663496371850445632e-01,1.019360179824109425e+00,1.233527862057590019e+00,-2.395331667966834388e+00,7.667089750434402662e-01
1.763579381939601898e+09,5.474511124751188160e-03,7.666707866950771555e-01,1.017787451710306934e+00,1.232599167115418171e+00,-2.395426846899467943e+00,7.657147794497155546e-01
1.763579381953290701e+09,5.307342506268106913e-03,7.669909119047848556e-01,1.016198129316434162e+00,1.232020744253774280e+00,-2.395386812044385749e+00,7.647737108313712451e-01
1.763579381966979742e+09,5.154813369753513674e-03,7.673283871725665728e-01,1.014567657081615337e+00,1.231868981226839743e+00,-2.395144232739035317e+00,7.639499456675971079e-01
1.763579381980668545e+09,5.040389215335732906e-03,7.677008476181145236e-01,1.012874004469505262e+00,1.232215803801439691e+00,-2.394632936219752484e+00,7.633070073040977288e-01
1.763579381994357586e+09,4.982675874476065990e-03,7.681178731652688052e-01,1.011114871178979469e+00,1.233097675409250193e+00,-2.393800430210839991e+00,7.628997250701996524e-01
1.763579382008046389e+09,4.997714167411375884e-03,7.685845682547621793e-01,1.009299385791782688e+00,1.234530464837280572e+00,-2.392601922995354347e+00,7.627779972317005885e-01
1.763579382021735191e+09,5.101744425630301907e-03,7.691061162716072985e-01,1.007436276401907138e+00,1.236531264977383415e+00,-2.390992173015161981e+00,7.629922956879006124e-01
1.763579382035424232e+09,5.307907769696505913e-03,7.696887512916934515e-01,1.005536101167815444e+00,1.239101870800646044e+00,-2.388929340743592089e+00,7.635857121485106758e-01
1.763579382049113035e+09,5.621720083182067326e-03,7.703421993916889088e-01,1.003613771675868183e+00,1.242204582765578103e+00,-2.386378858795168423e+00,7.645838088832326296e-01
1.763579382062802076e+09,6.046409037749070348e-03,7.710764828967499041e-01,1.001685295753422800e+00,1.245792097935125575e+00,-2.383309240788401340e+00,7.660063029672211643e-01
1.763579382076490879e+09,6.585777404681611262e-03,7.719019658192960431e-01,9.997665085472161595e-01,1.249818244250643584e+00,-2.379687802324424784e+00,7.678746546521765248e-01
1.763579382090179682e+09,7.234709557410808241e-03,7.728196322352984815e-01,9.978768178568357961e-01,1.254226243373731897e+00,-2.375508710845629423e+00,7.701791758299098012e-01
1.763579382103868723e+09,7.979704766084901035e-03,7.738213370916603440e-01,9.960387561578795124e-01,1.258950186039502706e+00,-2.370792392382078173e+00,7.728801694700861979e-01
1.763579382117557526e+09,8.806242207848915746e-03,7.748979545124036195e-01,9.942757757793254658e-01,1.263922151569123020e+00,-2.365561636626793529e+00,7.759351274171396584e-01
1.763579382131246567e+09,9.701064463535764154e-03,7.760413069392554375e-01,9.926080676227705402e-01,1.269077572377205421e+00,-2.359840881610530072e+00,7.792998150549990122e-01
1.763579382144935369e+09,1.065601959231442762e-02,7.772468478090894806e-01,9.910420308638877573e-01,1.274360798265341765e+00,-2.353666317886314197e+00,7.829161478389915496e-01
1.763579382158624172e+09,1.166560533760377903e-02,7.785118961897105061e-01,9.895759282925855604e-01,1.279723701515961931e+00,-2.347080618884646697e+00,7.867194376455660665e-01
1.763579382172313213e+09,1.272447015988891969e-02,7.798339770402025195e-01,9.882092417875214529e-01,1.285115238612396071e+00,-2.340124738943520022e+00,7.906453865235006928e-01
1.763579382186002016e+09,1.382358688735202228e-02,7.812071239902650399e-01,9.869392083269297178e-01,1.290500518174223510e+00,-2.332847565282483160e+00,7.946318580223181716e-01
1.763579382199691057e+09,1.494649314314081337e-02,7.826183827153284644e-01,9.857600029318593915e-01,1.295876088069800369e+00,-2.325310569591389154e+00,7.986231034300657061e-01
1.763579382213379860e+09,1.607478057878426736e-02,7.840530172314781332e-01,9.846649377759580934e-01,1.301245623851511768e+00,-2.317579587508104222e+00,8.025641366696958379e-01
1.763579382227068663e+09,1.719056349036670803e-02,7.854968039857787021e-01,9.836470439478922634e-01,1.306613109743432810e+00,-2.309717982080837562e+00,8.064011587701179762e-01
1.763579382240757704e+09,1.827603755527785687e-02,7.869386142638047366e-01,9.826914368590176085e-01,1.312002184737333765e+00,-2.301770543459273011e+00,8.100979859174249897e-01
1.763579382254446507e+09,1.931435017703727469e-02,7.883710256085236789e-01,9.817744872393978639e-01,1.317458035804661920e+00,-2.293759606206104085e+00,8.136384128215342626e-01
1.763579382268135548e+09,2.028811480189697536e-02,7.897866348348926424e-01,9.808724286322368924e-01,1.323026046619988572e+00,-2.285707978406670726e+00,8.170063701519812982e-01
1.763579382281824350e+09,2.118566899411249149e-02,7.911778234965572976e-01,9.799636976757699625e-01,1.328750508001008912e+00,-2.277633354618680883e+00,8.201833126450680522e-01
1.763579382295513153e+09,2.202639192172453977e-02,7.925353024555809034e-01,9.790405642250603613e-01,1.334666643293822119e+00,-2.269528789771278365e+00,8.231332755005520418e-01
1.763579382309202194e+09,2.284387530989647266e-02,7.938491446116098249e-01,9.781015416946611252e-01,1.340805769208152975e+00,-2.261375532760872886e+00,8.258129811843347712e-01
1.763579382322890997e+09,2.367137707390748469e-02,7.951091959111629137e-01,9.771449194559466145e-01,1.347199127718857747e+00,-2.253155962619712849e+00,8.281784266235421299e-01
1.763579382336580038e+09,2.452395580164130895e-02,7.963111887108830222e-01,9.761709515381772340e-01,1.353875988738444835e+00,-2.244853013449557011e+00,8.302160448547752924e-01
1.763579382350268841e+09,2.537514956471402516e-02,7.974631890216564711e-01,9.751844493745662756e-01,1.360861190555400002e+00,-2.236454037359819846e+00,8.319777028434014454e-01
1.763579382363957644e+09,2.619282569287186349e-02,7.985755506669730552e-01,9.741905199829856699e-01,1.368178078776478790e+00,-2.227945920523489498e+00,8.335265542584313625e-01
1.763579382377646685e+09,2.694492121254335112e-02,7.996584569921558749e-01,9.731943574664198016e-01,1.375850266858815063e+00,-2.219315739428283418e+00,8.349250511702690503e-01
1.763579382391335487e+09,2.761782128017552934e-02,8.007275757769878322e-01,9.721926264761093783e-01,1.383872674117453627e+00,-2.210538477885978459e+00,8.362528783201726990e-01
1.763579382405024290e+09,2.821344375540043789e-02,8.018027047476915525e-01,9.711751705166945525e-01,1.392217567640593456e+00,-2.201579037236045977e+00,8.376021453964558328e-01
1.763579382418713331e+09,2.873417157065867936e-02,8.029044426372433652e-01,9.701310843096365710e-01,1.400856033317562810e+00,-2.192400883371364628e+00,8.390677850225823908e-01
1.763579382432402134e+09,2.918740610148371981e-02,8.040491648433966132e-01,9.690527496797686213e-01,1.409756535288189117e+00,-2.182972470788375752e+00,8.407302156946728777e-01
1.763579382446091175e+09,2.960514027141092352e-02,8.052372536456587904e-01,9.679454641815083971e-01,1.418877209377118032e+00,-2.173274726683037894e+00,8.426153936624167784e-01
1.763579382459779978e+09,3.002734983655649253e-02,8.064618415454076761e-01,9.668199850060652523e-01,1.428171415808538569e+00,-2.163297998446096937e+00,8.447241157207722173e-01
1.763579382473468781e+09,3.049625719133937027e-02,8.077168906101208634e-01,9.656869022663832069e-01,1.437592902110049753e+00,-2.153028018838462732e+00,8.470606887015037501e-01
1.763579382487157822e+09,3.102499943999071849e-02,8.089974605581040645e-01,9.645517139027841580e-01,1.447100157333662818e+00,-2.142478516057745530e+00,8.496261266983723415e-01
1.763579382500846624e+09,3.158026630719099059e-02,8.103014415074931698e-01,9.634112264033549700e-01,1.456659127135286669e+00,-2.131705985760989908e+00,8.524199756785070248e-01
1.763579382514535666e+09,3.211979910301708541e-02,8.116272113802253108e-01,9.622605128899565097e-01,1.466237875949709224e+00,-2.120774530195303154e+00,8.554414897284167152e-01
1.763579382528224468e+09,3.260461648556029629e-02,8.129724923999475106e-01,9.610957091845843125e-01,1.475803101482904722e+00,-2.109747919845031738e+00,8.586867040945374008e-01
1.763579382541913271e+09,3.301174947185679664e-02,8.143291853287624171e-01,9.599195834180371811e-01,1.485316638353887608e+00,-2.098697494560392673e+00,8.621172066758112651e-01
1.763579382555602312e+09,3.333499345846282352e-02,8.156837140479492598e-01,9.587416435152396055e-01,1.494735335352964212e+00,-2.087700037370293416e+00,8.656625935779400649e-01
1.763579382569291115e+09,3.356652905284202709e-02,8.170226450714165312e-01,9.575708355209645584e-01,1.504015589473297387e+00,-2.076833849772968588e+00,8.692535223641544295e-01
1.763579382582980156e+09,3.370257740045488198e-02,8.183333032614640290e-01,9.564177671458476970e-01,1.513116749959224183e+00,-2.066168045537878140e+00,8.728245149804402248e-01
1.763579382596668959e+09,3.375005724428507825e-02,8.196068981038810985e-01,9.552979385744565510e-01,1.522007934668269780e+00,-2.055739050824306080e+00,8.763319943006869783e-01
1.763579382610357761e+09,3.372060735159063821e-02,8.208360997655731461e-01,9.542288587141649625e-01,1.530662640372785210e+00,-2.045569816803701535e+00,8.797402769765682029e-01
1.763579382624046803e+09,3.362540094054533579e-02,8.220135053900278210e-01,9.532278352520496822e-01,1.539054023970170437e+00,-2.035684291056336193e+00,8.830132641018180184e-01
1.763579382637735605e+09,3.347986771732587574e-02,8.231347085811359099e-01,9.523050872714784454e-01,1.547168454643743418e+00,-2.026092088825930393e+00,8.861286552238333281e-01
1.763579382651424646e+09,3.330731389867731818e-02,8.242009697582580730e-01,9.514574083827844753e-01,1.555016892096412695e+00,-2.016775755280580729e+00,8.890893126726304718e-01
1.763579382665113449e+09,3.313117881939733889e-02,8.252140073188946046e-01,9.506803140335726710e-01,1.562613221763301308e+00,-2.007715839624578447e+00,8.919009237925651368e-01
1.763579382678802252e+09,3.297404835860793387e-02,8.261756128566177804e-01,9.499690584733937460e-01,1.569973381276863256e+00,-1.998892240972174328e+00,8.945702103045074516e-01
1.763579382692491293e+09,3.283225727631197688e-02,8.270866656790124560e-01,9.493169642445730139e-01,1.577153897469075527e+00,-1.990286679844461171e+00,8.971235682764475694e-01
1.763579382706180096e+09,3.268428075452815829e-02,8.279473553768739169e-01,9.487159982036833528e-01,1.584238633992874457e+00,-1.981882579341173400e+00,8.996004732117290903e-01
1.763579382719869137e+09,3.250774355960162065e-02,8.287579866309162657e-01,9.481580327079264237e-01,1.591313374164303962e+00,-1.973662595417514209e+00,9.020417224445342885e-01
1.763579382733557940e+09,3.228176836106775444e-02,8.295177952249872533e-01,9.476350456616899898e-01,1.598460425347032476e+00,-1.965612803282825505e+00,9.044823245307543891e-01
1.763579382747246742e+09,3.198804673585808889e-02,8.302223638366248437e-01,9.471392154767175331e-01,1.605756681811089548e+00,-1.957729178346181653e+00,9.069414540804279223e-01
1.763579382760935783e+09,3.161074154144277726e-02,8.308662227290281033e-01,9.466627270229683866e-01,1.613274320580073473e+00,-1.950010638344511493e+00,9.094307942084892682e-01
1.763579382774624586e+09,3.113219143080002763e-02,8.314437137303176684e-01,9.461979044518205040e-01,1.621088300462714127e+00,-1.942456950512554847e+00,9.119646012593684015e-01
1.763579382788313627e+09,3.055139462392568450e-02,8.319522100927602137e-01,9.457361781256408140e-01,1.629245072614559309e+00,-1.935058871802945779e+00,9.145370129332076603e-01
1.763579382802002430e+09,2.988877214721814141e-02,8.323930024405069572e-01,9.452682168906193505e-01,1.637752734393355114e+00,-1.927796512194511092e+00,9.171161079694828411e-01
1.763579382815691233e+09,2.916818555677774469e-02,8.327681296050132298e-01,9.447841288612758293e-01,1.646614422678467804e+00,-1.920647508833645656e+00,9.196663890302773092e-01
1.763579382829380274e+09,2.841199846411340824e-02,8.330785532062037202e-01,9.442767199808943523e-01,1.655832197516810433e+00,-1.913592091565810449e+00,9.221506365419707141e-01
1.763579382843069077e+09,2.763510650696519508e-02,8.333173283043197044e-01,9.437604483014427892e-01,1.665394295454452278e+00,-1.906627103562799519e+00,9.245132009879506452e-01
1.763579382856758118e+09,2.684684631784698891e-02,8.334715526627608506e-01,9.432660511816886029e-01,1.675277779019827662e+00,-1.899762221928943395e+00,9.266839278221632448e-01
1.763579382870446920e+09,2.605609161726782363e-02,8.335283937862568715e-01,9.428239775381248577e-01,1.685462034063467840e+00,-1.893006343918978818e+00,9.285943673931608133e-01
1.763579382884135723e+09,2.527898064878663156e-02,8.334780384234373729e-01,9.424576968138002053e-01,1.695910338229215775e+00,-1.886369260637750678e+00,9.301706654641774819e-01
1.763579382897824764e+09,2.455375840424715850e-02,8.333208723158752607e-01,9.421668708959787253e-01,1.706540450355803706e+00,-1.879861089407113939e+00,9.313270269794228229e-01
1.763579382911513567e+09,2.392588855310388493e-02,8.330603650987083997e-01,9.419439465864261063e-01,1.717254404583705485e+00,-1.873492896226745863e+00,9.319728928112152033e-01
1.763579382925202608e+09,2.343957685117236539e-02,8.326998465378455672e-01,9.417820217307172337e-01,1.727956619249375825e+00,-1.867274953279253635e+00,9.320193636895813816e-01
1.763579382938891411e+09,2.311980935976655840e-02,8.322487951509555115e-01,9.416757005922643531e-01,1.738547240140660533e+00,-1.861211612203684584e+00,9.314150771578670884e-01
1.763579382952580214e+09,2.296074577816034981e-02,8.317260040803350352e-01,9.416225275914874571e-01,1.748923056557144751e+00,-1.855296775122827091e+00,9.301679868583146993e-01
1.763579382966269255e+09,2.295496165782117542e-02,8.311507659319057328e-01,9.416200923543829315e-01,1.758980561044800606e+00,-1.849523817124687719e+00,9.282892569247245262e-01
1.763579382979958057e+09,2.309271863151242388e-02,8.305428210595676708e-01,9.416658892327839370e-01,1.768616844611114569e+00,-1.843885461918669977e+00,9.257954874311661309e-01
1.763579382993647099e+09,2.334521617706983992e-02,8.299243349094670430e-01,9.417549167318712833e-01,1.777742679378197188e+00,-1.838365854474397931e+00,9.227505715533810271e-01
1.763579383007335901e+09,2.367190572750103514e-02,8.293190807521584329e-01,9.418807212937079232e-01,1.786276662075608757e+00,-1.832944262902166166e+00,9.192479905512601634e-01
1.763579383021024704e+09,2.403166972204917248e-02,8.287508868773447723e-01,9.420367919635513898e-01,1.794136850285953155e+00,-1.827599951963911007e+00,9.153816889863444217e-01
1.763579383034713745e+09,2.439175158640150692e-02,8.282429609221459987e-01,9.422173142014034219e-01,1.801253577722524923e+00,-1.822306567292674595e+00,9.112382653525398224e-01
1.763579383048402548e+09,2.474366481016824007e-02,8.278173244249269480e-01,9.424184644870420291e-01,1.807590399248848012e+00,-1.817020482948362936e+00,9.068842556289521406e-01
1.763579383062091589e+09,2.508628705838846992e-02,8.274950797136035874e-01,9.426370514521839050e-01,1.813123168359414450e+00,-1.811693549202254339e+00,9.023787580955621168e-01
1.763579383075780392e+09,2.541726601728326942e-02,8.272979108934394032e-01,9.428697613131050703e-01,1.817823962312752117e+00,-1.806277780060307814e+00,8.977831438716878942e-01
1.763579383089469194e+09,2.574053030369864020e-02,8.272393926591752322e-01,9.431141347373926953e-01,1.821699949547605835e+00,-1.800736808002501910e+00,8.931394819377890260e-01
1.763579383103158236e+09,2.606591947746595903e-02,8.273239784940760178e-01,9.433686468850791540e-01,1.824795431793039491e+00,-1.795048617722965867e+00,8.884694060186510978e-01
1.763579383116847038e+09,2.640421496521730416e-02,8.275555412677474409e-01,9.436317639694092874e-01,1.827158642840379210e+00,-1.789191895805859245e+00,8.837928612071375145e-01
1.763579383130536079e+09,2.676729310788071928e-02,8.279345962074198262e-01,9.439032149817576656e-01,1.828841291026845228e+00,-1.783150881924774556e+00,8.791239614129187085e-01
1.763579383144224882e+09,2.717894691715621799e-02,8.284396543771767041e-01,9.441915566262867321e-01,1.829921614924161721e+00,-1.776944013858289040e+00,8.744366923086920318e-01
1.763579383157913685e+09,2.766848104504697828e-02,8.290355704065420772e-01,9.445103319028073097e-01,1.830494437945563213e+00,-1.770612611922740554e+00,8.696812123957871066e-01
1.763579383171602726e+09,2.826699867681829390e-02,8.296879611295626678e-01,9.448734575440621564e-01,1.830653184042653647e+00,-1.764194285702393339e+00,8.648073198192580691e-01
1.763579383185291529e+09,2.898879215427141789e-02,8.303664674147330782e-01,9.452885251176242898e-01,1.830490729431648589e+00,-1.757737486413182948e+00,8.597841727846788906e-01
1.763579383198980570e+09,2.980890335729624238e-02,8.310529487512351432e-01,9.457476943689493432e-01,1.830095446451069252e+00,-1.751308865503029111e+00,8.546292986802949132e-01
1.763579383212669373e+09,3.069148637959650053e-02,8.317320850829434953e-01,9.462389742004004844e-01,1.829555050730154564e+00,-1.744981869126570606e+00,8.493731529774714017e-01
1.763579383226358175e+09,3.160240438465963114e-02,8.323883325836958225e-01,9.467508867069449607e-01,1.828957210744385886e+00,-1.738827669276225008e+00,8.440447347083380736e-01
1.763579383240047216e+09,3.251052884630381556e-02,8.330050270220713537e-01,9.472710305660061447e-01,1.828391713218902925e+00,-1.732905171479512507e+00,8.386775083929361996e-01
1.763579383253736019e+09,3.339002271237406783e-02,8.335639910533100272e-01,9.477862716240024188e-01,1.827950822251650287e+00,-1.727256088899918440e+00,8.333100099418315754e-01
1.763579383267424822e+09,3.421482067112299741e-02,8.340470006151957660e-01,9.482834125157781902e-01,1.827726933723522462e+00,-1.721922279139551426e+00,8.279805244218203519e-01
1.763579383281113863e+09,3.496127120768890290e-02,8.344381123739752493e-01,9.487498322067596801e-01,1.827809244573959324e+00,-1.716938018162306845e+00,8.227307350310626433e-01
1.763579383294802666e+09,3.561988253247980879e-02,8.347372712558186469e-01,9.491767364880985269e-01,1.828264948181513194e+00,-1.712291954639901581e+00,8.176248971812736244e-01
1.763579383308491707e+09,3.618845264587012417e-02,8.349522841673442386e-01,9.495573236807329787e-01,1.829150051304300195e+00,-1.707949276206284006e+00,8.127377607226283773e-01
1.763579383322180510e+09,3.666438969351506344e-02,8.350907616627872843e-01,9.498846025084263234e-01,1.830521497159386834e+00,-1.703876187071133641e+00,8.081446369770349802e-01
1.763579383335869312e+09,3.704587749647480360e-02,8.351596753663262929e-01,9.501542043588945274e-01,1.832423731462419658e+00,-1.700038219231495562e+00,8.039135062452218428e-01
1.763579383349558353e+09,3.733165254111586728e-02,8.351643016467757974e-01,9.503678238347336160e-01,1.834873804807134245e+00,-1.696400305217250493e+00,8.000979430343422294e-01
1.763579383363247156e+09,3.752142135013562113e-02,8.351094855388624394e-01,9.505282904911490638e-01,1.837881781852671370e+00,-1.692927889132100017e+00,7.967464646672408612e-01
1.763579383376936197e+09,3.761431754054708060e-02,8.350001723300873868e-01,9.506383928572962327e-01,1.841459228181963503e+00,-1.689585927647183627e+00,7.939090147407472653e-01
1.763579383390625000e+09,3.762517031943526935e-02,8.348392566951280402e-01,9.507004077466810754e-01,1.845588677976513159e+00,-1.686349210123229136e+00,7.915884929074678000e-01
1.763579383404313803e+09,3.758230023061075176e-02,8.346278665795744400e-01,9.507161880772023732e-01,1.850227556719066246e+00,-1.683201325221640010e+00,7.897454613384643496e-01
1.763579383418002844e+09,3.751586393576801515e-02,8.343669259888223388e-01,9.506874099527555799e-01,1.855331243914708717e+00,-1.680125932019052915e+00,7.883375013645724794e-01
1.763579383431691647e+09,3.744985317236082523e-02,8.340577285682211350e-01,9.506172638437331290e-01,1.860854166632984308e+00,-1.677111493868710390e+00,7.873208977053022251e-01
1.763579383445380688e+09,3.738069627749388696e-02,8.337029429268490999e-01,9.505163772651495924e-01,1.866744372268879015e+00,-1.674168037662119524e+00,7.866440462922469345e-01
1.763579383459069490e+09,3.729126681031760121e-02,8.333059920431475920e-01,9.503988251583462832e-01,1.872946859802052888e+00,-1.671316868324661087e+00,7.862501607182864616e-01
1.763579383472758293e+09,3.716503080991414437e-02,8.328702149998659099e-01,9.502787304408870650e-01,1.879406683189024596e+00,-1.668577977190744299e+00,7.860849284553241834e-01
1.763579383486447334e+09,3.699403832830690936e-02,8.323987450269362265e-01,9.501663870229446474e-01,1.886073098782963253e+00,-1.665970369765200632e+00,7.860777286113541651e-01
1.763579383500136137e+09,3.678881291602498216e-02,8.318942381166284372e-01,9.500643341178963697e-01,1.892903453508148148e+00,-1.663509102094171022e+00,7.861295147494419266e-01
1.763579383513825178e+09,3.656342987003623896e-02,8.313592123301016823e-01,9.499735798852213531e-01,1.899856995746773691e+00,-1.661208679795491250e+00,7.861341828434545986e-01
1.763579383527513981e+09,3.633181667655410729e-02,8.307963818939143597e-01,9.498947176341341336e-01,1.906893542163277555e+00,-1.659083338799903551e+00,7.859884288061941282e-01
1.763579383541202784e+09,3.611097109338386874e-02,8.302108462568149605e-01,9.498186531807054633e-01,1.913987258870177177e+00,-1.657143545613449565e+00,7.856073102180461953e-01
1.763579383554891825e+09,3.592107641056085238e-02,8.296102243331716641e-01,9.497262589789309262e-01,1.921128146799700342e+00,-1.655395374632246730e+00,7.849275464371356925e-01
1.763579383568580627e+09,3.578215097047073023e-02,8.290021967790115465e-01,9.495983549398877566e-01,1.928304756802618147e+00,-1.653845453071023819e+00,7.838845112928625181e-01
1.763579383582269669e+09,3.571523170473311914e-02,8.283934455229856608e-01,9.494187746335288614e-01,1.935511716154156181e+00,-1.652497341494479244e+00,7.824192457617628049e-01
1.763579383595958471e+09,3.574549116508642099e-02,8.277854609200503422e-01,9.491883921221221376e-01,1.942765574572812071e+00,-1.651341794017980424e+00,7.804942610783048851e-01
1.763579383609647274e+09,3.589987430115551548e-02,8.271774691211701835e-01,9.489153071893048352e-01,1.950093406244635119e+00,-1.650363709075276963e+00,7.780822193989447300e-01
1.763579383623336315e+09,3.620545321623559742e-02,8.265687974543063365e-01,9.486072275747597926e-01,1.957521836409232607e+00,-1.649548384104048360e+00,7.751544594598469562e-01
1.763579383637025118e+09,3.667803767313592561e-02,8.259569867615078609e-01,9.482747250177208098e-01,1.965069120935629021e+00,-1.648881911830466285e+00,7.717093843658380248e-01
1.763579383650714159e+09,3.731126628364095366e-02,8.253354674964660243e-01,9.479339672631919012e-01,1.972738306745008163e+00,-1.648352687840200614e+00,7.677972415222290570e-01
1.763579383664402962e+09,3.809505833215726806e-02,8.246977320521255983e-01,9.476016220160418113e-01,1.980528597702934102e+00,-1.647948982256189465e+00,7.634771876709887106e-01
1.763579383678091764e+09,3.901923921763576775e-02,8.240373500138924445e-01,9.472942457844514275e-01,1.988439246481080280e+00,-1.647658881121574437e+00,7.588083445562997520e-01
1.763579383691780806e+09,4.005407030677102936e-02,8.233631147479892887e-01,9.470199615340164634e-01,1.996434222727043517e+00,-1.647457765778989724e+00,7.538927162272405225e-01
1.763579383705469608e+09,4.115555495705723599e-02,8.226950990178719669e-01,9.467805090778425026e-01,2.004450671714428367e+00,-1.647311231952498289e+00,7.488631841436714787e-01
1.763579383719158649e+09,4.227835710608986164e-02,8.220541754895750453e-01,9.465773826858977502e-01,2.012424922896887569e+00,-1.647184785226470938e+00,7.438561357697224263e-01
1.763579383732847452e+09,4.338259647686256576e-02,8.214589820447395496e-01,9.464118543929559424e-01,2.020292296173433755e+00,-1.647040116401937482e+00,7.389916774619931239e-01
1.763579383746536255e+09,4.444687925144648333e-02,8.209212096204525633e-01,9.462845232847847399e-01,2.027983837487141727e+00,-1.646823940148373744e+00,7.343363338598822843e-01
1.763579383760225296e+09,4.545770823066663108e-02,8.204491559885047636e-01,9.461954233629024102e-01,2.035430077408954652e+00,-1.646477601049621153e+00,7.299317590272726974e-01
1.763579383773914099e+09,4.640022849675840694e-02,8.200521247488328225e-01,9.461450241343651868e-01,2.042559972902362908e+00,-1.645942478521916330e+00,7.258261373976079289e-01
1.763579383787603140e+09,4.726239820565224931e-02,8.197341510732897296e-01,9.461298788240710689e-01,2.049315573117710620e+00,-1.645167289912285558e+00,7.220361019711252215e-01
1.763579383801291943e+09,4.803487230368284205e-02,8.194923425945778162e-01,9.461408894624065979e-01,2.055657184421242345e+00,-1.644112957494005212e+00,7.185372317523222030e-01
1.763579383814980745e+09,4.870890235866458945e-02,8.193224578934621416e-01,9.461680477063517669e-01,2.061548100126392224e+00,-1.642741616194995924e+00,7.152974269788962003e-01
1.763579383828669786e+09,4.927650891925095672e-02,8.192206710484425392e-01,9.462009095320150776e-01,2.066953165455023278e+00,-1.641017335057054272e+00,7.122836672253100021e-01
1.763579383842358589e+09,4.973793662538253391e-02,8.191847475737954465e-01,9.462223517307480902e-01,2.071852825133022602e+00,-1.638919875593958464e+00,7.094396401381489747e-01
1.763579383856047630e+09,5.010088613194154522e-02,8.192138357186583564e-01,9.462099168658427706e-01,2.076242806724968748e+00,-1.636444057606530889e+00,7.066889883672323736e-01
1.763579383869736433e+09,5.037236011209376280e-02,8.193072049612656338e-01,9.461409706961563248e-01,2.080116477108550299e+00,-1.633582485073421076e+00,7.039568044334799657e-01
1.763579383883425236e+09,5.056117810013888852e-02,8.194622229128616375e-01,9.459967331115390898e-01,2.083476471247797779e+00,-1.630338842000442323e+00,7.011666113858946447e-01
1.763579383897114277e+09,5.068056428918354256e-02,8.196693039339593145e-01,9.457729870070529232e-01,2.086352901250576153e+00,-1.626751609598854120e+00,6.982417990892003656e-01
1.763579383910803080e+09,5.074556447900577943e-02,8.199163816850015829e-01,9.454706276729137882e-01,2.088786117057003455e+00,-1.622872508636736599e+00,6.951052188214214000e-01
1.763579383924492121e+09,5.077111719542430623e-02,8.201915636593479775e-01,9.450901907062360108e-01,2.090815692583344099e+00,-1.618751836333671923e+00,6.916797306173818605e-01
1.763579383938180923e+09,5.078043206991252750e-02,8.204790062070905776e-01,9.446387118850251285e-01,2.092486565527749587e+00,-1.614448737442998105e+00,6.878939992192670827e-01
1.763579383951869726e+09,5.081111392981831065e-02,8.207562172078353147e-01,9.441337837566220470e-01,2.093852115489363452e+00,-1.610035555095944426e+00,6.836848743148239427e-01
1.763579383965558767e+09,5.090106898908389188e-02,8.210004503655632391e-01,9.435938394322720413e-01,2.094966450189638341e+00,-1.605585587760657518e+00,6.789915724930490892e-01
1.763579383979247570e+09,5.108630165758180214e-02,8.211896049331511849e-01,9.430374684724613932e-01,2.095883670957332079e+00,-1.601171808361035787e+00,6.737587537715714614e-01
1.763579383992936611e+09,5.136398713986539688e-02,8.213149840337959917e-01,9.424832724189856625e-01,2.096657921755015863e+00,-1.596856011748906790e+00,6.680206577380356503e-01
1.763579384006625414e+09,5.170658350421360183e-02,8.213765419416295677e-01,9.419498000224558742e-01,2.097343037856015613e+00,-1.592692657587421179e+00,6.618701288831240204e-01
1.763579384020314217e+09,5.208581018988012873e-02,8.213742202947553750e-01,9.414559219906227794e-01,2.097993395671587713e+00,-1.588737115482081075e+00,6.554001594128540109e-01
1.763579384034003258e+09,5.247529989175542947e-02,8.213106409291067722e-01,9.410160839588457282e-01,2.098656896995595655e+00,-1.585031338342727913e+00,6.487152913500104923e-01
1.763579384047692060e+09,5.285305208911651037e-02,8.211975920264051876e-01,9.406304005602139640e-01,2.099360269926074274e+00,-1.581576296114501012e+00,6.419618824073505259e-01
1.763579384061381102e+09,5.319973745435691015e-02,8.210494534423176116e-01,9.402944271750681704e-01,2.100123730615749196e+00,-1.578357760463556581e+00,6.352963257464246949e-01
1.763579384075069904e+09,5.349452011895725057e-02,8.208807068846413202e-01,9.400040784060229582e-01,2.100967789345911552e+00,-1.575365007060768319e+00,6.288772326992871919e-01
1.763579384088758707e+09,5.372954015816248929e-02,8.207013400750005072e-01,9.397575803206573708e-01,2.101917250477826737e+00,-1.572569491965224442e+00,6.228285357369806041e-01
1.763579384102447748e+09,5.391289366400774108e-02,8.205152468786631736e-01,9.395567771553895442e-01,2.103002851943861717e+00,-1.569922574004472882e+00,6.172285199068887618e-01
1.763579384116136551e+09,5.405513353746830424e-02,8.203255886695357546e-01,9.394038871626536613e-01,2.104256413078704480e+00,-1.567372107507993384e+00,6.121503622476375250e-01
1.763579384129825592e+09,5.416750036794562573e-02,8.201350504943397679e-01,9.393012960239135456e-01,2.105707657536748378e+00,-1.564866012959004626e+00,6.076616812920961896e-01
1.763579384143514395e+09,5.427319286851436941e-02,8.199416855457091202e-01,9.392532479286713754e-01,2.107373652485001969e+00,-1.562343771412123772e+00,6.037855568498653458e-01
1.763579384157203197e+09,5.440257172958670728e-02,8.197403056171392866e-01,9.392651697272415001e-01,2.109261116622705767e+00,-1.559740540603711256e+00,6.005117287137013982e-01
1.763579384170892239e+09,5.458697965057023732e-02,8.195258114157297769e-01,9.393425894483837801e-01,2.111378645922110220e+00,-1.556990006859359177e+00,5.978328976303699527e-01
1.763579384184581041e+09,5.484669129721519293e-02,8.192942487536262197e-01,9.394896041687221810e-01,2.113727335155934917e+00,-1.554038837931511319e+00,5.957388921110537972e-01
1.763579384198269844e+09,5.517174921311330388e-02,8.190452390422688911e-01,9.397063380635374275e-01,2.116291345358926712e+00,-1.550868132824750889e+00,5.942180539333478118e-01
1.763579384211958885e+09,5.554328089470993157e-02,8.187794054025211432e-01,9.399917612500509057e-01,2.119049406007843306e+00,-1.547469067114707997e+00,5.932575505485812029e-01
1.763579384225647688e+09,5.594346472948692056e-02,8.184972049521684889e-01,9.403449744614180705e-01,2.121980778199153317e+00,-1.543832405067106173e+00,5.928442703219274357e-01
1.763579384239336729e+09,5.635653182416106022e-02,8.181967093308700756e-01,9.407658223071510006e-01,2.125063998358747153e+00,-1.539961545783598229e+00,5.929463644017528567e-01
1.763579384253025532e+09,5.677038987088715155e-02,8.178726284760592380e-01,9.412552338361405146e-01,2.128276744236067941e+00,-1.535877189898730899e+00,5.935062604666550001e-01
1.763579384266714334e+09,5.717293991307535045e-02,8.175196041434303895e-01,9.418141566109566876e-01,2.131596729834041248e+00,-1.531600386081677145e+00,5.944658035780612249e-01
1.763579384280403376e+09,5.755262244646812408e-02,8.171323981773674916e-01,9.424432028711878795e-01,2.135001113583085086e+00,-1.527154610634390064e+00,5.957663580166271400e-01
1.763579384294092178e+09,5.790105890879875677e-02,8.167079365211019626e-01,9.431395153592246894e-01,2.138461452835707544e+00,-1.522581067923682641e+00,5.973518469397153252e-01
1.763579384307781219e+09,5.821184025142494417e-02,8.162442452131474235e-01,9.438983975821382266e-01,2.141946707027005292e+00,-1.517930485579047417e+00,5.991675090825424599e-01
1.763579384321470022e+09,5.847828581818392130e-02,8.157393494912996701e-01,9.447151754673799307e-01,2.145425401905536322e+00,-1.513253729636824696e+00,6.011581725621627514e-01
1.763579384335158825e+09,5.869654599432099634e-02,8.151929009737437504e-01,9.455830872255995834e-01,2.148867157940763661e+00,-1.508602554374908866e+00,6.032750860062450204e-01
1.763579384348847866e+09,5.886949103736360128e-02,8.146095750689325010e-01,9.464891248858732231e-01,2.152242206129574509e+00,-1.504031692324366842e+00,6.054863234075886780e-01
1.763579384362536669e+09,5.900208458462586486e-02,8.139946031074239974e-01,9.474194157519693071e-01,2.155522374448680001e+00,-1.499596605440244756e+00,6.077635480872882745e-01
1.763579384376225710e+09,5.909867918593785657e-02,8.133536691010301301e-01,9.483597010609443601e-01,2.158678287504671278e+00,-1.495352545519803789e+00,6.100784997651184094e-01
1.763579384389914513e+09,5.917104879283504454e-02,8.126819609474013051e-01,9.493064338437384730e-01,2.161706276977299002e+00,-1.491351498261918929e+00,6.123980971196071321e-01
1.763579384403603315e+09,5.923791469786685027e-02,8.119641955916730991e-01,9.502669983128216868e-01,2.164628814898645004e+00,-1.487641355049673431e+00,6.146847849704969446e-01
1.763579384417292356e+09,5.931915390407641042e-02,8.111837820618861272e-01,9.512498847278862968e-01,2.167470836402630496e+00,-1.484269999681761654e+00,6.168999823306554608e-01
1.763579384430981159e+09,5.943239818169578081e-02,8.103256825523822426e-01,9.522631370591736477e-01,2.170258295904897494e+00,-1.481283621391013439e+00,6.190087510108719382e-01
1.763579384444670200e+09,5.958583687041222460e-02,8.093802550190601908e-01,9.533142806016364768e-01,2.173028093279799844e+00,-1.478718800370883324e+00,6.209939505959504169e-01
1.763579384458359003e+09,5.978127111574498692e-02,8.083419656318697744e-01,9.544101827186481923e-01,2.175822271769471516e+00,-1.476606309373156956e+00,6.228498281101124689e-01
1.763579384472047806e+09,6.002189764097919794e-02,8.072040379880199845e-01,9.555579445932592675e-01,2.178683328949128306e+00,-1.474977918925916676e+00,6.245684020001748271e-01
1.763579384485736847e+09,6.030724372317591148e-02,8.059634205481014391e-01,9.567643104190867165e-01,2.181650211604051037e+00,-1.473862809112653993e+00,6.261476093348058436e-01
1.763579384499425650e+09,6.062596097954681129e-02,8.046285529972108108e-01,9.580351656992139864e-01,2.184748675169677412e+00,-1.473283252268480004e+00,6.276023958901826294e-01
1.763579384513114691e+09,6.096117459009722794e-02,8.032137548793112369e-01,9.593759210406677118e-01,2.187997931703943966e+00,-1.473257529722958203e+00,6.289567006549925399e-01
1.763579384526803493e+09,6.129668290083547383e-02,8.017325000556716486e-01,9.607920878752049809e-01,2.191418241699628400e+00,-1.473804669148281343e+00,6.302331393277108562e-01
1.763579384540492296e+09,6.162411841333050033e-02,8.001975139078970622e-01,9.622857282725221229e-01,2.195013963852570082e+00,-1.474933119613364596e+00,6.314434800757571242e-01
1.763579384554181337e+09,6.195165478643862439e-02,7.986186929515638466e-01,9.638522490882867055e-01,2.198759159814293263e+00,-1.476630848167153287e+00,6.325758031102506340e-01
1.763579384567870140e+09,6.228914884953398040e-02,7.970059754655504092e-01,9.654861640028885583e-01,2.202624276163881234e+00,-1.478883761163133359e+00,6.336158980863163537e-01
1.763579384581559181e+09,6.264647439726746259e-02,7.953680280633687039e-01,9.671824715416051932e-01,2.206577766977640298e+00,-1.481672412428759911e+00,6.345477622665458561e-01
1.763579384595247984e+09,6.303142411181782145e-02,7.937065047510928339e-01,9.689392717975565672e-01,2.210575032084110436e+00,-1.484941744312407108e+00,6.353455474824764027e-01
1.763579384608936787e+09,6.345059436753283655e-02,7.920191207906782660e-01,9.707563497984027512e-01,2.214564546387401744e+00,-1.488617296692256842e+00,6.359784036925483219e-01
1.763579384622625828e+09,6.391091888578240288e-02,7.903037097403234901e-01,9.726335087605962881e-01,2.218495019291381709e+00,-1.492625616719033710e+00,6.364151753495973507e-01
1.763579384636314631e+09,6.440592425185746872e-02,7.885613617724421820e-01,9.745664073666151506e-01,2.222314995791681014e+00,-1.496880854870054289e+00,6.366479255011795457e-01
1.763579384650003672e+09,6.490897031223211155e-02,7.867983405190434043e-01,9.765443407726739355e-01,2.225972909567328628e+00,-1.501279009805671194e+00,6.367043393579197019e-01
1.763579384663692474e+09,6.539115740794955445e-02,7.850212483943309616e-01,9.785560927104749451e-01,2.229417603418681004e+00,-1.505714483186263886e+00,6.366157249002065699e-01
1.763579384677381277e+09,6.582394045507738989e-02,7.832353978365654834e-01,9.805916879844344125e-01,2.232601184075547085e+00,-1.510085499395085851e+00,6.364123102943876065e-01
1.763579384691070318e+09,6.617870540771041143e-02,7.814315606905408718e-01,9.826547631317815723e-01,2.235511410144268574e+00,-1.514328530394442707e+00,6.361158598514373708e-01
1.763579384704759121e+09,6.642771309838146898e-02,7.795926310371553702e-01,9.847563425693275363e-01,2.238156304103379846e+00,-1.518402557654181972e+00,6.357426543530535490e-01
1.763579384718448162e+09,6.654206349327725090e-02,7.777012109562555509e-01,9.869077132551855591e-01,2.240543049958242161e+00,-1.522264659569833256e+00,6.353098013517851639e-01
1.763579384732136965e+09,6.649979930038196763e-02,7.757412178890108478e-01,9.891190787716899191e-01,2.242684406415709653e+00,-1.525884741321405169e+00,6.348303221718972766e-01
1.763579384745825768e+09,6.629982317157281924e-02,7.737000297866274412e-01,9.913978850685503108e-01,2.244609182121554358e+00,-1.529271813491145826e+00,6.343056949309707759e-01
1.763579384759514809e+09,6.595024749954775389e-02,7.715668793733588826e-01,9.937500895204082196e-01,2.246353915411881896e+00,-1.532452005162853848e+00,6.337319579404979697e-01
1.763579384773203611e+09,6.545710378394897777e-02,7.693303022894658616e-01,9.961821798299259623e-01,2.247952594904936152e+00,-1.535447527739415730e+00,6.331067129422719431e-01
1.763579384786892653e+09,6.483181721606051662e-02,7.669827981194577982e-01,9.986974365003262744e-01,2.249448795901251685e+00,-1.538289397151724192e+00,6.324223361297097723e-01
1.763579384800581455e+09,6.409386696918524529e-02,7.645243832968167119e-01,1.001292907567580048e+00,2.250901821720222351e+00,-1.541020226629929768e+00,6.316628584981049954e-01
1.763579384814270258e+09,6.326518060274775868e-02,7.619569265225659693e-01,1.003964164904869394e+00,2.252375623427111506e+00,-1.543686823818000375e+00,6.308098151554696331e-01
1.763579384827959299e+09,6.236712115418102664e-02,7.592819504558704358e-01,1.006707168853609558e+00,2.253933204387787992e+00,-1.546334285987777779e+00,6.298453207072418625e-01
1.763579384841648102e+09,6.142081656025916159e-02,7.565025976635697535e-01,1.009520325435801169e+00,2.255642121901646924e+00,-1.548993009692646750e+00,6.287518450915383639e-01
1.763579384855337143e+09,6.044649289198199271e-02,7.536234626606450604e-01,1.012406019294465054e+00,2.257574739642518757e+00,-1.551671465112483439e+00,6.275129569936415130e-01
1.763579384869025946e+09,5.946442375669027530e-02,7.506493841088512919e-01,1.015366442045370743e+00,2.259803998472854403e+00,-1.554379110957794907e+00,6.261120406601567989e-01
1.763579384882714748e+09,5.849530171978857551e-02,7.475853428082610552e-01,1.018404169579579133e+00,2.262399787078326785e+00,-1.557115924346321734e+00,6.245338888995904947e-01
1.763579384896403790e+09,5.756266691913670269e-02,7.444376784608719433e-01,1.021522123768872303e+00,2.265414275198416316e+00,-1.559835610819042762e+00,6.227708238300104782e-01
1.763579384910092592e+09,5.669159278662736640e-02,7.412136471103188962e-01,1.024723338040791631e+00,2.268889871476422293e+00,-1.562466304824831731e+00,6.208194047672156435e-01
1.763579384923781633e+09,5.590704841049861512e-02,7.379202280956107529e-01,1.028011038917580500e+00,2.272870046802431432e+00,-1.564938076692937718e+00,6.186756797833337096e-01
1.763579384937470436e+09,5.523145755000302692e-02,7.345623567846735202e-01,1.031388242644798670e+00,2.277376888558786838e+00,-1.567198663848914375e+00,6.163416510496008138e-01
1.763579384951159239e+09,5.468282040232252256e-02,7.311404242380088458e-01,1.034858266672956661e+00,2.282395404212667955e+00,-1.569230417942149902e+00,6.138288931154861627e-01
1.763579384964848280e+09,5.427812459412814650e-02,7.276545041626701904e-01,1.038424296554544712e+00,2.287905857798257170e+00,-1.571019838789501799e+00,6.111507088747530902e-01
1.763579384978537083e+09,5.403288784763793373e-02,7.241051223231917966e-01,1.042088902999694922e+00,2.293886124351351530e+00,-1.572555249283327461e+00,6.083221579533436563e-01
1.763579384992226124e+09,5.393873187206458392e-02,7.204979303531738877e-01,1.045848153463956098e+00,2.300282974428396354e+00,-1.573854570557651211e+00,6.053851794507227879e-01
1.763579385005914927e+09,5.397264678730741283e-02,7.168419857207317669e-01,1.049693640580841469e+00,2.307023664499479931e+00,-1.574952855641305272e+00,6.023980706957510201e-01
1.763579385019603729e+09,5.411181416526351928e-02,7.131463074357861087e-01,1.053617322111640497e+00,2.314035608373582242e+00,-1.575886360098215588e+00,5.994194345329653117e-01
1.763579385033292770e+09,5.432903115930601268e-02,7.094194506794768706e-01,1.057608838739328094e+00,2.321243941303357872e+00,-1.576685513960815577e+00,5.965080613019541067e-01
1.763579385046981573e+09,5.458482621927633616e-02,7.056694671792921314e-01,1.061651163698586808e+00,2.328566510242422893e+00,-1.577366654510384159e+00,5.937255322363479415e-01
1.763579385060670376e+09,5.483641182928760544e-02,7.019035572977948556e-01,1.065725741606445176e+00,2.335919861506997375e+00,-1.577940990183394954e+00,5.911323938100641051e-01
1.763579385074359417e+09,5.504103156508125677e-02,6.981294433738641780e-01,1.069813995585359390e+00,2.343220403133229990e+00,-1.578421142968788438e+00,5.887909250465936939e-01
1.763579385088048220e+09,5.516269952640603935e-02,6.943497590561774624e-01,1.073900908673147470e+00,2.350389516999181083e+00,-1.578812682333337714e+00,5.867422016954257913e-01
1.763579385101737261e+09,5.517491169406197465e-02,6.905604216548317797e-01,1.077976799920430162e+00,2.357356425043769743e+00,-1.579113537011279877e+00,5.849999180266050036e-01
1.763579385115426064e+09,5.505198404262253570e-02,6.867565684724433739e-01,1.082032379644768394e+00,2.364050471210616067e+00,-1.579320091273606064e+00,5.835746224021159945e-01
1.763579385129114866e+09,5.476981718438603958e-02,6.829338424841188138e-01,1.086058060437709916e+00,2.370402266825954563e+00,-1.579429970672525441e+00,5.824749391994782366e-01
1.763579385142803907e+09,5.432073709980694137e-02,6.790916369778476902e-01,1.090040116426049144e+00,2.376349201523843657e+00,-1.579447351492410112e+00,5.816853796948304733e-01
1.763579385156492710e+09,5.371203848723964808e-02,6.752335964808686697e-01,1.093960784825710242e+00,2.381835629459982950e+00,-1.579383430501936969e+00,5.811690317031279474e-01
1.763579385170181751e+09,5.294999338399304645e-02,6.713623176362095712e-01,1.097802829602512187e+00,2.386804692222887159e+00,-1.579248117598730294e+00,5.808901499554198766e-01
1.763579385183870554e+09,5.204223662581132503e-02,6.674838319040128365e-01,1.101548575814627062e+00,2.391206617635334819e+00,-1.579056370509641871e+00,5.808120744584869266e-01
1.763579385197559357e+09,5.099765191513064289e-02,6.636149021796104996e-01,1.105181033468827456e+00,2.395018753595083982e+00,-1.578840322294754017e+00,5.808999200316591338e-01
1.763579385211248398e+09,4.982616374581370911e-02,6.597774399747009522e-01,1.108683259154122913e+00,2.398230835554627127e+00,-1.578640211605904176e+00,5.811189221272051730e-01
1.763579385224937201e+09,4.853755723973891129e-02,6.559929734342725416e-01,1.112038184685851361e+00,2.400831181509063050e+00,-1.578495303584357856e+00,5.814344551592930399e-01
1.763579385238626242e+09,4.714352365909338372e-02,6.522834075758118244e-01,1.115233597805805665e+00,2.402830007894773523e+00,-1.578432827373957847e+00,5.818128130111600571e-01
1.763579385252315044e+09,4.565925613886907819e-02,6.486715748559950256e-01,1.118265615749874708e+00,2.404276552736637651e+00,-1.578456356577860653e+00,5.822219702481734593e-01
1.763579385266003847e+09,4.410036726036165727e-02,6.451799724445723694e-01,1.121131603587107062e+00,2.405224031491209224e+00,-1.578567159495014138e+00,5.826303064250085706e-01
1.763579385279692888e+09,4.248310394600529616e-02,6.418296639146576776e-01,1.123830577057044255e+00,2.405726830948852424e+00,-1.578764663898424958e+00,5.830077994105282713e-01
1.763579385293381691e+09,4.083265430662600531e-02,6.386228398774751458e-01,1.126381904081917851e+00,2.405847780434233307e+00,-1.579029240777906073e+00,5.833437667372058932e-01
1.763579385307070732e+09,3.917897160928084099e-02,6.355501672132490842e-01,1.128817249320027027e+00,2.405654863349358408e+00,-1.579329940746614813e+00,5.836396822405914842e-01
1.763579385320759535e+09,3.755291826552938778e-02,6.326022238514867890e-01,1.131168608845850354e+00,2.405216519908038197e+00,-1.579635210575868864e+00,5.838962581574911326e-01
1.763579385334448338e+09,3.597533277741023217e-02,6.297722306266226866e-01,1.133463564128770473e+00,2.404596247020197808e+00,-1.579918847530137560e+00,5.841280051038134635e-01
1.763579385348137379e+09,3.444146288934785832e-02,6.270605882580477797e-01,1.135718743096518990e+00,2.403845568775643482e+00,-1.580167220320257027e+00,5.843872455966468982e-01
1.763579385361826181e+09,3.294066638765073135e-02,6.244695632294381404e-01,1.137947447721035399e+00,2.403012624076848347e+00,-1.580370626472502371e+00,5.847330904494305592e-01
1.763579385375515223e+09,3.146241773509480394e-02,6.220011400895464337e-01,1.140163811215047840e+00,2.402146159238907952e+00,-1.580518364643616946e+00,5.852261302767601814e-01
1.763579385389204025e+09,3.000752603054996498e-02,6.196544975765844177e-01,1.142377289184050682e+00,2.401290806532931921e+00,-1.580608799667406750e+00,5.858804082946318381e-01
1.763579385402892828e+09,2.858948361998601972e-02,6.174252613956766611e-01,1.144592994276449449e+00,2.400486978002176031e+00,-1.580649500907597149e+00,5.866590760742028676e-01
1.763579385416581869e+09,2.722287697021964423e-02,6.153087675173958271e-01,1.146815685706719545e+00,2.399774896686619030e+00,-1.580648858974016413e+00,5.875212816813503158e-01
1.763579385430270672e+09,2.592206852823037561e-02,6.133006920465896572e-01,1.149048533230980773e+00,2.399192791663851576e+00,-1.580617295101339304e+00,5.884210173028620039e-01
1.763579385443959713e+09,2.470014869347045977e-02,6.113979917885756787e-01,1.151284506756680592e+00,2.398765978316155234e+00,-1.580580746947504389e+00,5.892758785306678737e-01
1.763579385457648516e+09,2.356953807713995167e-02,6.095986014931061847e-01,1.153509998460064523e+00,2.398511319019985599e+00,-1.580574302616362559e+00,5.899802715452741042e-01
1.763579385471337318e+09,2.254255573048866493e-02,6.079004158109914124e-01,1.155711650934019508e+00,2.398446390965199626e+00,-1.580633394824376925e+00,5.904299020032433010e-01
1.763579385485026360e+09,2.163220777787135812e-02,6.063002834787869499e-01,1.157879605472789342e+00,2.398589017866003648e+00,-1.580784652424704673e+00,5.905278169176809699e-01
1.763579385498715162e+09,2.085315410270493358e-02,6.047923268130435126e-01,1.160014101813411136e+00,2.398959159373129424e+00,-1.581030693168393286e+00,5.902014423903269025e-01
1.763579385512404203e+09,2.022061562409236193e-02,6.033697494248975168e-01,1.162118297542835466e+00,2.399577347184780773e+00,-1.581367360421583657e+00,5.893840489287177631e-01
1.763579385526093006e+09,1.974922993997411946e-02,6.020259312757004766e-01,1.164195133628846301e+00,2.400463566263375093e+00,-1.581790806858623055e+00,5.880105262960653167e-01
1.763579385539781809e+09,1.943916228795534648e-02,6.007532728536575384e-01,1.166253974027417151e+00,2.401626461290342629e+00,-1.582282441583258592e+00,5.860709234106098453e-01
1.763579385553470850e+09,1.926977661205280662e-02,5.995429988673277588e-01,1.168312944703136180e+00,2.403058182295644052e+00,-1.582803455664005376e+00,5.836340345510930838e-01
1.763579385567159653e+09,1.921999747291291277e-02,5.983863535043901782e-01,1.170390300381870308e+00,2.404750471611911244e+00,-1.583314431393512134e+00,5.807705812383726629e-01
1.763579385580848694e+09,1.926747607375796714e-02,5.972748392955774532e-01,1.172504492438218637e+00,2.406691469894747470e+00,-1.583778192788793060e+00,5.775554994278785381e-01
1.763579385594537497e+09,1.938518534117936870e-02,5.962032294940443622e-01,1.174671951058056552e+00,2.408842400692716712e+00,-1.584182003157531327e+00,5.740786329288611878e-01
1.763579385608226299e+09,1.954321803926279549e-02,5.951680091307823828e-01,1.176908202815760252e+00,2.411149495493190908e+00,-1.584526345628423982e+00,5.704389103752413037e-01
1.763579385621915340e+09,1.971158427227644866e-02,5.941656178480179129e-01,1.179229001375299957e+00,2.413559025524810941e+00,-1.584811745591585330e+00,5.667355225588387446e-01
1.763579385635604143e+09,1.986418963877120691e-02,5.931938074084799339e-01,1.181645411240151766e+00,2.416021478699850622e+00,-1.585034292138304046e+00,5.630560421973511698e-01
1.763579385649293184e+09,1.998474371676438668e-02,5.922538155225776091e-01,1.184157325883509193e+00,2.418498019400319610e+00,-1.585178755871871958e+00,5.594588660374533173e-01
1.763579385662981987e+09,2.005914128857125625e-02,5.913472866014756191e-01,1.186761975801853719e+00,2.420952670204413959e+00,-1.585227411101629347e+00,5.559954500403053723e-01
1.763579385676670790e+09,2.007308064691827251e-02,5.904760672997306781e-01,1.189456955784288006e+00,2.423348841649684449e+00,-1.585162842272241468e+00,5.527181772977999286e-01
1.763579385690359831e+09,2.001391941934659718e-02,5.896345172130444956e-01,1.192239303260348438e+00,2.425663187542868915e+00,-1.584968058521243117e+00,5.496620271729841800e-01
1.763579385704048634e+09,1.987071809809309170e-02,5.888101075984497612e-01,1.195105560884676787e+00,2.427884422262676090e+00,-1.584627227065380062e+00,5.468455517825964174e-01
1.763579385717737675e+09,1.963222757547682454e-02,5.879895501047883721e-01,1.198052453097411485e+00,2.430002356843829148e+00,-1.584123840122058979e+00,5.442869574084386874e-01
1.763579385731426477e+09,1.929055484853966010e-02,5.871605637926986532e-01,1.201075643836311047e+00,2.432007433792993112e+00,-1.583445525061097703e+00,5.419945151414187201e-01
1.763579385745115280e+09,1.885311609855365444e-02,5.863146216219387030e-01,1.204166182787164141e+00,2.433894365393486137e+00,-1.582597438227714148e+00,5.399275235800495842e-01
1.763579385758804321e+09,1.833529387350825435e-02,5.854451327103021852e-01,1.207313082816003913e+00,2.435660393237668586e+00,-1.581594335036528687e+00,5.380208234604314521e-01
1.763579385772493124e+09,1.775171290468895852e-02,5.845454965861812680e-01,1.210504925584165337e+00,2.437301843880546937e+00,-1.580449618950880319e+00,5.362108721769591746e-01
1.763579385786182165e+09,1.711528622718760245e-02,5.836074189359987674e-01,1.213735034802137402e+00,2.438820763904570033e+00,-1.579178152326155216e+00,5.344475088502148585e-01
1.763579385799870968e+09,1.643417268004380288e-02,5.826193984154659500e-01,1.217005221841797491e+00,2.440229407591233635e+00,-1.577795279828344999e+00,5.327113924175329585e-01
1.763579385813559771e+09,1.571590460569071909e-02,5.815691551197451625e-01,1.220319198645853032e+00,2.441541935012915054e+00,-1.576317122601761156e+00,5.309876925203310671e-01
1.763579385827248812e+09,1.496745835994213805e-02,5.804450201802529019e-01,1.223680522805581372e+00,2.442773478806882892e+00,-1.574758057469877182e+00,5.292650076679065174e-01
1.763579385840937614e+09,1.418830551995908622e-02,5.792429055317951381e-01,1.227092991454779236e+00,2.443952707712996553e+00,-1.573113143999364860e+00,5.275814730122805329e-01
1.763579385854626656e+09,1.336964717059838798e-02,5.779668331734743036e-01,1.230561061995388394e+00,2.445123907074214564e+00,-1.571355727299029725e+00,5.260293829480648942e-01
1.763579385868315458e+09,1.250287655629853285e-02,5.766208071877358954e-01,1.234088852154507476e+00,2.446330253565942581e+00,-1.569459916769635699e+00,5.246996461513915300e-01
1.763579385882004261e+09,1.158048994882083203e-02,5.752072656433436793e-01,1.237681808379474724e+00,2.447621096534827956e+00,-1.567400068092231757e+00,5.236823200417685120e-01
1.763579385895693302e+09,1.060331046283769126e-02,5.737184456162023327e-01,1.241351346874535411e+00,2.449073533089445753e+00,-1.565158463880747641e+00,5.230482403528285973e-01
1.763579385909382105e+09,9.575837626671857006e-03,5.721422180922277612e-01,1.245111375228556971e+00,2.450777325297024856e+00,-1.562720794772932242e+00,5.228605396116237092e-01
1.763579385923070908e+09,8.502280578342321163e-03,5.704665756713845903e-01,1.248975942328307553e+00,2.452822200315650125e+00,-1.560072064614415277e+00,5.231831816636173249e-01
1.763579385936759949e+09,7.389334874366716190e-03,5.686741214161887825e-01,1.252958921418063198e+00,2.455287132064302380e+00,-1.557213209578104385e+00,5.240553137380589144e-01
1.763579385950448751e+09,6.248544462388466898e-03,5.667347032800629236e-01,1.257074327336164643e+00,2.458230329774321099e+00,-1.554178711062947693e+00,5.254635263381809418e-01
1.763579385964137793e+09,5.092697024604180001e-03,5.646172542607370559e-01,1.261335572429340246e+00,2.461702880867080001e+00,-1.551009859041122985e+00,5.273840131661300390e-01
1.763579385977826595e+09,3.934320356518977366e-03,5.622904794850078769e-01,1.265756108911049393e+00,2.465757220859855714e+00,-1.547747204366276330e+00,5.297940131325394875e-01
1.763579385991515398e+09,2.797017387134382443e-03,5.597518091164512821e-01,1.270327972186938492e+00,2.470352938093225870e+00,-1.544468225362334302e+00,5.326233587661878266e-01
1.763579386005204439e+09,1.712904877479946245e-03,5.570232566051673828e-01,1.275024897483760355e+00,2.475371408493598047e+00,-1.541280152688564220e+00,5.357632699299986756e-01
1.763579386018893242e+09,7.161494361458239010e-04,5.541283955880726975e-01,1.279819162069592453e+00,2.480687972288917909e+00,-1.538294622383231891e+00,5.391001625383960993e-01
1.763579386032582283e+09,-1.721385095975724844e-04,5.510931125075791970e-01,1.284682289988694492e+00,2.486179111186599400e+00,-1.535609040665932179e+00,5.425356378064937202e-01
1.763579386046271086e+09,-9.850351185862965889e-04,5.479569598357811877e-01,1.289578098020894181e+00,2.491713045662847570e+00,-1.533272718648811761e+00,5.460274517232909242e-01
1.763579386059959888e+09,-1.779304317993388564e-03,5.447643229823242450e-01,1.294468473076044956e+00,2.497158597448244866e+00,-1.531308093186075192e+00,5.495605513036432299e-01
1.763579386073648930e+09,-2.610168569718325851e-03,5.415599749978898814e-01,1.299314492830845769e+00,2.502381247332236214e+00,-1.529745516720529608e+00,5.531157906135907298e-01
1.763579386087337732e+09,-3.520152410472501391e-03,5.383802183709242017e-01,1.304086511462638098e+00,2.507275832617375855e+00,-1.528572166847706804e+00,5.566812864366698088e-01
1.763579386101026773e+09,-4.528066526089763628e-03,5.352470917385140359e-01,1.308770091919853940e+00,2.511783280955454778e+00,-1.527714251605407636e+00,5.602522918412992103e-01
1.763579386114715576e+09,-5.649508729576215547e-03,5.321805129506116394e-01,1.313353133955856844e+00,2.515851820467776001e+00,-1.527085227587901661e+00,5.638257853246247953e-01
1.763579386128404379e+09,-6.900458882047627585e-03,5.292016706806167425e-01,1.317822626040296763e+00,2.519430978604721538e+00,-1.526602636133065793e+00,5.674015661990295945e-01
1.763579386142093420e+09,-8.304160858619994215e-03,5.263473140196622824e-01,1.322156381476767395e+00,2.522486155087487969e+00,-1.526190514839392831e+00,5.710171243741107849e-01
1.763579386155782223e+09,-9.887403219657090597e-03,5.236654274378726992e-01,1.326325054814987192e+00,2.524997618802795607e+00,-1.525782891651964679e+00,5.747381818573686907e-01
1.763579386169471264e+09,-1.167975115358882258e-02,5.212058714910503543e-01,1.330298658761849273e+00,2.526942966587716999e+00,-1.525310380554215417e+00,5.786331306429428611e-01
1.763579386183160067e+09,-1.368643835438245263e-02,5.189949544844897344e-01,1.334059112086203314e+00,2.528316520799282596e+00,-1.524723986628883310e+00,5.827349110262821652e-01
1.763579386196848869e+09,-1.582618596574350209e-02,5.169718256103877918e-01,1.337633690406645925e+00,2.529169162228495971e+00,-1.524044051121787202e+00,5.869449250759529724e-01
1.763579386210537910e+09,-1.798697695224653684e-02,5.150449863963526553e-01,1.341065517834730159e+00,2.529572264487345734e+00,-1.523316001826399368e+00,5.911184807705648359e-01
1.763579386224226713e+09,-2.005921330928464238e-02,5.131255082086499941e-01,1.344396280613890049e+00,2.529595422339385280e+00,-1.522583287268772345e+00,5.951142950271842702e-01
1.763579386237915754e+09,-2.199252873610784212e-02,5.111739169633408020e-01,1.347646055843545687e+00,2.529288897197417896e+00,-1.521888142663368804e+00,5.988690640516562969e-01
1.763579386251604557e+09,-2.384309632503838275e-02,5.092413739263055295e-01,1.350794481852118256e+00,2.528666664447095425e+00,-1.521268508027499688e+00,6.024604040754412138e-01
1.763579386265293360e+09,-2.567563792455445151e-02,5.073852210065105117e-01,1.353818827211147324e+00,2.527740482854779813e+00,-1.520762555044285369e+00,6.059764350772803843e-01
1.763579386278982401e+09,-2.755493795898242629e-02,5.056617375079348609e-01,1.356697082735182081e+00,2.526522887383884530e+00,-1.520408802270986737e+00,6.095041390433245665e-01
1.763579386292671204e+09,-2.951620109140551049e-02,5.040702060568124088e-01,1.359440827261457541e+00,2.525059042848188717e+00,-1.520261339248461185e+00,6.130584240228386106e-01
1.763579386306360245e+09,-3.157432968258955946e-02,5.025712401863774437e-01,1.362084303070366653e+00,2.523416172968510729e+00,-1.520383952806558803e+00,6.166052727228451547e-01
1.763579386320049047e+09,-3.374512209265034812e-02,5.011246256766670459e-01,1.364662820430696977e+00,2.521662011104129242e+00,-1.520842199713529297e+00,6.201106292309636059e-01
1.763579386333737850e+09,-3.602335150513878703e-02,4.996865532832824308e-01,1.367204728762647203e+00,2.519866776223045779e+00,-1.521687261577598482e+00,6.235181233268893841e-01
1.763579386347426891e+09,-3.832531989129669275e-02,4.981977552552037669e-01,1.369713866294387294e+00,2.518110364371041410e+00,-1.522922695964291639e+00,6.266856852471784922e-01
1.763579386361115694e+09,-4.054154831666566261e-02,4.965953756491196525e-01,1.372184825299634925e+00,2.516476070046132829e+00,-1.524532426896970438e+00,6.294442406884517283e-01
1.763579386374804735e+09,-4.256253624725166163e-02,4.948148904863634012e-01,1.374613536684576864e+00,2.515046839931900813e+00,-1.526504993998755610e+00,6.316234682302667158e-01
1.763579386388493538e+09,-4.431221008531622402e-02,4.928120749948750601e-01,1.376995420959209460e+00,2.513904479837564931e+00,-1.528804279917471032e+00,6.331012402967927111e-01
1.763579386402182341e+09,-4.576238224454137055e-02,4.905691920251372129e-01,1.379327312112960779e+00,2.513128562221710105e+00,-1.531364906213195987e+00,6.338229789618259336e-01
1.763579386415871382e+09,-4.689170649156326753e-02,4.880731161288731634e-01,1.381605497274394523e+00,2.512798541558534104e+00,-1.534116082236365752e+00,6.337439099683563892e-01
1.763579386429560184e+09,-4.767572214476837461e-02,4.853068809357086177e-01,1.383828484433082373e+00,2.512994392525919718e+00,-1.536988055642594775e+00,6.328158524594351686e-01
1.763579386443249226e+09,-4.807306309411875367e-02,4.822300904736077087e-01,1.386010358609220949e+00,2.513803187316962617e+00,-1.539907878256997487e+00,6.309747145938493507e-01
1.763579386456938028e+09,-4.803063824840379803e-02,4.787853338968891537e-01,1.388176647575886546e+00,2.515315577947553560e+00,-1.542801636174673252e+00,6.281457082690656835e-01
1.763579386470626831e+09,-4.749433900439090778e-02,4.749154010269299175e-01,1.390352306553105155e+00,2.517623855530293664e+00,-1.545594555898450961e+00,6.242523888526938514e-01
1.763579386484315872e+09,-4.642815000148479282e-02,4.705744226454163792e-01,1.392559100058050392e+00,2.520803301473375502e+00,-1.548219199367534049e+00,6.192415885359680017e-01
1.763579386498004675e+09,-4.484797538073673900e-02,4.657526993909137381e-01,1.394806935682191273e+00,2.524880959985250861e+00,-1.550627604021418415e+00,6.131270684490585099e-01
1.763579386511693716e+09,-4.278410024590816041e-02,4.604494160079664056e-01,1.397103093730488022e+00,2.529871024147861469e+00,-1.552777643486410897e+00,6.059405704754102784e-01
1.763579386525382519e+09,-4.026658458502838100e-02,4.546664271285125181e-01,1.399453622046764600e+00,2.535785796043045437e+00,-1.554626275847639238e+00,5.977152890492205550e-01
1.763579386539071321e+09,-3.735538234497166876e-02,4.484967814218567272e-01,1.401827183641981556e+00,2.542556443965781732e+00,-1.556122668885456584e+00,5.885644436832783155e-01
1.763579386552760363e+09,-3.415172569030873462e-02,4.421621977841333484e-01,1.404139524388407612e+00,2.550000416332555808e+00,-1.557204151383877466e+00,5.787133520930147768e-01
1.763579386566449165e+09,-3.075769703663307902e-02,4.358867184071533174e-01,1.406305550813354843e+00,2.557932273347128582e+00,-1.557808361085296411e+00,5.683898211448634719e-01
1.763579386580138206e+09,-2.727007760161350922e-02,4.298797853804458002e-01,1.408247173814940467e+00,2.566171661206158472e+00,-1.557880052294594586e+00,5.578106397380599990e-01
1.763579386593827009e+09,-2.372117832952671049e-02,4.241679382525165298e-01,1.409971972242054283e+00,2.574618439754383648e+00,-1.557439465984208349e+00,5.470530668526342177e-01
1.763579386607515812e+09,-2.010859942607841344e-02,4.186782078235802285e-01,1.411534221786202137e+00,2.583215614233258073e+00,-1.556548504621192430e+00,5.361190456267129756e-01
1.763579386621204853e+09,-1.642823890451104718e-02,4.133358524274043933e-01,1.412988876849490039e+00,2.591907500791740926e+00,-1.555269238720423219e+00,5.250072879339650056e-01
1.763579386634893656e+09,-1.270761419124608917e-02,4.080966772606107185e-01,1.414379752205779495e+00,2.600618096550858738e+00,-1.553658997680927856e+00,5.137736047287085883e-01
1.763579386648582697e+09,-9.064767042964695654e-03,4.030021570387331553e-01,1.415719829451103751e+00,2.609215890510172109e+00,-1.551761128559121516e+00,5.026349277287222028e-01
1.763579386662271500e+09,-5.638070294343340734e-03,3.981148816169892690e-01,1.417013998020083765e+00,2.617555163063353785e+00,-1.549615676540073261e+00,4.918459973470770130e-01
1.763579386675960302e+09,-2.566873952308009691e-03,3.934966167941045256e-01,1.418267933371296863e+00,2.625491204919493171e+00,-1.547262693723389981e+00,4.816617914730955685e-01
1.763579386689649343e+09,6.737955542139482349e-05,3.891777058136717815e-01,1.419491049140111372e+00,2.632899344694733745e+00,-1.544746664907063360e+00,4.722509936720528101e-01
1.763579386703338146e+09,2.249121477503190827e-03,3.851515883037693877e-01,1.420697785794066359e+00,2.639679584969166548e+00,-1.542117066361445854e+00,4.636827738816779454e-01
1.763579386717027187e+09,3.968776131988030996e-03,3.814084088414130824e-01,1.421902998799341233e+00,2.645732693882073772e+00,-1.539424229645363296e+00,4.560180067545491767e-01
1.763579386730715990e+09,5.221329607354010215e-03,3.779352917328735462e-01,1.423121442337074383e+00,2.650970538933250520e+00,-1.536715258493744907e+00,4.493054195006792040e-01
1.763579386744404793e+09,6.033536566989059803e-03,3.746959519826041363e-01,1.424368259461204822e+00,2.655368637186168890e+00,-1.534019492480634073e+00,4.435152711945619108e-01
1.763579386758093834e+09,6.452584296853974485e-03,3.716407641404171902e-01,1.425658455604266184e+00,2.658943952786416709e+00,-1.531354498198477021e+00,4.385676698526207451e-01
1.763579386771782637e+09,6.522454257795835472e-03,3.687203738315756874e-01,1.427007387592127863e+00,2.661707565820941923e+00,-1.528739753332837958e+00,4.343897292323263271e-01
1.763579386785471439e+09,6.298448552117140095e-03,3.658931640061656165e-01,1.428427155957722405e+00,2.663683185667445219e+00,-1.526191002262004437e+00,4.308916068865348836e-01
1.763579386799160480e+09,5.857380205735110076e-03,3.631357663595455310e-01,1.429922652597452215e+00,2.664913231366678126e+00,-1.523719561758743124e+00,4.279557523574610278e-01
1.763579386812849283e+09,5.281429157609092255e-03,3.604302246788865238e-01,1.431496896035034716e+00,2.665445946714006364e+00,-1.521334696515469043e+00,4.254572771245764273e-01
1.763579386826538324e+09,4.653794116793917579e-03,3.577550344222839573e-01,1.433153215016504056e+00,2.665329253651102182e+00,-1.519047892092837415e+00,4.232692950354808303e-01
1.763579386840227127e+09,4.083131516681295231e-03,3.550522260019979282e-01,1.434894947657208375e+00,2.664621999735735436e+00,-1.516900611477079774e+00,4.212201791137803464e-01
1.763579386853915930e+09,3.709294290590016158e-03,3.522172368929935016e-01,1.436725729242369187e+00,2.663395713009393262e+00,-1.514971131165882001e+00,4.190834184197697043e-01
1.763579386867604971e+09,3.671244257779072550e-03,3.491469863447881905e-01,1.438649256276972377e+00,2.661721631986064818e+00,-1.513337078203774277e+00,4.166338063912070067e-01
1.763579386881293774e+09,4.121342190202182190e-03,3.457200590515939198e-01,1.440667439020225205e+00,2.659676330208660566e+00,-1.512080522288387074e+00,4.136283807591105699e-01
1.763579386894982815e+09,5.288867661213717507e-03,3.417107565668014990e-01,1.442771546199895782e+00,2.657366103934100554e+00,-1.511300780253302500e+00,4.097250458286031405e-01
1.763579386908671618e+09,7.439723469570590393e-03,3.368431387338633454e-01,1.444947489408871411e+00,2.654912183715365082e+00,-1.511105841111475501e+00,4.045343693592022838e-01
1.763579386922360420e+09,1.083989136705306409e-02,3.308425615302672540e-01,1.447181608717288404e+00,2.652434569834708267e+00,-1.511604138575467049e+00,3.976669435571311695e-01
1.763579386936049461e+09,1.571504124916179440e-02,3.234274749009761196e-01,1.449452354896225925e+00,2.650072808243116640e+00,-1.512891631908569012e+00,3.887745569121892064e-01
1.763579386949738264e+09,2.219100687686844167e-02,3.142974513494485866e-01,1.451718174766809533e+00,2.648013399753959884e+00,-1.515038871950159960e+00,3.776101178983393147e-01
1.763579386963427305e+09,3.037918953084236401e-02,3.031528965206740089e-01,1.453935535715894289e+00,2.646449811765188453e+00,-1.518107569773561982e+00,3.639423073474681303e-01
1.763579386977116108e+09,4.038725141311453465e-02,2.896933613666660690e-01,1.456059852557975098e+00,2.645575640972916975e+00,-1.522162224144428810e+00,3.475435723973133162e-01
1.763579386990804911e+09,5.237633583679714849e-02,2.737373914827241905e-01,1.458077379280665831e+00,2.645541946035462555e+00,-1.527186851922982536e+00,3.281690655508112675e-01
1.763579387004493952e+09,6.654173267452158369e-02,2.552296617985081451e-01,1.460002717957600504e+00,2.646454459906235179e+00,-1.533089454933736384e+00,3.055796354608839027e-01
1.763579387018182755e+09,8.310528069064905543e-02,2.341019213651155950e-01,1.461852967723821672e+00,2.648423751045810182e+00,-1.539774719377644097e+00,2.795036696057218717e-01
1.763579387031871796e+09,1.020672616539089333e-01,2.105061843412945055e-01,1.463643707896755464e+00,2.651486910767268057e+00,-1.547113960466619309e+00,2.499782864134463545e-01
1.763579387045560598e+09,1.223340149461107224e-01,1.857046191042927008e-01,1.465386771049571157e+00,2.655318254865435268e+00,-1.554799781699072181e+00,2.185728920028114641e-01
1.763579387059249401e+09,1.422993527479339826e-01,1.614748729654464643e-01,1.467091149426462460e+00,2.659420280859142061e+00,-1.562443945123344946e+00,1.875732311570466881e-01
1.763579387072938442e+09,1.603563500662416319e-01,1.395985875658931619e-01,1.468766989194724815e+00,2.663297756306709729e+00,-1.569656174243454050e+00,1.592670262033509532e-01
1.763579387086627245e+09,1.754177592959052512e-01,1.213085799133804543e-01,1.470418281414498152e+00,2.666607140032582368e+00,-1.576143329364002144e+00,1.352086145630830571e-01
1.763579387100316286e+09,1.874091981839142440e-01,1.067706539403495691e-01,1.472039329872638413e+00,2.669304839755382908e+00,-1.581800131685781929e+00,1.155236630198307746e-01
1.763579387114005089e+09,1.964472539684520846e-01,9.595086314184118892e-02,1.473621990888016375e+00,2.671402672424974423e+00,-1.586555962248913154e+00,1.000687588552409829e-01
1.763579387127693892e+09,2.026368437342229989e-01,8.881966143210753839e-02,1.475159030850623498e+00,2.672911284861751557e+00,-1.590341763182687496e+00,8.871535816776231209e-02
1.763579387141382933e+09,2.062394246782989216e-01,8.509881432587682037e-02,1.476647238213947277e+00,2.673908235326444061e+00,-1.593155909806200921e+00,8.109559515966005550e-02
1.763579387155071735e+09,2.076586115143422284e-01,8.427154977824295734e-02,1.478087998355012367e+00,2.674535253961651815e+00,-1.595063772258251023e+00,7.662245008129392465e-02
1.763579387168760777e+09,2.072966245350350012e-01,8.582782838111943646e-02,1.479482401409029313e+00,2.674932342146465469e+00,-1.596128106874933783e+00,7.471106977205595190e-02
1.763579387182449579e+09,2.055441492693479422e-01,8.925480883435581159e-02,1.480832936972699132e+00,2.675239171756960577e+00,-1.596417521922229632e+00,7.479698575268460548e-02
1.763579387196138382e+09,2.027097622926417042e-01,9.408366941664979277e-02,1.482147495059794595e+00,2.675578819537902664e+00,-1.596010781710415438e+00,7.645418425295343046e-02
1.763579387209827423e+09,1.990712583939024949e-01,9.985870945811040067e-02,1.483436302549157704e+00,2.676068792123847295e+00,-1.594992364382293859e+00,7.930917345448011690e-02
1.763579387223516226e+09,1.949075559484575726e-01,1.061233518474648113e-01,1.484709384373550378e+00,2.676827112451934276e+00,-1.593446152567218554e+00,8.298606317429833845e-02
1.763579387237205267e+09,1.904628157816507239e-01,1.125016136479716905e-01,1.485983567919376691e+00,2.677942751519221343e+00,-1.591449040755821498e+00,8.718294912717998446e-02
1.763579387250894070e+09,1.859081671971612171e-01,1.187734105229539400e-01,1.487289923125481916e+00,2.679450042088586503e+00,-1.589063520781855532e+00,9.174744589114941506e-02
1.763579387264582872e+09,1.814136900047278178e-01,1.247380807334948910e-01,1.488659732390309909e+00,2.681374508926450684e+00,-1.586350659248512596e+00,9.653644682112555442e-02
1.763579387278271914e+09,1.771521250030448080e-01,1.301955092606945918e-01,1.490123678223181258e+00,2.683740760222759647e+00,-1.583371555942538755e+00,1.014038295677524432e-01
1.763579387291960716e+09,1.735275889877835875e-01,1.349441850061102177e-01,1.491666073523503666e+00,2.686512799107116045e+00,-1.580198235432172194e+00,1.059360678896994756e-01
1.763579387305649757e+09,1.711097267493307539e-01,1.387836574836840975e-01,1.493237666579117384e+00,2.689610779847115829e+00,-1.576910115001586288e+00,1.095278072455648372e-01
1.763579387319338560e+09,1.704842365642326718e-01,1.415091958011228945e-01,1.494786971651176133e+00,2.692952316627093445e+00,-1.573587608992717879e+00,1.115559828222777577e-01
1.763579387333027363e+09,1.721128606477272394e-01,1.429834012185627334e-01,1.496270961782893982e+00,2.696454321582203217e+00,-1.570310255032089986e+00,1.115316352319795090e-01
1.763579387346716404e+09,1.758414796202165398e-01,1.434138342455184012e-01,1.497685837476650850e+00,2.700021573055259250e+00,-1.567160616036853193e+00,1.096333978483408633e-01
1.763579387360405207e+09,1.812245081975676075e-01,1.431678675080967356e-01,1.499047144009024723e+00,2.703556017206095508e+00,-1.564218983321010725e+00,1.063548336265198874e-01
1.763579387374094248e+09,1.878398793736535677e-01,1.426030691787124882e-01,1.500368120757130219e+00,2.706956858552710177e+00,-1.561570211962024279e+00,1.021653071436190996e-01
1.763579387387783051e+09,1.952942792410041484e-01,1.420401461737331172e-01,1.501665800899429914e+00,2.710146562114924329e+00,-1.559265059510006601e+00,9.749464757008718951e-02
1.763579387401471853e+09,2.032919583795680107e-01,1.417096118831676910e-01,1.502960517427544218e+00,2.713088554497988358e+00,-1.557295849739093851e+00,9.265294783374682097e-02
1.763579387415160894e+09,2.115475804629107226e-01,1.418290928346995772e-01,1.504274420628561426e+00,2.715755478836951564e+00,-1.555640955913466961e+00,8.793593677575282930e-02
1.763579387428849697e+09,2.197896861250259182e-01,1.426014522999839995e-01,1.505627529931757858e+00,2.718121224879598063e+00,-1.554281110458199278e+00,8.362299027178060618e-02
1.763579387442538738e+09,2.278768655232988050e-01,1.440719072080671181e-01,1.507026362086788529e+00,2.720197447917684475e+00,-1.553188519447811222e+00,7.983390697846613759e-02
1.763579387456227541e+09,2.357934371489861791e-01,1.461364706363832977e-01,1.508463547993966092e+00,2.722028027827926078e+00,-1.552330253548849237e+00,7.653504797106944202e-02
1.763579387469916344e+09,2.435122073523537378e-01,1.487020621768358752e-01,1.509933265941009184e+00,2.723656662617655488e+00,-1.551672885237775690e+00,7.370601092031403567e-02
1.763579387483605385e+09,2.510485886341122241e-01,1.516498434483410929e-01,1.511424255104271364e+00,2.725116841637173604e+00,-1.551186396991528049e+00,7.128284387081135209e-02
1.763579387497294188e+09,2.585191052246443300e-01,1.548139746774271075e-01,1.512911897189747057e+00,2.726404539617165224e+00,-1.550852052874446496e+00,6.910300988603042260e-02
1.763579387510983229e+09,2.660761232891521444e-01,1.580100791408211025e-01,1.514367103844570295e+00,2.727505139321106054e+00,-1.550654330417138294e+00,6.696857532925255818e-02
1.763579387524672031e+09,2.738651967959723765e-01,1.610572188477905897e-01,1.515761493198142684e+00,2.728404445362149655e+00,-1.550578248260906955e+00,6.468832939873965515e-02
1.763579387538360834e+09,2.819456304222052179e-01,1.638118533271798183e-01,1.517078393654373025e+00,2.729084131807577140e+00,-1.550634815836492653e+00,6.216103755288032023e-02
1.763579387552049875e+09,2.902556341729922162e-01,1.661824795163479307e-01,1.518317234841659369e+00,2.729520377977792567e+00,-1.550870721219882897e+00,5.941105140402735268e-02
1.763579387565738678e+09,2.987282022860047737e-01,1.680805737948582179e-01,1.519478203021230156e+00,2.729689353431202115e+00,-1.551333604951264267e+00,5.646835757950571105e-02
1.763579387579427719e+09,3.072911157574694241e-01,1.694263834421281811e-01,1.520563187199013511e+00,2.729568570332443045e+00,-1.552069995344731224e+00,5.337135006728423864e-02
1.763579387593116522e+09,3.158312261758468575e-01,1.702306309889346780e-01,1.521590067941682056e+00,2.729152441978099031e+00,-1.553103697532261629e+00,5.023280715269198837e-02
1.763579387606805325e+09,3.242135090676712128e-01,1.705554010119727792e-01,1.522585624415944139e+00,2.728445038813158252e+00,-1.554445859140695552e+00,4.720636252746421985e-02
1.763579387620494366e+09,3.323001757673220702e-01,1.704633847221761755e-01,1.523577319288496046e+00,2.727450155245532581e+00,-1.556107938805490587e+00,4.444928294726178258e-02
1.763579387634183168e+09,3.399848502537725636e-01,1.700098371513140971e-01,1.524585043352531866e+00,2.726173263208825137e+00,-1.558098876101583263e+00,4.207641623618085802e-02
1.763579387647872210e+09,3.472653029265284075e-01,1.692217286834092338e-01,1.525604325079422674e+00,2.724622676609823380e+00,-1.560422218990012988e+00,4.006204744949819208e-02
1.763579387661561012e+09,3.541740829347496677e-01,1.681197795135674078e-01,1.526622244948090179e+00,2.722809709535421341e+00,-1.563077603410649496e+00,3.833422792723018696e-02
1.763579387675249815e+09,3.607393046885883914e-01,1.667217188925251281e-01,1.527627140854169507e+00,2.720743083226381032e+00,-1.566067356123789001e+00,3.682563713717793008e-02
1.763579387688938856e+09,3.669965772761347167e-01,1.650834503128107700e-01,1.528605073630227906e+00,2.718453996677452800e+00,-1.569371089217207471e+00,3.547522311579803106e-02
1.763579387702627659e+09,3.729855076179164897e-01,1.633130757214572848e-01,1.529540460000948787e+00,2.716003500787822489e+00,-1.572937798267094012e+00,3.423778784047506324e-02
1.763579387716316462e+09,3.787487907315432722e-01,1.615274645084849026e-01,1.530416900846014894e+00,2.713457780242661599e+00,-1.576711879499926194e+00,3.306834454262887885e-02
1.763579387730005503e+09,3.843231559890309401e-01,1.598439814582887641e-01,1.531220157453355490e+00,2.710882521230552289e+00,-1.580634798288306442e+00,3.192814653395722319e-02
1.763579387743694305e+09,3.897032711573659158e-01,1.584104949873399448e-01,1.531951621760712312e+00,2.708352770669545162e+00,-1.584612939311157653e+00,3.082984401332525617e-02
1.763579387757383347e+09,3.948512638984390533e-01,1.573927795367036364e-01,1.532625129020156685e+00,2.705948477297486665e+00,-1.588526796476130487e+00,2.982496088191038952e-02
1.763579387771072149e+09,3.997307204891561994e-01,1.569604137883412465e-01,1.533253674837789848e+00,2.703750907879581167e+00,-1.592257914335139857e+00,2.896405021913312297e-02
1.763579387784760952e+09,4.043104715333302179e-01,1.572461131388863953e-01,1.533849186284767407e+00,2.701830523685368135e+00,-1.595691890523078138e+00,2.828391111164137509e-02
1.763579387798449993e+09,4.085789506216349620e-01,1.582838989985117240e-01,1.534418061610755002e+00,2.700229030798887209e+00,-1.598730311351027389e+00,2.777805607030177371e-02
1.763579387812138796e+09,4.125290338738572538e-01,1.600801259775247176e-01,1.534965533873530408e+00,2.698980335261522701e+00,-1.601277795860836628e+00,2.742874894473664588e-02
1.763579387825827837e+09,4.161542128291043086e-01,1.626412066836228631e-01,1.535496457758224631e+00,2.698117669033667010e+00,-1.603241147363770658e+00,2.721799907742063207e-02
1.763579387839516640e+09,4.194613687911448174e-01,1.659142723800699493e-01,1.536006601816469308e+00,2.697647415771035728e+00,-1.604564596049529612e+00,2.710239094480433944e-02
1.763579387853205442e+09,4.224743902796579964e-01,1.697747695398668655e-01,1.536480446614229223e+00,2.697542752173408775e+00,-1.605239790722864379e+00,2.700745435863397687e-02
1.763579387866894484e+09,4.252170836474611360e-01,1.740977898979115535e-01,1.536902486147396329e+00,2.697776741709845272e+00,-1.605258456786720966e+00,2.685867936967710826e-02
1.763579387880583286e+09,4.277052011017348221e-01,1.787602492482180394e-01,1.537259685659936315e+00,2.698321322087979812e+00,-1.604620122331600562e+00,2.659021925718039331e-02
1.763579387894272327e+09,4.298924877400245870e-01,1.836718969764197795e-01,1.537560095718232933e+00,2.699148949751344340e+00,-1.603367664945914317e+00,2.620673728275489667e-02
1.763579387907961130e+09,4.317042825462852340e-01,1.887567537015470143e-01,1.537821370083564787e+00,2.700231873103282165e+00,-1.601565133072939240e+00,2.574532628685953506e-02
1.763579387921649933e+09,4.330649438862093636e-01,1.939383519263710998e-01,1.538061279138318804e+00,2.701542235096871192e+00,-1.599276241728567527e+00,2.524329437354938532e-02
1.763579387935338974e+09,4.339273330926932126e-01,1.991485020998707833e-01,1.538292105635207685e+00,2.703055537432717426e+00,-1.596560959180230110e+00,2.472158708326674739e-02
1.763579387949027777e+09,4.343168370508969089e-01,2.043366124568405107e-01,1.538511390202876417e+00,2.704755042806135990e+00,-1.593469461740518955e+00,2.415720206088408165e-02
1.763579387962716818e+09,4.342731909565539228e-01,2.094586147561803557e-01,1.538714437961164361e+00,2.706626285853599434e+00,-1.590049841104056005e+00,2.352035429217881959e-02
1.763579387976405621e+09,4.338365202929924669e-01,2.144675923666771733e-01,1.538895819401420617e+00,2.708654085375707510e+00,-1.586350305301021502e+00,2.277918560426629713e-02
1.763579387990094423e+09,4.330150411108187325e-01,2.193493076947987397e-01,1.539066592763759012e+00,2.710828699298988287e+00,-1.582425087974593358e+00,2.195085141813607130e-02
1.763579388003783464e+09,4.317831454438860739e-01,2.241222841995439141e-01,1.539254904426671455e+00,2.713145291285038674e+00,-1.578335160463709474e+00,2.110350570623250460e-02
1.763579388017472267e+09,4.301102955804727568e-01,2.288089547230815757e-01,1.539491227145796337e+00,2.715600124118764835e+00,-1.574142325673861365e+00,2.031211750934479657e-02
1.763579388031161308e+09,4.279822679576296696e-01,2.334300177618561511e-01,1.539800813380785893e+00,2.718184142035726225e+00,-1.569909055726479874e+00,1.963798684315971183e-02
1.763579388044850111e+09,4.254857161847067637e-01,2.380026911630089559e-01,1.540177957910470630e+00,2.720854243226611846e+00,-1.565706431277116062e+00,1.906345616242984681e-02
1.763579388058538914e+09,4.227684056600665707e-01,2.425402325856612362e-01,1.540598157052563089e+00,2.723546950471240624e+00,-1.561609568108619506e+00,1.852247226718983092e-02
1.763579388072227955e+09,4.199756849001468617e-01,2.470580763745738040e-01,1.541037516402441909e+00,2.726199513292413723e+00,-1.557694226188716335e+00,1.795080314859497095e-02
1.763579388085916758e+09,4.172273037324277234e-01,2.515587774456352066e-01,1.541480785135580289e+00,2.728757983593688596e+00,-1.554028043770092182e+00,1.730505578182369233e-02
1.763579388099605799e+09,4.145752166375062941e-01,2.560188447736551631e-01,1.541934623891525247e+00,2.731191613883193092e+00,-1.550659010101183011e+00,1.659527283019267621e-02
1.763579388113294601e+09,4.120567915971161677e-01,2.604078345920695647e-01,1.542410917444036578e+00,2.733474765768911130e+00,-1.547631147333835999e+00,1.584407299028433788e-02
1.763579388126983404e+09,4.097089495020758698e-01,2.646949309457513611e-01,1.542920416238843462e+00,2.735581764728632237e+00,-1.544986903075757922e+00,1.507123493831004357e-02
1.763579388140672445e+09,4.075536817212515039e-01,2.688275607207086249e-01,1.543465392362025845e+00,2.737493366466760225e+00,-1.542746742061657406e+00,1.426901015391929262e-02
1.763579388154361248e+09,4.055943685588720982e-01,2.727286504160045810e-01,1.544038188157456970e+00,2.739197036905626881e+00,-1.540905277165854237e+00,1.339926679231731588e-02
1.763579388168050289e+09,4.038369338029174083e-01,2.763221263305200015e-01,1.544631281151888968e+00,2.740680378613416401e+00,-1.539458582733229441e+00,1.242295853216516567e-02
1.763579388181739092e+09,4.022522054436749595e-01,2.795273373330606215e-01,1.545239892016443628e+00,2.741928800872557748e+00,-1.538387674179592990e+00,1.132590999971361083e-02
1.763579388195427895e+09,4.006337055539277436e-01,2.822477786821292467e-01,1.545876546278139863e+00,2.742915886793827696e+00,-1.537601719590714344e+00,1.023034776334385762e-02
1.763579388209116936e+09,3.986989997632844895e-01,2.843791556645970942e-01,1.546560570719607508e+00,2.743609244650070611e+00,-1.536979088700529239e+00,9.315660762322125477e-03
1.763579388222805738e+09,3.961707376415268822e-01,2.858184276588675576e-01,1.547311450326023463e+00,2.743978728611322637e+00,-1.536399550991726093e+00,8.758340998831153079e-03
1.763579388236494780e+09,3.927383493024410588e-01,2.864438658054086484e-01,1.548132499302730114e+00,2.743946457994813404e+00,-1.535737782918897842e+00,8.748451964441517070e-03
1.763579388250183582e+09,3.880373070662331281e-01,2.861000786662440953e-01,1.548993256750853087e+00,2.743345054636684655e+00,-1.534858388776220162e+00,9.496943679804229280e-03
1.763579388263872385e+09,3.816848001531952805e-01,2.846226091359931321e-01,1.549859185493967395e+00,2.741987004327774091e+00,-1.533625621976442144e+00,1.122274784750166947e-02
1.763579388277561426e+09,3.733034757296504469e-01,2.818494165225856052e-01,1.550695752663049820e+00,2.739688489827744267e+00,-1.531904282656143756e+00,1.414186881093981718e-02
1.763579388291250229e+09,3.623302716192919881e-01,2.775434277684311057e-01,1.551489330815031709e+00,2.736134579952287815e+00,-1.529596759968288477e+00,1.855636091938940233e-02
1.763579388304939270e+09,3.480722486442458519e-01,2.714161114880093151e-01,1.552242977335480223e+00,2.730916282543533136e+00,-1.526639993119344396e+00,2.482591381559228969e-02
1.763579388318628073e+09,3.298007365097814780e-01,2.631632519972294526e-01,1.552961424509939681e+00,2.723603627315510423e+00,-1.522966425441338867e+00,3.333035056438174437e-02
1.763579388332316875e+09,3.069327387299890519e-01,2.525478873006488101e-01,1.553639660703944658e+00,2.713845016494544460e+00,-1.518543257211281583e+00,4.436175552052083748e-02
1.763579388346005917e+09,2.793640637947264471e-01,2.395601353141266487e-01,1.554225844814931978e+00,2.701544945206770798e+00,-1.513458693981334591e+00,5.791890492772536203e-02
1.763579388359694719e+09,2.473278407521865008e-01,2.243450107379884872e-01,1.554648115753155979e+00,2.686787664100992234e+00,-1.507882703852357009e+00,7.379784428464326862e-02
1.763579388373383760e+09,2.109033747519254431e-01,2.069808062907590729e-01,1.554833566603931683e+00,2.669576373495329946e+00,-1.501949997373719814e+00,9.188423903869534504e-02
1.763579388387072563e+09,1.710742902171803470e-01,1.879286974055732196e-01,1.554737285645138911e+00,2.650389556275309033e+00,-1.495997732551671788e+00,1.115422456147649455e-01
1.763579388400761366e+09,1.302791792111000491e-01,1.682622433882638435e-01,1.554366270018720853e+00,2.630470696990996782e+00,-1.490685240223458496e+00,1.312992960637088535e-01
1.763579388414450407e+09,9.131842041010138078e-02,1.492089302333165224e-01,1.553738048124648774e+00,2.611252991104995314e+00,-1.486755180097880880e+00,1.494730665537843395e-01
1.763579388428139210e+09,5.679942763503153386e-02,1.319107721199991867e-01,1.552868390947421018e+00,2.594070949410040683e+00,-1.484894565176748671e+00,1.644996152659055633e-01
1.763579388441828251e+09,2.786832246644919270e-02,1.168540757101009658e-01,1.551769534225035940e+00,2.579524773457285924e+00,-1.485329769453269888e+00,1.757396685159389182e-01
1.763579388455517054e+09,4.098631560003258324e-03,1.038191186342486694e-01,1.550449648123575219e+00,2.567422670502878645e+00,-1.487793948941805278e+00,1.835453565787579233e-01
1.763579388469205856e+09,-1.485600884565895646e-02,9.262351003840463282e-02,1.548916474353371431e+00,2.557613815926193190e+00,-1.492045946926035871e+00,1.882200552315018149e-01
1.763579388482894897e+09,-2.944670622266173932e-02,8.302546816810224550e-02,1.547183904598604220e+00,2.549891487104535504e+00,-1.497805744932775962e+00,1.901192565287503355e-01
1.763579388496583700e+09,-4.014508382708394801e-02,7.472539472855997678e-02,1.545292063301986429e+00,2.544026837659420170e+00,-1.504761024748733522e+00,1.895570665121414089e-01
1.763579388510272741e+09,-4.747578440600699889e-02,6.738096375123150961e-02,1.543291006742463445e+00,2.539759746526847106e+00,-1.512573997495372025e+00,1.868590421185130079e-01
1.763579388523961544e+09,-5.194906267525023491e-02,6.065778013856966411e-02,1.541230335254024419e+00,2.536837723473856165e+00,-1.520911151887504698e+00,1.823437735225813261e-01
1.763579388537650347e+09,-5.411514710364381114e-02,5.432593609008214142e-02,1.539155023494279240e+00,2.535031221311747185e+00,-1.529485044139795580e+00,1.763757225938134277e-01
1.763579388551339388e+09,-5.458402419387291260e-02,4.834838989795797737e-02,1.537102231105623940e+00,2.534158389389768118e+00,-1.538092061848522318e+00,1.693972607472603031e-01
1.763579388565028191e+09,-5.396733952661687816e-02,4.270554395832903971e-02,1.535107592498570206e+00,2.534042116630619290e+00,-1.546537654323886013e+00,1.618539083121579292e-01
1.763579388578716993e+09,-5.286960158770908497e-02,3.737874910306962506e-02,1.533205540964833302e+00,2.534507138828648642e+00,-1.554631182850295890e+00,1.541845501814776698e-01
1.763579388592406034e+09,-5.169418885631803934e-02,3.233170377518442690e-02,1.531398260178453041e+00,2.535412505800203942e+00,-1.562255053685152939e+00,1.466338265688814924e-01
1.763579388606094837e+09,-5.070354048373337807e-02,2.751707056433243606e-02,1.529666199422427875e+00,2.536641737657576279e+00,-1.569342758433140306e+00,1.393123353317780588e-01
1.763579388619783878e+09,-5.016121982635587950e-02,2.288631104733980515e-02,1.527988536343394488e+00,2.538077688278631339e+00,-1.575827899019567768e+00,1.323286150197749422e-01
1.763579388633472681e+09,-5.027506100263665761e-02,1.839722516292572121e-02,1.526347968755317863e+00,2.539618954548062302e+00,-1.581663465522768819e+00,1.257614883315882892e-01
1.763579388647161484e+09,-5.105683268855694401e-02,1.402669554790706742e-02,1.524737141043490896e+00,2.541219800976350474e+00,-1.586871090703771969e+00,1.195771027438335687e-01
1.763579388660850525e+09,-5.244528239053049962e-02,9.760537953196122413e-03,1.523153290863882292e+00,2.542855256210660997e+00,-1.591499415938669948e+00,1.137035037096896378e-01
1.763579388674539328e+09,-5.438828685852054728e-02,5.581753837439264697e-03,1.521592421097545111e+00,2.544497618181188248e+00,-1.595591604975399092e+00,1.080701379183562905e-01
1.763579388688228369e+09,-5.682851307498347493e-02,1.493841946221865493e-03,1.520057379380675533e+00,2.546121003483441836e+00,-1.599212333054718549e+00,1.026406719579398830e-01
1.763579388701917171e+09,-5.971254634144398249e-02,-2.472758437133966425e-03,1.518559532687912217e+00,2.547698484760120508e+00,-1.602450236092052283e+00,9.743165230972729296e-02
1.763579388715605974e+09,-6.298503592346706148e-02,-6.282787110274073474e-03,1.517112010947028633e+00,2.549203876864041263e+00,-1.605399684258101978e+00,9.246698618020871008e-02
1.763579388729295015e+09,-6.659260750968198916e-02,-9.902404452666381876e-03,1.515726417381874302e+00,2.550610183118214191e+00,-1.608152178120376252e+00,8.776926425664798026e-02
1.763579388742983818e+09,-7.048826354502732427e-02,-1.329406280782088889e-02,1.514406608013813216e+00,2.551886229002962470e+00,-1.610794106457473340e+00,8.336693276207446379e-02
1.763579388756672859e+09,-7.463108388693234785e-02,-1.642100152938939447e-02,1.513149141564124278e+00,2.552997567319009065e+00,-1.613404074395382359e+00,7.928874960908816050e-02
1.763579388770361662e+09,-7.897985465759836676e-02,-1.924328426789552113e-02,1.511951687333894734e+00,2.553909637136338784e+00,-1.616064223384754861e+00,7.556723743576665431e-02
1.763579388784050465e+09,-8.348966296650787988e-02,-2.174152731284577367e-02,1.510808651799835589e+00,2.554590800009294504e+00,-1.618834508604585221e+00,7.220959081927939838e-02
1.763579388797739506e+09,-8.810249566131378440e-02,-2.395730888679679232e-02,1.509706701485889146e+00,2.555019417533147763e+00,-1.621709347499514786e+00,6.914728551248301713e-02
1.763579388811428308e+09,-9.275577963911975365e-02,-2.595266309956829540e-02,1.508629674195812287e+00,2.555176896954625132e+00,-1.624660834108352603e+00,6.628654152290888724e-02
1.763579388825117350e+09,-9.738824502281753781e-02,-2.778678564160791745e-02,1.507561932775798974e+00,2.555045051731073436e+00,-1.627663526803631244e+00,6.353659797296651313e-02
1.763579388838806152e+09,-1.019646268374266029e-01,-2.947689212565991063e-02,1.506498954373429289e+00,2.554634669517812817e+00,-1.630690725592205181e+00,6.083835662180391013e-02
1.763579388852494955e+09,-1.064910028177716989e-01,-3.097320796198188217e-02,1.505453612283579989e+00,2.554001289016072818e+00,-1.633716227733291726e+00,5.818389678827451394e-02
1.763579388866183996e+09,-1.109751976838162790e-01,-3.222393963765668445e-02,1.504439450321436667e+00,2.553202155137844098e+00,-1.636713875620803060e+00,5.556679751337269269e-02
1.763579388879872799e+09,-1.154248603541623702e-01,-3.318113227405813243e-02,1.503469694596079709e+00,2.552292795812164172e+00,-1.639659213822789674e+00,5.297847665913300169e-02
1.763579388893561840e+09,-1.198345174513954087e-01,-3.387120338406117426e-02,1.502547047788553636e+00,2.551292130150435877e+00,-1.642550225908117500e+00,5.036057621455708455e-02
1.763579388907250643e+09,-1.241913535662668849e-01,-3.436388090308239301e-02,1.501668190809322345e+00,2.550197537123690683e+00,-1.645398482734994783e+00,4.762669153597730298e-02
1.763579388920939445e+09,-1.284815411473788360e-01,-3.473055741577666528e-02,1.500829662219380634e+00,2.549006251704086345e+00,-1.648215150639037230e+00,4.468798835693560401e-02
1.763579388934628487e+09,-1.327076586361608523e-01,-3.502726806218269678e-02,1.500028039465844731e+00,2.547713049644728667e+00,-1.651021220683604351e+00,4.148405560236229778e-02
1.763579388948317289e+09,-1.369222732636793949e-01,-3.526488594320096454e-02,1.499259755800210536e+00,2.546304668939480820e+00,-1.653867950398009823e+00,3.804117743889188358e-02
1.763579388962006330e+09,-1.411927373652603901e-01,-3.543970429204220535e-02,1.498521396880299728e+00,2.544765970268382027e+00,-1.656815248008713715e+00,3.441079607429842896e-02
1.763579388975695133e+09,-1.455848976275075923e-01,-3.555070518710766458e-02,1.497809333154067613e+00,2.543081555094916624e+00,-1.659922356628447115e+00,3.064212420129692332e-02
1.763579388989383936e+09,-1.501585744406653544e-01,-3.558311768905949440e-02,1.497123258422702330e+00,2.541243768521509239e+00,-1.663240492803324422e+00,2.677832936078922491e-02
1.763579389003072977e+09,-1.549641019025908006e-01,-3.550830575360901936e-02,1.496466774272767308e+00,2.539254480031238437e+00,-1.666809323038487278e+00,2.285213490812686501e-02
1.763579389016761780e+09,-1.600513415952263541e-01,-3.529517833455209780e-02,1.495843969612135949e+00,2.537116476117650343e+00,-1.670668444106787165e+00,1.889645518661469195e-02
1.763579389030450821e+09,-1.654675663906725880e-01,-3.491471956558045431e-02,1.495259012610328675e+00,2.534834132586887723e+00,-1.674850697329215432e+00,1.494003240902434804e-02
1.763579389044139624e+09,-1.712424371476250484e-01,-3.434838595683010337e-02,1.494717114712740935e+00,2.532423066033594239e+00,-1.679347554396441122e+00,1.098650937731127271e-02
1.763579389057828426e+09,-1.773940943296200834e-01,-3.358384833871724123e-02,1.494224317555691739e+00,2.529906554833061705e+00,-1.684122030101535383e+00,7.023784761311845960e-03
1.763579389071517467e+09,-1.839419309240693523e-01,-3.260953460295169110e-02,1.493786313273507860e+00,2.527306693296277551e+00,-1.689140863029986006e+00,3.039309345828174712e-03
1.763579389085206270e+09,-1.909034519755929971e-01,-3.140355241332656172e-02,1.493410866180334695e+00,2.524649135140038858e+00,-1.694363104841501766e+00,-9.643554047749471406e-04
1.763579389098895311e+09,-1.982947014064094515e-01,-2.991964408025996752e-02,1.493110093025818541e+00,2.521965458308637054e+00,-1.699737220940281901e+00,-4.947652603064773766e-03
1.763579389112584114e+09,-2.061308808105977164e-01,-2.810458317490013153e-02,1.492897468407691441e+00,2.519289459384873808e+00,-1.705207289816572880e+00,-8.860938652842235627e-03
1.763579389126272917e+09,-2.144258780073407533e-01,-2.590830753888582333e-02,1.492785827793943421e+00,2.516653943727690912e+00,-1.710718779192208716e+00,-1.265711401188227697e-02
1.763579389139961958e+09,-2.231580307934747376e-01,-2.332602679838059745e-02,1.492779278451971336e+00,2.514080956773035780e+00,-1.716223200898008283e+00,-1.631411849368896369e-02
1.763579389153650761e+09,-2.322586785877599203e-01,-2.041335379115551824e-02,1.492870334464479809e+00,2.511578362256282393e+00,-1.721680430125055006e+00,-1.984334815785511810e-02
1.763579389167339802e+09,-2.416596218890255943e-01,-1.722575361233616084e-02,1.493051492923546775e+00,2.509153818170520189e+00,-1.727050636072681833e+00,-2.325646933454190990e-02
1.763579389181028605e+09,-2.512891038927266840e-01,-1.382494161905743930e-02,1.493314752509111720e+00,2.506815534425117953e+00,-1.732294868541242483e+00,-2.656533930746894298e-02
1.763579389194717407e+09,-2.610677435792852497e-01,-1.029990666837421812e-02,1.493651950879710588e+00,2.504578998585768268e+00,-1.737380860255405057e+00,-2.977503064814323100e-02
1.763579389208406448e+09,-2.709110342705084995e-01,-6.754727778249722779e-03,1.494054598689193991e+00,2.502463040079119683e+00,-1.742279959810809631e+00,-3.288759659792012818e-02
1.763579389222095251e+09,-2.807343630857786487e-01,-3.293517737099154862e-03,1.494514280366947334e+00,2.500486981564893796e+00,-1.746962863618978901e+00,-3.590504027437299572e-02
1.763579389235784292e+09,-2.904542899767991737e-01,-1.848403576144818630e-05,1.495020186658293726e+00,2.498662266115105890e+00,-1.751405141686341871e+00,-3.882443779234161924e-02
1.763579389249473095e+09,-2.999900121351138926e-01,2.969460494649225814e-03,1.495554765288540811e+00,2.496981572098709190e+00,-1.755592422584921319e+00,-4.162898992868840214e-02
1.763579389263161898e+09,-3.092602655740173123e-01,5.572925549685731235e-03,1.496099745476304754e+00,2.495433104443535832e+00,-1.759513493751177604e+00,-4.429995270496023263e-02
1.763579389276850939e+09,-3.181850384464409154e-01,7.692155666368399695e-03,1.496636446209548943e+00,2.494005647642612011e+00,-1.763156389532963386e+00,-4.681821572689037758e-02
1.763579389290539742e+09,-3.266552442451082228e-01,9.280378069804025992e-03,1.497158236398874687e+00,2.492681958043131196e+00,-1.766521012918477629e+00,-4.917942486353268222e-02
1.763579389304228783e+09,-3.345356673040469908e-01,1.034160106095536637e-02,1.497670106985445893e+00,2.491438972206394098e+00,-1.769618657235251247e+00,-5.139406113431101153e-02
1.763579389317917585e+09,-3.416874684971571985e-01,1.088377968265965071e-02,1.498178021956425798e+00,2.490253556420241488e+00,-1.772461580652217483e+00,-5.347330769053358634e-02
1.763579389331606388e+09,-3.479763342671231552e-01,1.091782042093382421e-02,1.498687424763189835e+00,2.489098617537621294e+00,-1.775061237002074632e+00,-5.543013288452648679e-02
1.763579389345295429e+09,-3.532835019808633348e-01,1.047291042357726895e-02,1.499201223935264338e+00,2.487925587933072613e+00,-1.777425661737036311e+00,-5.728507563465165542e-02
1.763579389358984232e+09,-3.574997739805840236e-01,9.588973578882447821e-03,1.499721427675874130e+00,2.486674955149767108e+00,-1.779560844504328498e+00,-5.906386631903260548e-02
1.763579389372673273e+09,-3.605143435490890669e-01,8.303409674242510224e-03,1.500249426739495018e+00,2.485287402025105230e+00,-1.781472986888700483e+00,-6.079041809408509967e-02
1.763579389386362076e+09,-3.622241775864392666e-01,6.664836989177461667e-03,1.500792596931816547e+00,2.483711173020545449e+00,-1.783169579443211417e+00,-6.249895797137348247e-02
1.763579389400050879e+09,-3.625416223842090058e-01,4.740401197756694690e-03,1.501369756734997729e+00,2.481911108134937205e+00,-1.784661169007269566e+00,-6.424188870998187584e-02
1.763579389413739920e+09,-3.613812087507755066e-01,2.602693671853230275e-03,1.502002632290571960e+00,2.479855287546564924e+00,-1.785959091377990804e+00,-6.607679542709990472e-02
1.763579389427428722e+09,-3.586617830349929648e-01,3.210723086987460817e-04,1.502711758760459926e+00,2.477512585151683044e+00,-1.787073766892652404e+00,-6.805832002134380720e-02
1.763579389441117525e+09,-3.543523340803242383e-01,-2.062866133730236091e-03,1.503510449334034105e+00,2.474866270629298093e+00,-1.788005854475062995e+00,-7.022137343042426927e-02
1.763579389454806566e+09,-3.484798288372130126e-01,-4.539743286683461422e-03,1.504403128473842388e+00,2.471915213699526603e+00,-1.788745095197804558e+00,-7.257671264184142879e-02
1.763579389468495369e+09,-3.410673322057676815e-01,-7.098237386291480870e-03,1.505394935557859970e+00,2.468658097842682864e+00,-1.789281490500548077e+00,-7.513711748667925572e-02
1.763579389482184410e+09,-3.321651355089269009e-01,-9.735178415120015333e-03,1.506486280169354819e+00,2.465092891133636499e+00,-1.789605470970059953e+00,-7.790130754082916220e-02
1.763579389495873213e+09,-3.219441594857143651e-01,-1.247734889451924262e-02,1.507656553839781033e+00,2.461211331250878764e+00,-1.789712250907486757e+00,-8.080493293048807146e-02
1.763579389509562016e+09,-3.106274942152568719e-01,-1.536519184847182778e-02,1.508876056947201727e+00,2.457002772487753006e+00,-1.789598895082980423e+00,-8.375643022141222860e-02
1.763579389523251057e+09,-2.984353017858897283e-01,-1.843861405453539604e-02,1.510115554363343549e+00,2.452456197354009326e+00,-1.789262328808144842e+00,-8.666553567971392591e-02
1.763579389536939859e+09,-2.855833369346765793e-01,-2.172311692769145555e-02,1.511348074824706122e+00,2.447577935794343684e+00,-1.788703779087631007e+00,-8.945176099569331074e-02
1.763579389550628901e+09,-2.722727502677887435e-01,-2.521414296168135796e-02,1.512552115288951171e+00,2.442409250721806924e+00,-1.787933250267009999e+00,-9.205697712167201785e-02
1.763579389564317703e+09,-2.587039810819833918e-01,-2.890262318441303574e-02,1.513706786591557218e+00,2.436996823553390534e+00,-1.786962032328275551e+00,-9.442585329450671472e-02
1.763579389578006506e+09,-2.450765513650903227e-01,-3.277973787398775346e-02,1.514791319312207118e+00,2.431386954720063720e+00,-1.785801405029952216e+00,-9.650330149188096618e-02
1.763579389591695547e+09,-2.315903863515408057e-01,-3.683661295007478742e-02,1.515784823733050235e+00,2.425626048234311050e+00,-1.784462550097623224e+00,-9.823397745632928002e-02
1.763579389605384350e+09,-2.184452860073439195e-01,-4.106422190598098959e-02,1.516666597424009444e+00,2.419760663275696722e+00,-1.782956907325516482e+00,-9.956296297014727292e-02
1.763579389619073391e+09,-2.058417955249360609e-01,-4.545383694603341573e-02,1.517415520444189703e+00,2.413837097042909718e+00,-1.781295425701295843e+00,-1.004343607782714198e-01
1.763579389632762194e+09,-1.939781450721805023e-01,-4.999628604906355273e-02,1.518011346593450384e+00,2.407901927392748220e+00,-1.779489933800820545e+00,-1.007943311203496062e-01
1.763579389646450996e+09,-1.830578369519055282e-01,-5.468298618086293861e-02,1.518432145942564926e+00,2.402001552301622045e+00,-1.777550737380865664e+00,-1.005850987566277027e-01
1.763579389660140038e+09,-1.732739067298300906e-01,-5.950466234771755597e-02,1.518659037144581170e+00,2.396182215632705947e+00,-1.775490691630299045e+00,-9.975594406595070240e-02
1.763579389673828840e+09,-1.648356449101329724e-01,-6.445286004575734307e-02,1.518668536567114424e+00,2.390490648080304759e+00,-1.773318908505159275e+00,-9.824555036946258646e-02
1.763579389687517881e+09,-1.578181974092620621e-01,-6.950985583650881594e-02,1.518475533050592130e+00,2.384971251856391028e+00,-1.771076155057787815e+00,-9.608193037259228630e-02
1.763579389701206684e+09,-1.520923861242696462e-01,-7.464252581333423453e-02,1.518153308233867627e+00,2.379665392407109614e+00,-1.768851408178174545e+00,-9.342966937752845979e-02
1.763579389714895487e+09,-1.474887607049530092e-01,-7.981536328011390458e-02,1.517786998243853658e+00,2.374613989967930827e+00,-1.766743642220780730e+00,-9.048058189119632944e-02
1.763579389728584528e+09,-1.438477144850596467e-01,-8.499300260104336591e-02,1.517456501063430219e+00,2.369855211367968284e+00,-1.764846479761297937e+00,-8.741704775582601061e-02
1.763579389742273331e+09,-1.410326658969427716e-01,-9.013969329059544344e-02,1.517210342858667405e+00,2.365396251989347221e+00,-1.763220620407952355e+00,-8.438144673619092651e-02
1.763579389755962372e+09,-1.389341306420745492e-01,-9.521897939512992404e-02,1.517065577788144992e+00,2.361214990208097220e+00,-1.761892744931533805e+00,-8.147247282987331307e-02
1.763579389769651175e+09,-1.374406628999777780e-01,-1.001953335658055944e-01,1.517040909951883565e+00,2.357290265702339127e+00,-1.760892472516819129e+00,-7.879304218119628778e-02
1.763579389783339977e+09,-1.364398103953793906e-01,-1.050243579290102980e-01,1.517156483804658507e+00,2.353606577176453829e+00,-1.760242172916905323e+00,-7.643652398688106919e-02
1.763579389797029018e+09,-1.358074771850849571e-01,-1.096280087933885622e-01,1.517446023676231937e+00,2.350177586077560221e+00,-1.759945696066859577e+00,-7.447266594453694211e-02
1.763579389810717821e+09,-1.354160746142022420e-01,-1.139148666948418820e-01,1.517947549824086417e+00,2.347027653210041365e+00,-1.759998592971627973e+00,-7.296067845175961686e-02
1.763579389824406862e+09,-1.351382405870020786e-01,-1.177951351646569639e-01,1.518698877012926829e+00,2.344180112554921092e+00,-1.760397153453282293e+00,-7.196080623087661166e-02
1.763579389838095665e+09,-1.349015891732859018e-01,-1.212457555910447654e-01,1.519707280541381600e+00,2.341629919139708083e+00,-1.761092781142765462e+00,-7.150525448805949980e-02
1.763579389851784468e+09,-1.347346426178629153e-01,-1.243675038261495003e-01,1.520924103526420268e+00,2.339318229299422125e+00,-1.761955465361085826e+00,-7.157697491673749302e-02
1.763579389865473509e+09,-1.346732876016950575e-01,-1.272707677232663426e-01,1.522296457947561299e+00,2.337182947009438294e+00,-1.762849223056258241e+00,-7.215382945196546771e-02
1.763579389879162312e+09,-1.347516606880472811e-01,-1.300646263764069221e-01,1.523772131750213310e+00,2.335163997249467549e+00,-1.763640060631095574e+00,-7.321207596301666787e-02
1.763579389892851353e+09,-1.349292231637112816e-01,-1.327938191535814050e-01,1.525334106692810554e+00,2.333264263633982427e+00,-1.764261234574258541e+00,-7.470706628244794256e-02
1.763579389906540155e+09,-1.351174903747729694e-01,-1.354609426986856380e-01,1.526987930202045707e+00,2.331527800560953434e+00,-1.764690901615734830e+00,-7.657924407208589745e-02
1.763579389920228958e+09,-1.352242661827312009e-01,-1.380667516472402212e-01,1.528740663231954455e+00,2.330001089403485715e+00,-1.764907671565331571e+00,-7.876973216221631879e-02
1.763579389933917999e+09,-1.351853401603205496e-01,-1.406201475318735183e-01,1.530589989510055204e+00,2.328714953038492741e+00,-1.764898356212097674e+00,-8.120533667553074542e-02
1.763579389947606802e+09,-1.350246922506051217e-01,-1.431527228881581404e-01,1.532504279497501010e+00,2.327652067238104028e+00,-1.764676839954745224e+00,-8.376347363147720881e-02
1.763579389961295843e+09,-1.347943894685273425e-01,-1.457056718153251496e-01,1.534442479025840855e+00,2.326778933589365383e+00,-1.764265189563484437e+00,-8.630877606458389750e-02
1.763579389974984646e+09,-1.345448147364803060e-01,-1.483168957138706612e-01,1.536364262577711415e+00,2.326063899915020272e+00,-1.763685297357918680e+00,-8.870337621726169519e-02
1.763579389988673449e+09,-1.343084399831567244e-01,-1.510421470654911003e-01,1.538232903814219510e+00,2.325478070142439790e+00,-1.762952096877715036e+00,-9.084646947627712799e-02
1.763579390002362490e+09,-1.340870361720659099e-01,-1.539611591295837190e-01,1.540018401061570730e+00,2.324999262980060433e+00,-1.762069286803169987e+00,-9.269296962083081737e-02
1.763579390016051292e+09,-1.338777147267603829e-01,-1.571584103939724641e-01,1.541691511684838645e+00,2.324606113145330166e+00,-1.761038715792659470e+00,-9.420733945254831931e-02
1.763579390029740334e+09,-1.336786936550540816e-01,-1.607145590479099884e-01,1.543223640516647066e+00,2.324277430806342082e+00,-1.759863256448627400e+00,-9.535274266089849293e-02
1.763579390043429136e+09,-1.334947299601582371e-01,-1.646643506802566437e-01,1.544594842112436250e+00,2.323999664257667241e+00,-1.758556123645423463e+00,-9.609082729532388012e-02
1.763579390057117939e+09,-1.333376917232157455e-01,-1.689963931916451667e-01,1.545794149730278289e+00,2.323765546924705827e+00,-1.757141467064512463e+00,-9.638325269424978525e-02
1.763579390070806980e+09,-1.332190286830339521e-01,-1.737010934124496586e-01,1.546810015304523889e+00,2.323568896303525477e+00,-1.755642453403482683e+00,-9.618882709436320233e-02
1.763579390084495783e+09,-1.331509558290741857e-01,-1.787652679665520106e-01,1.547632966626383055e+00,2.323397284195690471e+00,-1.754085945948719250e+00,-9.548282156846876756e-02
1.763579390098184824e+09,-1.331465812429989126e-01,-1.841731623855480393e-01,1.548259947934436109e+00,2.323213726622070929e+00,-1.752509888138904515e+00,-9.430323061107689919e-02
1.763579390111873627e+09,-1.332198444166628748e-01,-1.899058306200549218e-01,1.548691156011086090e+00,2.322969459079920806e+00,-1.750958140573240618e+00,-9.271830486486459799e-02
1.763579390125562429e+09,-1.333844571383840938e-01,-1.959451764535486418e-01,1.548926443921079033e+00,2.322617179660676268e+00,-1.749473702678578046e+00,-9.079274053215538598e-02
1.763579390139251471e+09,-1.336610019798522286e-01,-2.022482032686947762e-01,1.548978126897523566e+00,2.322118914103543652e+00,-1.748106968781576454e+00,-8.859571185056772102e-02
1.763579390152940273e+09,-1.340830803485183187e-01,-2.087247171362461851e-01,1.548881744287335049e+00,2.321456276540567742e+00,-1.746921574892859930e+00,-8.620032586197019786e-02
1.763579390166629314e+09,-1.346848991415010299e-01,-2.152808962202891474e-01,1.548675128380027743e+00,2.320612799618249067e+00,-1.745982113035203565e+00,-8.368082286590564078e-02
1.763579390180318117e+09,-1.354966985739839980e-01,-2.218235080165089079e-01,1.548397285224949238e+00,2.319575397797628113e+00,-1.745351413379111039e+00,-8.111379639300185518e-02
1.763579390194006920e+09,-1.364884094305836293e-01,-2.282858114295220897e-01,1.548098821918467038e+00,2.318372147639701453e+00,-1.745064108591673602e+00,-7.861086150085877522e-02
1.763579390207695961e+09,-1.375904573128497177e-01,-2.346183853839182154e-01,1.547837824938215645e+00,2.317058646993546134e+00,-1.745135813393726032e+00,-7.630592386402991478e-02
1.763579390221384764e+09,-1.387320979084969985e-01,-2.407707231749360022e-01,1.547673404805510522e+00,2.315690858220504467e+00,-1.745582987956368015e+00,-7.433519294209581241e-02
1.763579390235073805e+09,-1.398556785001978109e-01,-2.467050245512810436e-01,1.547648443051212075e+00,2.314326010248963783e+00,-1.746404172252780107e+00,-7.280348908937313290e-02
1.763579390248762608e+09,-1.409427169753117159e-01,-2.524180819505293938e-01,1.547756596153207154e+00,2.313028123081716902e+00,-1.747542279098615925e+00,-7.172223267670159441e-02
1.763579390262451410e+09,-1.419867162892611001e-01,-2.579188125979752222e-01,1.547977262968994738e+00,2.311860592843846707e+00,-1.748925415860139498e+00,-7.107450076098011105e-02
1.763579390276140451e+09,-1.429791931816994377e-01,-2.632129490748080780e-01,1.548291573609992700e+00,2.310889382845305207e+00,-1.750482265547822935e+00,-7.084802783660609782e-02
1.763579390289829254e+09,-1.439206047368722374e-01,-2.683321045423182616e-01,1.548676434323739581e+00,2.310149473100171047e+00,-1.752151729333479846e+00,-7.100736389205075660e-02
1.763579390303518057e+09,-1.448202628235369938e-01,-2.733375063588646126e-01,1.549105492446837706e+00,2.309639433709145706e+00,-1.753886441943669050e+00,-7.149334019900036030e-02
1.763579390317207098e+09,-1.456894898464671517e-01,-2.782952213254406004e-01,1.549551424557844559e+00,2.309352719269304188e+00,-1.755640558193537704e+00,-7.224216594549041914e-02
1.763579390330895901e+09,-1.465385652787054571e-01,-2.832663800524479747e-01,1.549988092699499775e+00,2.309279946198182554e+00,-1.757371323113039674e+00,-7.319133865097859903e-02
1.763579390344584942e+09,-1.473802646207010569e-01,-2.882821926817102920e-01,1.550397436061041523e+00,2.309367786450851945e+00,-1.759073908273051323e+00,-7.427036208566975550e-02
1.763579390358273745e+09,-1.482262696598545537e-01,-2.933477048762062611e-01,1.550767935207270298e+00,2.309530761565205648e+00,-1.760771037813932072e+00,-7.540623943278416952e-02
1.763579390371962547e+09,-1.490912228526407313e-01,-2.984714786728221991e-01,1.551087611112376585e+00,2.309684046432004312e+00,-1.762485588298111860e+00,-7.652289530517851490e-02
1.763579390385651588e+09,-1.499745638203880682e-01,-3.036524632609094443e-01,1.551345045369478814e+00,2.309747291857828344e+00,-1.764232527703857079e+00,-7.756093560547458465e-02
1.763579390399340391e+09,-1.508328574394689481e-01,-3.088670527790331466e-01,1.551529261575936625e+00,2.309658729666280053e+00,-1.765999185297405072e+00,-7.850836080407756767e-02
1.763579390413029432e+09,-1.516054607608769977e-01,-3.140822839615023954e-01,1.551629565106588116e+00,2.309362960626496264e+00,-1.767762739642965819e+00,-7.937231637178926436e-02
1.763579390426718235e+09,-1.522347477344612454e-01,-3.192664462130492820e-01,1.551635273484257116e+00,2.308804254197718286e+00,-1.769501404500846808e+00,-8.015701987022942621e-02
1.763579390440407038e+09,-1.526823011408255104e-01,-3.243870581533707664e-01,1.551534453583442774e+00,2.307940083003456433e+00,-1.771178121635343494e+00,-8.087378899931610410e-02
1.763579390454096079e+09,-1.529435127715542408e-01,-3.294117122945263709e-01,1.551313550700383459e+00,2.306748751894058813e+00,-1.772733104472304033e+00,-8.154159502021100792e-02
1.763579390467784882e+09,-1.530147870821123302e-01,-3.343075505063577979e-01,1.550958717756030225e+00,2.305209378547565802e+00,-1.774105116940274840e+00,-8.218031572381379046e-02
1.763579390481473923e+09,-1.528959842680134573e-01,-3.390412019166794688e-01,1.550459820393721433e+00,2.303307005897593296e+00,-1.775233899210596267e+00,-8.280790586064988579e-02
1.763579390495162725e+09,-1.526045141000237915e-01,-3.435710517146356446e-01,1.549836410958870037e+00,2.301069225894190939e+00,-1.776070417775012400e+00,-8.342644073379310021e-02
1.763579390508851528e+09,-1.521682927847441413e-01,-3.478517179161377815e-01,1.549124756280899406e+00,2.298548023121983253e+00,-1.776572066145595485e+00,-8.402925523565062116e-02
1.763579390522540569e+09,-1.516151869457702805e-01,-3.518369587940731180e-01,1.548360997274200956e+00,2.295794762826862456e+00,-1.776695571632587844e+00,-8.460943846066344698e-02
1.763579390536229372e+09,-1.509587885019884890e-01,-3.555059674525870017e-01,1.547572749045443841e+00,2.292860753814286223e+00,-1.776406889921896992e+00,-8.517729252917542737e-02
1.763579390549918413e+09,-1.501753034112846830e-01,-3.589013095605652071e-01,1.546766178344380682e+00,2.289797128358725509e+00,-1.775692350518997875e+00,-8.578755572716596778e-02
1.763579390563607216e+09,-1.492353800888609194e-01,-3.620773980047432561e-01,1.545943026847741431e+00,2.286653599248897883e+00,-1.774544171325305175e+00,-8.650183467721447861e-02
1.763579390577296019e+09,-1.481089440389804501e-01,-3.650881739528165637e-01,1.545105512073136511e+00,2.283480865771768897e+00,-1.772953036508665425e+00,-8.738238429932299045e-02
1.763579390590985060e+09,-1.467985798981726597e-01,-3.679798242982811329e-01,1.544250966765080779e+00,2.280298094631809214e+00,-1.770943553800071957e+00,-8.845636869572211236e-02
1.763579390604673862e+09,-1.453371975514018422e-01,-3.707898239801715179e-01,1.543372965852987999e+00,2.277095886229882016e+00,-1.768571059800544409e+00,-8.971792490861718594e-02
1.763579390618362904e+09,-1.437604208258311256e-01,-3.735563519655074050e-01,1.542464009079658416e+00,2.273862062523251737e+00,-1.765893504650476897e+00,-9.115895240884355766e-02
1.763579390632051706e+09,-1.420946572918695416e-01,-3.763089007753940285e-01,1.541523784172000644e+00,2.270587679087969768e+00,-1.762971478330845221e+00,-9.277322579573919759e-02
1.763579390645740509e+09,-1.403089042073719650e-01,-3.790296834166395623e-01,1.540593757366646388e+00,2.267279779845544407e+00,-1.759889266846210942e+00,-9.456905624918233999e-02
1.763579390659429550e+09,-1.383439760414408859e-01,-3.816740840845260774e-01,1.539737552641974094e+00,2.263953198415846302e+00,-1.756741035059480760e+00,-9.655950628662253454e-02
1.763579390673118353e+09,-1.361380544920809121e-01,-3.841998427362908752e-01,1.539018642349821331e+00,2.260624245190410608e+00,-1.753623894366633129e+00,-9.876153864757832024e-02
1.763579390686807394e+09,-1.336629392002558481e-01,-3.865650718150359100e-01,1.538488346464373491e+00,2.257295404822367235e+00,-1.750612005949124361e+00,-1.011640655544925327e-01
1.763579390700496197e+09,-1.309660937388886226e-01,-3.887337938564244255e-01,1.538167977694179900e+00,2.253939119468429730e+00,-1.747730089001887421e+00,-1.036965331038566945e-01
1.763579390714184999e+09,-1.281181967497807273e-01,-3.906705075612410538e-01,1.538070614666426472e+00,2.250518554181748065e+00,-1.744987703554782055e+00,-1.062692693940924665e-01
1.763579390727874041e+09,-1.251879732720641569e-01,-3.923412788359913472e-01,1.538209602674077026e+00,2.246998551871432603e+00,-1.742395231665292199e+00,-1.087948384787733452e-01
1.763579390741562843e+09,-1.223546519041596864e-01,-3.937324335152639909e-01,1.538572409205679170e+00,2.243337843185674974e+00,-1.739901821837806173e+00,-1.110992933751069472e-01
1.763579390755251884e+09,-1.199276120307944254e-01,-3.948597269740780069e-01,1.539113879976964139e+00,2.239489690752454631e+00,-1.737381356469348992e+00,-1.129087822843755362e-01
1.763579390768940687e+09,-1.182251901226076540e-01,-3.957367394595819876e-01,1.539788696940862733e+00,2.235406185429182901e+00,-1.734705405209853613e+00,-1.139410597700973027e-01
1.763579390782629490e+09,-1.175163682606486792e-01,-3.963940976510447189e-01,1.540548730174271297e+00,2.231047662154378664e+00,-1.731754970679456163e+00,-1.139622925774848305e-01
1.763579390796318531e+09,-1.177746852727594995e-01,-3.969475020599008697e-01,1.541337573183325649e+00,2.226420881389634232e+00,-1.728479345611489970e+00,-1.130223297329403520e-01
1.763579390810007334e+09,-1.188232260103653792e-01,-3.975571034832820483e-01,1.542093896936780562e+00,2.221556931386136302e+00,-1.724862027457258362e+00,-1.113159892663014988e-01
1.763579390823696375e+09,-1.204943006926404020e-01,-3.983808979477743151e-01,1.542756562927325881e+00,2.216484850073614066e+00,-1.720883822389098761e+00,-1.090292599380266736e-01
1.763579390837385178e+09,-1.225594429102437738e-01,-3.995425747524938287e-01,1.543275933841246506e+00,2.211252671406945591e+00,-1.716573899546587567e+00,-1.063905050885841225e-01
1.763579390851073980e+09,-1.246612711091280579e-01,-4.010889558154394074e-01,1.543626712852002258e+00,2.205947977593343268e+00,-1.712065768206356031e+00,-1.037160100154713022e-01
1.763579390864763021e+09,-1.264313426972806520e-01,-4.030532967362189245e-01,1.543788925663761580e+00,2.200663353291199886e+00,-1.707506897752222086e+00,-1.013278983778761189e-01
1.763579390878451824e+09,-1.275013065683184288e-01,-4.054686894467627312e-01,1.543742551517597095e+00,2.195491553507251670e+00,-1.703044935590723785e+00,-9.954825042219642151e-02
1.763579390892140865e+09,-1.277384823959374638e-01,-4.082970638610504133e-01,1.543515640834934421e+00,2.190497708492535889e+00,-1.698786023049115190e+00,-9.848472633005823929e-02
1.763579390905829668e+09,-1.271996847772457750e-01,-4.114438372209713868e-01,1.543174218039212731e+00,2.185724692652780909e+00,-1.694802615962542669e+00,-9.807304324760537928e-02
1.763579390919518471e+09,-1.259507594395643526e-01,-4.148101286447106739e-01,1.542787389732231951e+00,2.181215249192410166e+00,-1.691166683911524027e+00,-9.823999791999456221e-02
1.763579390933207512e+09,-1.240810375955717776e-01,-4.183079536823243738e-01,1.542413214106886477e+00,2.176995854630860538e+00,-1.687934774162662466e+00,-9.889993154977397283e-02
1.763579390946896315e+09,-1.218079498974792840e-01,-4.218907659892230377e-01,1.542062620129133865e+00,2.173017519058677127e+00,-1.685093895574985234e+00,-9.989264567931419037e-02
1.763579390960585356e+09,-1.193979255915039867e-01,-4.255330231241779559e-01,1.541725419549115461e+00,2.169198182931242780e+00,-1.682599190402931821e+00,-1.010306264559442252e-01
1.763579390974274158e+09,-1.171204523208722731e-01,-4.292050909934322367e-01,1.541393072203797843e+00,2.165458192146871408e+00,-1.680409862433887458e+00,-1.021236736889323676e-01
1.763579390987962961e+09,-1.151872679827881246e-01,-4.328891445932954163e-01,1.541062193563232041e+00,2.161726719493210158e+00,-1.678479182287962113e+00,-1.030196482178475093e-01
1.763579391001652002e+09,-1.137072547208952816e-01,-4.365826031050373812e-01,1.540741571062784310e+00,2.157953337226310442e+00,-1.676756079291248147e+00,-1.036330136814507252e-01
1.763579391015340805e+09,-1.127685785521185674e-01,-4.402872348698982918e-01,1.540441913928936035e+00,2.154090892976221028e+00,-1.675187130680236614e+00,-1.038920322492875303e-01
1.763579391029029846e+09,-1.124560004680556780e-01,-4.440044059778570640e-01,1.540173951783011752e+00,2.150092708430909827e+00,-1.673721855956811222e+00,-1.037272803186234521e-01
1.763579391042718649e+09,-1.127614519432370982e-01,-4.477503846375895935e-01,1.539950074994681950e+00,2.145919342724989409e+00,-1.672337482940861042e+00,-1.031375036820089131e-01
1.763579391056407452e+09,-1.135857870525692065e-01,-4.515532943249503384e-01,1.539784590336217729e+00,2.141540155106970378e+00,-1.671040155913917191e+00,-1.021869593636422352e-01
1.763579391070096493e+09,-1.148338787700812075e-01,-4.554435129129276172e-01,1.539691333842090337e+00,2.136921956479913565e+00,-1.669834199316760692e+00,-1.009384372445768091e-01
1.763579391083785295e+09,-1.164012412780801448e-01,-4.594375242497051315e-01,1.539686873155595270e+00,2.132044271109989175e+00,-1.668728613186747367e+00,-9.945340418691263340e-02
1.763579391097474337e+09,-1.181612347054833423e-01,-4.634824689480647741e-01,1.539801244315015527e+00,2.126944215373882674e+00,-1.667746960023800185e+00,-9.776966619265428649e-02
1.763579391111163139e+09,-1.199725513400079630e-01,-4.674872174422856075e-01,1.540071678914426867e+00,2.121691622175124969e+00,-1.666921633596930574e+00,-9.591389498516005030e-02
1.763579391124851942e+09,-1.216949790514748192e-01,-4.713634727890707588e-01,1.540535268260927459e+00,2.116353394800729149e+00,-1.666284504612602246e+00,-9.391337638587415881e-02
1.763579391138540983e+09,-1.232273534779816243e-01,-4.750607002404155232e-01,1.541205775025112024e+00,2.110978153268940449e+00,-1.665844154966404922e+00,-9.179366162849202093e-02
1.763579391152229786e+09,-1.245904164870755698e-01,-4.786503353211063461e-01,1.542024622458420868e+00,2.105552713843346524e+00,-1.665536453064301536e+00,-8.957674687953327830e-02
1.763579391165918589e+09,-1.258297723465618412e-01,-4.822275999294957649e-01,1.542918817363581274e+00,2.100052075857230971e+00,-1.665282691017447192e+00,-8.728351403601027070e-02
1.763579391179607630e+09,-1.269917025822027978e-01,-4.858892344695221466e-01,1.543814634619473658e+00,2.094450267193494586e+00,-1.665003531450623742e+00,-8.493501556558231969e-02
1.763579391193296432e+09,-1.280977763343221221e-01,-4.896769953455242796e-01,1.544661118850169101e+00,2.088757539808475450e+00,-1.664641716842088170e+00,-8.255074701518719249e-02
1.763579391206985474e+09,-1.291410662484042127e-01,-4.935705757489266543e-01,1.545432515263061690e+00,2.083024933673780499e+00,-1.664164944076257147e+00,-8.014883456593771549e-02
1.763579391220674276e+09,-1.301124453655917446e-01,-4.975435095584335166e-01,1.546105995671710698e+00,2.077307682540571410e+00,-1.663543335110668542e+00,-7.774695562051635311e-02
1.763579391234363079e+09,-1.310139685659182374e-01,-5.015663328530330922e-01,1.546668844518260810e+00,2.071656936372480384e+00,-1.662748389230389146e+00,-7.535177509149582065e-02
1.763579391248052120e+09,-1.319179665340316221e-01,-5.055730973246278515e-01,1.547186555264442376e+00,2.066110109442492071e+00,-1.661767364937905000e+00,-7.289463628010063589e-02
1.763579391261740923e+09,-1.329321373746079893e-01,-5.094860473447961891e-01,1.547757520221617167e+00,2.060693419092362699e+00,-1.660592574366493102e+00,-7.027180950946690374e-02
1.763579391275429964e+09,-1.341601658693060417e-01,-5.132218928138014835e-01,1.548483362371255723e+00,2.055438976355158598e+00,-1.659218803847825496e+00,-6.738054412549634997e-02
1.763579391289118767e+09,-1.357259947188730886e-01,-5.167454766927618293e-01,1.549429222720926091e+00,2.050334685225381648e+00,-1.657619494911576785e+00,-6.412098141235615667e-02
1.763579391302807570e+09,-1.377836758516211846e-01,-5.200984246611216610e-01,1.550600465261439354e+00,2.045299387492719223e+00,-1.655734011404049522e+00,-6.039971772034024439e-02
1.763579391316496611e+09,-1.404942230780354129e-01,-5.233391422254874970e-01,1.551990059512564413e+00,2.040236204167147793e+00,-1.653494176739478627e+00,-5.612411694288099717e-02
1.763579391330185413e+09,-1.439969514129299799e-01,-5.265159966276952153e-01,1.553597092402407620e+00,2.035059412439160997e+00,-1.650841343086400181e+00,-5.121117869118455707e-02
1.763579391343874454e+09,-1.481662339059886535e-01,-5.295956969954818128e-01,1.555473798915938177e+00,2.029773721046920443e+00,-1.647816767367854762e+00,-4.569854964041852874e-02
1.763579391357563257e+09,-1.526530443328348308e-01,-5.324739607758294246e-01,1.557716499169955027e+00,2.024464449691526724e+00,-1.644547767282312112e+00,-3.972717652157069929e-02
1.763579391371252060e+09,-1.571080353245335737e-01,-5.350462186278905907e-01,1.560423901583794848e+00,2.019214741989020290e+00,-1.641160612404965136e+00,-3.343608586527216375e-02
1.763579391384941101e+09,-1.612363829303368468e-01,-5.372294985100899423e-01,1.563669887108712464e+00,2.014097073692661333e+00,-1.637765758267872185e+00,-2.695021824338034860e-02
1.763579391398629904e+09,-1.649661080865642282e-01,-5.390266491516323422e-01,1.567437339333910717e+00,2.009132119042897013e+00,-1.634404549743821544e+00,-2.032840564549310419e-02
1.763579391412318945e+09,-1.683149743209361449e-01,-5.404754296260030344e-01,1.571671676221263469e+00,2.004320290643799574e+00,-1.631090843285152747e+00,-1.360341700836177267e-02
1.763579391426007748e+09,-1.712902520735216649e-01,-5.416094300475136070e-01,1.576322662465036162e+00,1.999664389879853399e+00,-1.627841720392176672e+00,-6.811168364483444551e-03
1.763579391439696550e+09,-1.739049222717541920e-01,-5.424645060405010044e-01,1.581337792992962399e+00,1.995165852539215079e+00,-1.624672468947484072e+00,1.423134679300953106e-05
1.763579391453385592e+09,-1.761691417281203154e-01,-5.430753871834719249e-01,1.586665846557500981e+00,1.990826688547628676e+00,-1.621599201988501937e+00,6.837938681887708627e-03
1.763579391467074394e+09,-1.780943276044080759e-01,-5.434773173820295344e-01,1.592254701929153748e+00,1.986648856401745267e+00,-1.618637789649566505e+00,1.362511548415624996e-02
1.763579391480763435e+09,-1.796913901793691093e-01,-5.437053184552200769e-01,1.598052910548312999e+00,1.982634149383768474e+00,-1.615804083474187802e+00,2.034122496573128117e-02
1.763579391494452238e+09,-1.809714128577726011e-01,-5.437945064785548732e-01,1.604008495347254204e+00,1.978784586509092946e+00,-1.613114049763927138e+00,2.695133876425960182e-02
1.763579391508141041e+09,-1.819454398247593863e-01,-5.437799608913612692e-01,1.610069837506010293e+00,1.975102000843282468e+00,-1.610583542164820470e+00,3.342084755858824169e-02
1.763579391521830082e+09,-1.826245410965004756e-01,-5.436967723308696598e-01,1.616185304676159173e+00,1.971588227477910182e+00,-1.608228411420087989e+00,3.971514488011823607e-02
1.763579391535518885e+09,-1.830197402987951971e-01,-5.435800317731561693e-01,1.622302949520844972e+00,1.968245286628577562e+00,-1.606064634356724641e+00,4.579929253678313716e-02
1.763579391549207926e+09,-1.831420994020880599e-01,-5.434648233830688957e-01,1.628371250619462085e+00,1.965074959063416671e+00,-1.604108029664285784e+00,5.163878390406530933e-02
1.763579391562896729e+09,-1.830026652321010139e-01,-5.433862416644377191e-01,1.634338259300049945e+00,1.962079252770926097e+00,-1.602374560056543329e+00,5.719869664367600859e-02
1.763579391576585531e+09,-1.826124900093636094e-01,-5.433793696701568754e-01,1.640152351676778197e+00,1.959260007228390776e+00,-1.600880081409430611e+00,6.244441930561932252e-02
1.763579391590274572e+09,-1.819826101825863796e-01,-5.434793028566372586e-01,1.645761883043773910e+00,1.956619077594535128e+00,-1.599640472311469441e+00,6.734131164135208347e-02
1.763579391603963375e+09,-1.811240979152184405e-01,-5.437211185223299603e-01,1.651114934176883597e+00,1.954158448404888837e+00,-1.598671661631929641e+00,7.185449414934902412e-02
1.763579391617652416e+09,-1.800479698716409838e-01,-5.441399281431574808e-01,1.656159936165907842e+00,1.951879940052882567e+00,-1.597989525224423168e+00,7.594938816241543489e-02
1.763579391631341219e+09,-1.787653187515889364e-01,-5.447707814621085554e-01,1.660845012921130071e+00,1.949785513247852764e+00,-1.597609953141263750e+00,7.959116354484543909e-02
1.763579391645030022e+09,-1.772871657982338367e-01,-5.456488145608938689e-01,1.665118460830802505e+00,1.947877052010838606e+00,-1.597548873349627474e+00,8.274512386890776894e-02
1.763579391658719063e+09,-1.756245487606898359e-01,-5.468090653335745399e-01,1.668928711783505214e+00,1.946156376778608310e+00,-1.597822103216878453e+00,8.537668567797282448e-02
1.763579391672407866e+09,-1.737885422774477495e-01,-5.482867051074824527e-01,1.672223722994286454e+00,1.944625526598586340e+00,-1.598445669134954672e+00,8.745088209424893566e-02
1.763579391686096907e+09,-1.717901855504138930e-01,-5.501166717785311855e-01,1.674952162039449410e+00,1.943286210565017935e+00,-1.599435253147258207e+00,8.893332536431680646e-02
1.763579391699785709e+09,-1.696405111134628996e-01,-5.523343163859245619e-01,1.677061734893944722e+00,1.942140589435769060e+00,-1.600807090851981140e+00,8.978882953974781644e-02
1.763579391713474512e+09,-1.673506736675465789e-01,-5.549742302171556396e-01,1.678501507837255380e+00,1.941190186156092734e+00,-1.602576484072717022e+00,8.998337850812168637e-02
1.763579391727163553e+09,-1.649314679536979245e-01,-5.580723573703603169e-01,1.679218617369577782e+00,1.940437416972514040e+00,-1.604760288257094825e+00,8.948122165206560952e-02
1.763579391740852356e+09,-1.623985571174068054e-01,-5.616465383192092986e-01,1.679185692112703743e+00,1.939872811276365683e+00,-1.607354558702085434e+00,8.826952399761481272e-02
1.763579391754541397e+09,-1.597788767472142768e-01,-5.656715330415396092e-01,1.678437013177472403e+00,1.939458059275484203e+00,-1.610305577176611491e+00,8.639064434683417504e-02
1.763579391768230200e+09,-1.571018288727436818e-01,-5.701131830849884841e-01,1.677019202238759110e+00,1.939149133172365369e+00,-1.613549455060089288e+00,8.389808867999162811e-02
1.763579391781919003e+09,-1.543966208513438410e-01,-5.749377575443742616e-01,1.674978533472838427e+00,1.938902129601916435e+00,-1.617022710207699943e+00,8.084498841973064565e-02
1.763579391795608044e+09,-1.516924525721871087e-01,-5.801115607546881714e-01,1.672361224869895358e+00,1.938673155025540495e+00,-1.620661886835058185e+00,7.728442348774343384e-02
1.763579391809296846e+09,-1.490186822409134693e-01,-5.856006010804128969e-01,1.669213670378802084e+00,1.938418313106477386e+00,-1.624403309594611544e+00,7.326969829859508732e-02
1.763579391822985888e+09,-1.464044496935979489e-01,-5.913712696091601995e-01,1.665582041663616453e+00,1.938093696084255635e+00,-1.628183577146799843e+00,6.885382579976365158e-02
1.763579391836674690e+09,-1.438791463304549822e-01,-5.973895614653905728e-01,1.661512764460902680e+00,1.937655418098146676e+00,-1.631939011942641127e+00,6.409014859011104293e-02
1.763579391850363493e+09,-1.414718792930626523e-01,-6.036217712883408248e-01,1.657052050808905719e+00,1.937059569475370502e+00,-1.635606157498218138e+00,5.903171230155931232e-02
1.763579391864052534e+09,-1.392120705141886017e-01,-6.100342127148035143e-01,1.652246137447740626e+00,1.936262249304491423e+00,-1.639121507764288888e+00,5.373168151472246939e-02
1.763579391877741337e+09,-1.371286383274639420e-01,-6.165928530283689701e-01,1.647141411979774039e+00,1.935219559208863016e+00,-1.642421460543698197e+00,4.824321914501841779e-02
1.763579391891430378e+09,-1.352515674185669481e-01,-6.232641290471322426e-01,1.641784121257444662e+00,1.933887613331763289e+00,-1.645442478368333461e+00,4.261966556488883118e-02
1.763579391905119181e+09,-1.336086967026459404e-01,-6.300139843221004288e-01,1.636220491010639266e+00,1.932222477302351749e+00,-1.648121135301661822e+00,3.691370470709110646e-02
1.763579391918807983e+09,-1.322316219712988405e-01,-6.368087572277679742e-01,1.630497137038371624e+00,1.930180281235615913e+00,-1.650393546657591859e+00,3.117953330362150874e-02
1.763579391932497025e+09,-1.311542175708269586e-01,-6.436150257346341386e-01,1.624660632830635221e+00,1.927719291259750278e+00,-1.652196833409292021e+00,2.547138510640378078e-02
1.763579391946185827e+09,-1.305193274380276047e-01,-6.504024494965058301e-01,1.618772446694032752e+00,1.924822771077982164e+00,-1.653464698518188669e+00,1.988445168224236420e-02
1.763579391959874868e+09,-1.305347659384865633e-01,-6.571439080161062263e-01,1.612900946215947817e+00,1.921495559964493394e+00,-1.654133598750541667e+00,1.453442726686831991e-02
1.763579391973563671e+09,-1.314258648956584397e-01,-6.638114936440744351e-01,1.607119005716626692e+00,1.917738066093386040e+00,-1.654133597474009454e+00,9.548142877847672072e-03
1.763579391987252474e+09,-1.333258974826615484e-01,-6.703787748426475179e-01,1.601478152894426410e+00,1.913573721846259845e+00,-1.653426782032301867e+00,4.996183651678460722e-03
1.763579392000941515e+09,-1.360759153452011927e-01,-6.768216286977817298e-01,1.595964261643390225e+00,1.909097114237018555e+00,-1.652073987276137634e+00,7.727032915882026034e-04
1.763579392014630318e+09,-1.393852868220252228e-01,-6.831173645564373453e-01,1.590533537571210854e+00,1.904434688619868199e+00,-1.650181154346467061e+00,-3.307158549820188222e-03
1.763579392028319359e+09,-1.429816741886715814e-01,-6.892428619856121319e-01,1.585146213308138874e+00,1.899709038689698204e+00,-1.647847680307559903e+00,-7.418033491731214867e-03
1.763579392042008162e+09,-1.466629419711051874e-01,-6.951863307253172142e-01,1.579773540822578148e+00,1.895006565460964687e+00,-1.645152064713457429e+00,-1.168273096291299815e-02
1.763579392055696964e+09,-1.503832678913882837e-01,-7.009568799769179126e-01,1.574412440524245227e+00,1.890340742958432019e+00,-1.642124604889986461e+00,-1.611388513422955249e-02
1.763579392069386005e+09,-1.541114565826671723e-01,-7.065662247431334642e-01,1.569061967575186234e+00,1.885717201173704893e+00,-1.638791251940721283e+00,-2.071331940202214214e-02
1.763579392083074808e+09,-1.578188535074503962e-01,-7.120258593223823818e-01,1.563722035905899643e+00,1.881140973694416241e+00,-1.635177215541170792e+00,-2.548088337800259034e-02
1.763579392096763611e+09,-1.614751976585867277e-01,-7.173474811685354169e-01,1.558391917421521278e+00,1.876617470594067250e+00,-1.631308126624252841e+00,-3.041783716654832687e-02
1.763579392110452652e+09,-1.650511881150803495e-01,-7.225428319783258058e-01,1.553071076326567601e+00,1.872151767107096410e+00,-1.627209282418163649e+00,-3.552482245016357065e-02
1.763579392124141455e+09,-1.685168586551060166e-01,-7.276233557730050761e-01,1.547759159819224184e+00,1.867749340553289450e+00,-1.622906353378755329e+00,-4.080252623704700571e-02
1.763579392137830496e+09,-1.718427146547915618e-01,-7.326008678716361411e-01,1.542455489642146516e+00,1.863415279139255976e+00,-1.618424643559562837e+00,-4.625184860909542506e-02
1.763579392151519299e+09,-1.749989232725300270e-01,-7.374868270594329145e-01,1.537159737148748428e+00,1.859155011479993513e+00,-1.613789795947682792e+00,-5.187338289129514446e-02
1.763579392165208101e+09,-1.779558704289373461e-01,-7.422929553824557658e-01,1.531871304877674866e+00,1.854973723791929707e+00,-1.609027206262277021e+00,-5.766797759848835137e-02
1.763579392178897142e+09,-1.806839111306014212e-01,-7.470309683603214568e-01,1.526589592937968920e+00,1.850876613694201867e+00,-1.604162267010714293e+00,-6.363650378437246680e-02
1.763579392192585945e+09,-1.831532667570440476e-01,-7.517123350200970444e-01,1.521314277860547959e+00,1.846869089925011753e+00,-1.599220623422278553e+00,-6.977951585556303737e-02
1.763579392206274986e+09,-1.853343330238219622e-01,-7.563488525053236877e-01,1.516044669067474038e+00,1.842956280606648400e+00,-1.594227582163527890e+00,-7.609799119381267796e-02
1.763579392219963789e+09,-1.871973552065826496e-01,-7.609519935791968503e-01,1.510780441840299471e+00,1.839143586882187487e+00,-1.589208790877741029e+00,-8.259247164269059582e-02
1.763579392233652592e+09,-1.887126732684735464e-01,-7.655334724738878105e-01,1.505520998656631360e+00,1.835436210317582528e+00,-1.584189645435486238e+00,-8.926383130211315575e-02
1.763579392247341633e+09,-1.898506468633170963e-01,-7.701050038635477435e-01,1.500265737790202669e+00,1.831839348262468414e+00,-1.579195523879074248e+00,-9.611294855897144218e-02
1.763579392261030436e+09,-1.905814961617407488e-01,-7.746780600382258131e-01,1.495014340211371362e+00,1.828358407066727365e+00,-1.574252098756572238e+00,-1.031403582650657624e-01
1.763579392274719477e+09,-1.908756584966584124e-01,-7.792644389343958977e-01,1.489766106207776719e+00,1.824998506135864451e+00,-1.569384635401327444e+00,-1.103470489887378170e-01
1.763579392288408279e+09,-1.907032611924493748e-01,-7.838756068460184245e-01,1.484520728054538496e+00,1.821765076051919063e+00,-1.564618851227066010e+00,-1.177335671874011891e-01
1.763579392302097082e+09,-1.900349368764968905e-01,-7.885232911400080758e-01,1.479277577585950576e+00,1.818663241734220781e+00,-1.559980012370607794e+00,-1.253007392077667148e-01
1.763579392315786123e+09,-1.888404425454489333e-01,-7.932191840517359704e-01,1.474036106732400819e+00,1.815698360652473697e+00,-1.555493732995357314e+00,-1.330495687957867490e-01
1.763579392329474926e+09,-1.870910282228418764e-01,-7.979747960257254080e-01,1.468795905756333120e+00,1.812875565224167040e+00,-1.551185285398417379e+00,-1.409803736858442347e-01
1.763579392343163967e+09,-1.847554793478942969e-01,-8.028018612065841442e-01,1.463556424138970691e+00,1.810200413569302613e+00,-1.547080588354799779e+00,-1.490944806756200336e-01
1.763579392356852770e+09,-1.818065293333758770e-01,-8.077119508183115970e-01,1.458317114603554954e+00,1.807677644357359004e+00,-1.543204318559449950e+00,-1.573919120119796622e-01
1.763579392370541573e+09,-1.782106972983482085e-01,-8.127165984803254029e-01,1.453077743174691960e+00,1.805313479775536800e+00,-1.539583398579322582e+00,-1.658743020082233399e-01
1.763579392384230614e+09,-1.739607361168073185e-01,-8.178297790590914884e-01,1.447834962007876758e+00,1.803106772190484763e+00,-1.536233890567216154e+00,-1.745385949411606408e-01
1.763579392397919416e+09,-1.692072997640188259e-01,-8.230843720511954453e-01,1.442564772905488679e+00,1.801010746697959242e+00,-1.533105740826335328e+00,-1.833546912190305023e-01
1.763579392411608458e+09,-1.642156836656956387e-01,-8.285257761746137595e-01,1.437228448778602896e+00,1.798945709667457482e+00,-1.530100743112372097e+00,-1.922730648845146495e-01
1.763579392425297260e+09,-1.592422992651944813e-01,-8.341999508497799365e-01,1.431787852890065826e+00,1.796834137160659761e+00,-1.527124347944678995e+00,-2.012458618070172844e-01
1.763579392438986063e+09,-1.545182172538786258e-01,-8.400971147133634576e-01,1.426233664979067228e+00,1.794622384179554109e+00,-1.524103192252980188e+00,-2.102109849922678686e-01
1.763579392452675104e+09,-1.501726042069430334e-01,-8.460300931228971200e-01,1.420650373616723527e+00,1.792338442653186981e+00,-1.521040520355583681e+00,-2.190645371470638092e-01
1.763579392466363907e+09,-1.463130055571854049e-01,-8.517740281974482963e-01,1.415142486682644307e+00,1.790027669222717943e+00,-1.517955753212364423e+00,-2.276934216629515340e-01
1.763579392480052948e+09,-1.430465651036258445e-01,-8.571032701502514506e-01,1.409814747712774041e+00,1.787735690972665381e+00,-1.514868517462206077e+00,-2.359847521705233930e-01
1.763579392493741751e+09,-1.404180560307438930e-01,-8.619056370446005477e-01,1.404718414018498285e+00,1.785485784948761312e+00,-1.511787068712105997e+00,-2.438784819236836932e-01
1.763579392507430553e+09,-1.383956511088565433e-01,-8.662057586265916598e-01,1.399839947894079284e+00,1.783274433905994716e+00,-1.508706043808228703e+00,-2.513793495178904269e-01
1.763579392521119595e+09,-1.369419972743282088e-01,-8.700383949275415363e-01,1.395161016523071229e+00,1.781096108148201962e+00,-1.505619038316869052e+00,-2.584968320195215608e-01
1.763579392534808397e+09,-1.360202261303856131e-01,-8.734373904035314107e-01,1.390663869152882315e+00,1.778945529438653139e+00,-1.502519876890693995e+00,-2.652396959752352790e-01
1.763579392548497438e+09,-1.355928565507413253e-01,-8.764377127372983134e-01,1.386330025903443675e+00,1.776817108472343421e+00,-1.499402095317650785e+00,-2.716176110118093123e-01
1.763579392562186241e+09,-1.356229607081238520e-01,-8.790732790721083045e-01,1.382141703342794070e+00,1.774705556574458720e+00,-1.496259515457822653e+00,-2.776393889182973140e-01
1.763579392575875044e+09,-1.360731860576480101e-01,-8.813788163518743168e-01,1.378080585065827535e+00,1.772605354925705035e+00,-1.493085740816246787e+00,-2.833144951862267558e-01
1.763579392589564085e+09,-1.369064956473394212e-01,-8.833885650962728375e-01,1.374128581260432247e+00,1.770511069801578685e+00,-1.489874414879314601e+00,-2.886521401748129989e-01
1.763579392603252888e+09,-1.380856066693827711e-01,-8.851369789423109147e-01,1.370267659333386234e+00,1.768417320193481634e+00,-1.486619315984771816e+00,-2.936614242401064390e-01
1.763579392616941929e+09,-1.395734480381309595e-01,-8.866584280299578680e-01,1.366479615357184985e+00,1.766318616424428001e+00,-1.483314027782141498e+00,-2.983516796566614837e-01
1.763579392630630732e+09,-1.413327396780212075e-01,-8.879873273402282274e-01,1.362746437058039994e+00,1.764209589445987492e+00,-1.479952326584832667e+00,-3.027320215535533321e-01
1.763579392644319534e+09,-1.433263984820649373e-01,-8.891580294487583247e-01,1.359049981682991515e+00,1.762084780544034279e+00,-1.476527867873997257e+00,-3.068116675415595851e-01
1.763579392658008575e+09,-1.455171996962816849e-01,-8.902050409731140368e-01,1.355372030715509046e+00,1.759938710495291936e+00,-1.473034222270153570e+00,-3.106000227292737281e-01
1.763579392671697378e+09,-1.478680361404548227e-01,-8.911625865485770515e-01,1.351694666195629502e+00,1.757766036338570537e+00,-1.469465272803528233e+00,-3.141059737899866144e-01
1.763579392685386419e+09,-1.503415970691833747e-01,-8.920653040051016447e-01,1.347999550586820083e+00,1.755561230604735901e+00,-1.465814450864962426e+00,-3.173391686652350385e-01
1.763579392699075222e+09,-1.529009589692889581e-01,-8.929472466141982201e-01,1.344268849854749481e+00,1.753318967591173561e+00,-1.462075757408612064e+00,-3.203082362201844502e-01
1.763579392712764025e+09,-1.555084661027267279e-01,-8.938433010224857700e-01,1.340484170298661404e+00,1.751033743861332148e+00,-1.458242519184914432e+00,-3.230232004592750727e-01
1.763579392726453066e+09,-1.581277199276536205e-01,-8.947872397563930713e-01,1.336627624253978519e+00,1.748700122638869203e+00,-1.454308742811278865e+00,-3.254922780816842387e-01
1.763579392740141869e+09,-1.606971165431638482e-01,-8.958290548314779000e-01,1.332676422098194813e+00,1.746315950619040214e+00,-1.450259079230828085e+00,-3.277605963687362789e-01
1.763579392753830910e+09,-1.630979479807334043e-01,-8.970548901947642539e-01,1.328596763774866352e+00,1.743886962061606649e+00,-1.446056809345531713e+00,-3.299583110423121579e-01
1.763579392767519712e+09,-1.652024077363103971e-01,-8.985563401156068108e-01,1.324353535051475683e+00,1.741420382765901165e+00,-1.441662279085719645e+00,-3.322286605096354539e-01
1.763579392781208515e+09,-1.668854050808289968e-01,-9.004205621387095793e-01,1.319914299858969242e+00,1.738925146049780102e+00,-1.437038569878944072e+00,-3.347118765212222513e-01
1.763579392794897556e+09,-1.681038685351877171e-01,-9.026022574515187857e-01,1.315329991370358664e+00,1.736460233446093016e+00,-1.432235214125575640e+00,-3.374452249164766604e-01
1.763579392808586359e+09,-1.688998532846176792e-01,-9.049186244236565591e-01,1.310738127299543976e+00,1.734136711433083011e+00,-1.427391694343133954e+00,-3.403593962665941164e-01
1.763579392822275400e+09,-1.693174443878310009e-01,-9.071827802653731343e-01,1.306278949197014816e+00,1.732067305891135556e+00,-1.422649910684215424e+00,-3.433822110741673317e-01
1.763579392835964203e+09,-1.694017620132370339e-01,-9.092083923903434561e-01,1.302091724490898939e+00,1.730364093914554369e+00,-1.418151656061466648e+00,-3.464412244944805597e-01
1.763579392849653006e+09,-1.691976620358882633e-01,-9.108045967118851838e-01,1.298320167248015800e+00,1.729141922821421984e+00,-1.414041465413149012e+00,-3.494618505561207233e-01
1.763579392863342047e+09,-1.687499088188829099e-01,-9.117907708230376107e-01,1.295098078390477303e+00,1.728509558500066934e+00,-1.410457282640555032e+00,-3.523748562834459475e-01
1.763579392877030849e+09,-1.681034841074604547e-01,-9.119684280302632340e-01,1.292576618782018683e+00,1.728586391494682406e+00,-1.407548724985427047e+00,-3.551015629147628028e-01
1.763579392890719891e+09,-1.673039921394921525e-01,-9.112970833029433448e-01,1.290752266075990029e+00,1.729397784917516168e+00,-1.405363892031113560e+00,-3.576462825032488690e-01
1.763579392904408693e+09,-1.663997435906769684e-01,-9.100256991490293101e-01,1.289337074330783039e+00,1.730797069959934875e+00,-1.403766020872736942e+00,-3.601655943283098016e-01
1.763579392918097496e+09,-1.654385200236846709e-01,-9.084666075554589382e-01,1.287981924618437413e+00,1.732599607364672112e+00,-1.402577181340942891e+00,-3.628487934203765697e-01
1.763579392931786537e+09,-1.644677474747351653e-01,-9.069159394326979928e-01,1.286353913103851276e+00,1.734630273464244699e+00,-1.401629672560693818e+00,-3.658763941663926156e-01
1.763579392945475340e+09,-1.635067391122668468e-01,-9.055219152489641932e-01,1.284299418496808620e+00,1.736791282122850166e+00,-1.400835990883781967e+00,-3.693266011596942344e-01
1.763579392959164143e+09,-1.625494628665123120e-01,-9.042866752487925819e-01,1.281838433606635963e+00,1.739062284205886710e+00,-1.400188963011922194e+00,-3.731791679953700425e-01
1.763579392972853184e+09,-1.615894508021457621e-01,-9.032130935774476121e-01,1.278990758590249577e+00,1.741422345852457365e+00,-1.399680732328990151e+00,-3.774138760070406273e-01
1.763579392986541986e+09,-1.606198211355607253e-01,-9.022996838835506406e-01,1.275781225807680164e+00,1.743852859902352614e+00,-1.399306056818910182e+00,-3.820075616699500909e-01
1.763579393000231028e+09,-1.596339139272728580e-01,-9.015475470784086731e-01,1.272231508645947029e+00,1.746333914708722013e+00,-1.399058110958189660e+00,-3.869390138078884211e-01
1.763579393013919830e+09,-1.586249714036846448e-01,-9.009563304301422271e-01,1.268365195145390256e+00,1.748846264432675435e+00,-1.398930973758025997e+00,-3.921857523581263605e-01
1.763579393027608633e+09,-1.575862767691789956e-01,-9.005264775177997949e-01,1.264204760037250352e+00,1.751370329718253682e+00,-1.398918221652620586e+00,-3.977260717463356188e-01
1.763579393041297674e+09,-1.565110610627811205e-01,-9.002579889719661832e-01,1.259773162475009700e+00,1.753886783276326744e+00,-1.399013704169030037e+00,-4.035380049897788757e-01
1.763579393054986477e+09,-1.553926384549623452e-01,-9.001511199616303305e-01,1.255093326784614494e+00,1.756376032409347809e+00,-1.399211123637730925e+00,-4.095994290042784813e-01
1.763579393068675518e+09,-1.542242325929626678e-01,-9.002059861704788668e-01,1.250188000976562241e+00,1.758818728264041731e+00,-1.399504266239371075e+00,-4.158885553403890989e-01
1.763579393082364321e+09,-1.529991540810859696e-01,-9.004227697785313067e-01,1.245080194500459037e+00,1.761195314856843330e+00,-1.399886863450173768e+00,-4.223832059859733423e-01
1.763579393096053123e+09,-1.517106494717631593e-01,-9.008016221021069025e-01,1.239792697992036619e+00,1.763486382458473667e+00,-1.400352680199273170e+00,-4.290615098743615907e-01
1.763579393109742165e+09,-1.503519625741679133e-01,-9.013427214595611803e-01,1.234348272123541923e+00,1.765672506690201926e+00,-1.400895478064887678e+00,-4.359016185160344836e-01
1.763579393123430967e+09,-1.489164080941174362e-01,-9.020462090465244387e-01,1.228769971810170558e+00,1.767734153809338737e+00,-1.401508993815460347e+00,-4.428813197124521484e-01
1.763579393137120008e+09,-1.473972032044713332e-01,-9.029122729655441049e-01,1.223080464749761731e+00,1.769651935619069416e+00,-1.402187002446324104e+00,-4.499788845940518311e-01
1.763579393150808811e+09,-1.457876689281287219e-01,-9.039410446087859929e-01,1.217302812501723341e+00,1.771406326891455940e+00,-1.402923234918892037e+00,-4.571720926265582796e-01
1.763579393164497614e+09,-1.440810458326411136e-01,-9.051327012063559163e-01,1.211459778483810590e+00,1.772977903062779692e+00,-1.403711456812199332e+00,-4.644390959108690153e-01
1.763579393178186655e+09,-1.422705718017518439e-01,-9.064874280264658690e-01,1.205574123588499802e+00,1.774347228712801927e+00,-1.404545437570398958e+00,-4.717580471782754636e-01
1.763579393191875458e+09,-1.403495719299318045e-01,-9.080053445610940521e-01,1.199668912978000268e+00,1.775494794811860011e+00,-1.405418902254738533e+00,-4.791067250305705016e-01
1.763579393205564499e+09,-1.383112573254993427e-01,-9.096866577672052534e-01,1.193766809126289408e+00,1.776401186716819680e+00,-1.406325635950641306e+00,-4.864634009719538965e-01
1.763579393219253302e+09,-1.361489461609377005e-01,-9.115314874204535345e-01,1.187890870797995380e+00,1.777046904895691615e+00,-1.407259360512922219e+00,-4.938058684486227312e-01
1.763579393232942104e+09,-1.338559096595104414e-01,-9.135399939432353733e-01,1.182063875282375554e+00,1.777412525637282137e+00,-1.408213847601367696e+00,-5.011122421261093862e-01
1.763579393246631145e+09,-1.314253018354785418e-01,-9.157124339305827698e-01,1.176308552627387094e+00,1.777478557529175829e+00,-1.409182865464402967e+00,-5.083607516752852717e-01
1.763579393260319948e+09,-1.288506014530785282e-01,-9.180487948317508362e-01,1.170648025342077014e+00,1.777225595807595093e+00,-1.410160140392753947e+00,-5.155290345726093459e-01
1.763579393274008989e+09,-1.261247614279272233e-01,-9.205494967176329757e-01,1.165104854045137417e+00,1.776634072108806750e+00,-1.411139450505346504e+00,-5.225956120195586196e-01
1.763579393287697792e+09,-1.232415353306253458e-01,-9.232143083006096873e-01,1.159702278087157978e+00,1.775684722395513226e+00,-1.412114533586720899e+00,-5.295378400614860759e-01
1.763579393301386595e+09,-1.201934799984868962e-01,-9.260439545010280549e-01,1.154462749646191888e+00,1.774357785022157241e+00,-1.413079131531532084e+00,-5.363345939762883541e-01
1.763579393315075636e+09,-1.169749031131445821e-01,-9.290377938539675640e-01,1.149409562762984338e+00,1.772634254886082061e+00,-1.414027063216338087e+00,-5.429628196755785785e-01
1.763579393328764439e+09,-1.135784464845967373e-01,-9.321963073914274478e-01,1.144565270076391528e+00,1.770494505922387996e+00,-1.414952076563009031e+00,-5.494012163380005420e-01
1.763579393342453480e+09,-1.100447219412162697e-01,-9.354761601470047427e-01,1.139969092294008446e+00,1.767944332505664518e+00,-1.415852547198931610e+00,-5.555805240166757919e-01
1.763579393356142282e+09,-1.064877772318553600e-01,-9.387648722698983539e-01,1.135684562909724082e+00,1.765029843699851497e+00,-1.416734506678147154e+00,-5.613588476480040335e-01
1.763579393369831085e+09,-1.030283806896682558e-01,-9.419453241682055333e-01,1.131778739470078676e+00,1.761799712665574447e+00,-1.417604112516552162e+00,-5.665867397672604833e-01
1.763579393383520126e+09,-9.978609301722565772e-02,-9.448937319774752819e-01,1.128312122574707255e+00,1.758306439679023780e+00,-1.418470394228510401e+00,-5.711199087650286055e-01
1.763579393397208929e+09,-9.686727710946765879e-02,-9.474410962533696967e-01,1.125297676441018080e+00,1.754627073586044528e+00,-1.419363117526616369e+00,-5.748536126986920625e-01
1.763579393410897970e+09,-9.436792963313070381e-02,-9.493842321326555478e-01,1.122711182470021107e+00,1.750857443975969652e+00,-1.420327953754684680e+00,-5.777144436599689348e-01
1.763579393424586773e+09,-9.238569701072218976e-02,-9.505205497606188381e-01,1.120531465181839215e+00,1.747092627544778898e+00,-1.421409815812055388e+00,-5.796252986598758872e-01
1.763579393438275576e+09,-9.097456499396068541e-02,-9.507252552430403014e-01,1.118716025225413579e+00,1.743410967938718192e+00,-1.422635817130270652e+00,-5.805807388104845534e-01
1.763579393451964617e+09,-9.003232941127958799e-02,-9.501621592931738247e-01,1.117151708650456321e+00,1.739826521234692613e+00,-1.423964910969875763e+00,-5.808290196769556601e-01
1.763579393465653419e+09,-8.941714651667791169e-02,-9.490681806033519630e-01,1.115708296217040596e+00,1.736337901441481923e+00,-1.425339177805274637e+00,-5.806828723843743267e-01
1.763579393479342461e+09,-8.898617127382354997e-02,-9.476816357383666123e-01,1.114253546698846131e+00,1.732942586948506225e+00,-1.426700014595121191e+00,-5.804568565704215644e-01
1.763579393493031263e+09,-8.862718654941720287e-02,-9.462064870687770801e-01,1.112704980021217871e+00,1.729658296225057956e+00,-1.428005236710885750e+00,-5.804113164286603954e-01
1.763579393506720066e+09,-8.826654122371714595e-02,-9.448068771661873866e-01,1.111042592874412760e+00,1.726527218282974951e+00,-1.429232477731156470e+00,-5.807392463626702694e-01
1.763579393520409107e+09,-8.783626235101518742e-02,-9.436374159555407370e-01,1.109256161305153476e+00,1.723595938062273847e+00,-1.430363457480312350e+00,-5.816225936102289440e-01
1.763579393534097910e+09,-8.727265330931104070e-02,-9.428390442167386976e-01,1.107341089320201366e+00,1.720912973378809996e+00,-1.431384158586407551e+00,-5.832315882472356439e-01
1.763579393547786951e+09,-8.657757663269417814e-02,-9.423446635239557390e-01,1.105398840622429990e+00,1.718574963417500712e+00,-1.432352572629731036e+00,-5.855676190196952291e-01
1.763579393561475754e+09,-8.579035983475559457e-02,-9.419719964899970766e-01,1.103586307864783844e+00,1.716700604584008971e+00,-1.433365101437458211e+00,-5.885342709660187355e-01
1.763579393575164557e+09,-8.495104639428398274e-02,-9.415304798171056921e-01,1.102068512563389113e+00,1.715416701689766343e+00,-1.434522788996474008e+00,-5.920345908820356939e-01
1.763579393588853598e+09,-8.409410513034554224e-02,-9.408852520144546094e-01,1.100959586711502514e+00,1.714799816800976151e+00,-1.435897254194631101e+00,-5.959793267652480075e-01
1.763579393602542400e+09,-8.323977118868114422e-02,-9.400343535273746332e-01,1.100255328233523233e+00,1.714810879489676365e+00,-1.437491034071813001e+00,-6.003009390935578615e-01
1.763579393616231441e+09,-8.240356618294894520e-02,-9.390207943087424125e-01,1.099910777948436280e+00,1.715370799153157266e+00,-1.439283159003321488e+00,-6.049389206941844233e-01
1.763579393629920244e+09,-8.160192725422198146e-02,-9.378789052353435629e-01,1.099889064931418137e+00,1.716408440860269113e+00,-1.441257185043042011e+00,-6.098313178896943576e-01
1.763579393643609047e+09,-8.085074492689581227e-02,-9.366480853356281555e-01,1.100148583715782724e+00,1.717848027568061653e+00,-1.443394041434205910e+00,-6.149170846255598288e-01
1.763579393657298088e+09,-8.016620146215172604e-02,-9.353647958565226572e-01,1.100650447544427202e+00,1.719616481532158181e+00,-1.445676225707388740e+00,-6.201348051429451669e-01
1.763579393670986891e+09,-7.956435232940445301e-02,-9.340672080679360834e-01,1.101354228272485747e+00,1.721639133904876218e+00,-1.448085242049638621e+00,-6.254230054460896415e-01
1.763579393684675932e+09,-7.906129862265187658e-02,-9.327925017700984256e-01,1.102220371331856352e+00,1.723842266190441119e+00,-1.450603238032331710e+00,-6.307204553022794924e-01
1.763579393698364735e+09,-7.867312964682482423e-02,-9.315784319665916247e-01,1.103208817896996319e+00,1.726151574659849919e+00,-1.453211929895250387e+00,-6.359656250995909810e-01
1.763579393712053537e+09,-7.841593528517069867e-02,-9.304624295344176010e-01,1.104279793500152707e+00,1.728493099614637263e+00,-1.455893303495430224e+00,-6.410972236704032268e-01
1.763579393725742579e+09,-7.830579858824049388e-02,-9.294820644162457013e-01,1.105393403920201356e+00,1.730792768100635204e+00,-1.458629276989140910e+00,-6.460539753961270781e-01
1.763579393739431381e+09,-7.835881526849895751e-02,-9.286748894165869350e-01,1.106509759976664453e+00,1.732976445857870251e+00,-1.461401662006945434e+00,-6.507743348850696385e-01
1.763579393753120422e+09,-7.859108035027423389e-02,-9.280784347331347828e-01,1.107589019579921841e+00,1.734970109736880151e+00,-1.464192445118126962e+00,-6.551970875781472081e-01
1.763579393766809225e+09,-7.901866049046964158e-02,-9.277302412611104776e-01,1.108591271715770876e+00,1.736699663477197397e+00,-1.466983420634288215e+00,-6.592607423707967929e-01
1.763579393780498028e+09,-7.965768815567296490e-02,-9.276678832111080464e-01,1.109476680620807398e+00,1.738090951870035372e+00,-1.469756546941923814e+00,-6.629039217053049882e-01
1.763579393794187069e+09,-8.052417699930075612e-02,-9.279288117241875078e-01,1.110205343118678911e+00,1.739070177949962437e+00,-1.472493728077113539e+00,-6.660655105921361452e-01
1.763579393807875872e+09,-8.163436089268719109e-02,-9.285507301764065469e-01,1.110737467455848337e+00,1.739562736664340248e+00,-1.475176851349766505e+00,-6.686836363615975554e-01
1.763579393821564674e+09,-8.300417811225148379e-02,-9.295711035423873669e-01,1.111032923736428257e+00,1.739495054511860372e+00,-1.477787657954256595e+00,-6.706974446478959351e-01
1.763579393835253716e+09,-8.464469662152530882e-02,-9.310202151412799720e-01,1.111053725724951091e+00,1.738807008235886853e+00,-1.480308915510998302e+00,-6.720545334852260355e-01
1.763579393848942518e+09,-8.653096555866948703e-02,-9.328795123166657710e-01,1.110768864182722915e+00,1.737538349221731337e+00,-1.482724752141986624e+00,-6.727692425404688814e-01
1.763579393862631559e+09,-8.862043637692365583e-02,-9.351043268470849990e-01,1.110155354094431335e+00,1.735777644482906501e+00,-1.485023345460737332e+00,-6.728866779998360359e-01
1.763579393876320362e+09,-9.087219240063344750e-02,-9.376553228930530892e-01,1.109183434422115866e+00,1.733609136298726483e+00,-1.487188218300620202e+00,-6.724517766236365324e-01
1.763579393890009165e+09,-9.323382004674229950e-02,-9.404538862327761484e-01,1.107875027997831552e+00,1.731145012408265904e+00,-1.489237574937843700e+00,-6.715056618006410849e-01
1.763579393903698206e+09,-9.562968008994746083e-02,-9.433428911331385169e-01,1.106354518134943232e+00,1.728553075391885629e+00,-1.491258422073173495e+00,-6.700807243161435167e-01
1.763579393917387009e+09,-9.797894758190449360e-02,-9.461465611923872698e-01,1.104771911629539805e+00,1.726013614287942310e+00,-1.493354568842530927e+00,-6.682072666335999722e-01
1.763579393931076050e+09,-1.002023597936586019e-01,-9.486939235781319812e-01,1.103271178980166134e+00,1.723703357529971614e+00,-1.495626001184207299e+00,-6.659158342681010812e-01
1.763579393944764853e+09,-1.022603753181182545e-01,-9.509015298163348007e-01,1.101927161234002028e+00,1.721708336778464687e+00,-1.498119861020169807e+00,-6.632346496754312204e-01
1.763579393958453655e+09,-1.041551701177790973e-01,-9.527790237869007139e-01,1.100739050961033083e+00,1.720019486721911184e+00,-1.500826417573122296e+00,-6.601896670625395647e-01
1.763579393972142696e+09,-1.058897107734877857e-01,-9.543375005807478439e-01,1.099705321252861356e+00,1.718625973806160889e+00,-1.503735295960706209e+00,-6.568066821420412982e-01
1.763579393985831499e+09,-1.074678210733731182e-01,-9.555902544329595294e-01,1.098822406314694522e+00,1.717514852713302620e+00,-1.506834445557520441e+00,-6.531116685850401060e-01
1.763579393999520540e+09,-1.088928541084568102e-01,-9.565492777138433489e-01,1.098087944633442836e+00,1.716674440596693829e+00,-1.510112952648763107e+00,-6.491303583964486146e-01
1.763579394013209343e+09,-1.101683888329997169e-01,-9.572272735424851575e-01,1.097498917617824477e+00,1.716092361763884577e+00,-1.513559160378934232e+00,-6.448887475388526136e-01
1.763579394026898146e+09,-1.112979001884843305e-01,-9.576365691807547931e-01,1.097052654515247916e+00,1.715756608295790020e+00,-1.517161864959453821e+00,-6.404126275991401940e-01
1.763579394040587187e+09,-1.122849484286053273e-01,-9.577897006685953674e-01,1.096746288763670751e+00,1.715654969598094048e+00,-1.520909723143459624e+00,-6.357277729633800112e-01
1.763579394054275990e+09,-1.131329938259933166e-01,-9.576990800267833892e-01,1.096577075605212892e+00,1.715775352617901817e+00,-1.524791272718117874e+00,-6.308602052950152972e-01
1.763579394067965031e+09,-1.138455859428157968e-01,-9.573771819816822015e-01,1.096542199173514254e+00,1.716105606460774480e+00,-1.528795277156433041e+00,-6.258356138813770952e-01
1.763579394081653833e+09,-1.144262073506278898e-01,-9.568364654498739963e-01,1.096638877807400103e+00,1.716633593701499594e+00,-1.532910245265588500e+00,-6.206800321045028435e-01
1.763579394095342636e+09,-1.148783850061184109e-01,-9.560893887001690183e-01,1.096864313902698340e+00,1.717347178663431784e+00,-1.537124884694925031e+00,-6.154192316721567302e-01
1.763579394109031677e+09,-1.152056341330349870e-01,-9.551483889903017444e-01,1.097215724825012506e+00,1.718234245011517336e+00,-1.541427914422596190e+00,-6.100789769860792688e-01
1.763579394122720480e+09,-1.154114551856915832e-01,-9.540259574286646949e-01,1.097690305847972336e+00,1.719282625655632613e+00,-1.545807825816244652e+00,-6.046853123850410849e-01
1.763579394136409521e+09,-1.154993667916025951e-01,-9.527345123959098938e-01,1.098285281982155137e+00,1.720480221745069649e+00,-1.550253413194615071e+00,-5.992639089046938317e-01
1.763579394150098324e+09,-1.154728774168751887e-01,-9.512865564364090254e-01,1.098997840716158692e+00,1.721814856117379833e+00,-1.554753163467346377e+00,-5.938408137188462277e-01
1.763579394163787127e+09,-1.153355010695033683e-01,-9.496945258167008852e-01,1.099825199668888365e+00,1.723274413152411810e+00,-1.559295795496999704e+00,-5.884417905013220595e-01
1.763579394177476168e+09,-1.150907439965325185e-01,-9.479708467075110834e-01,1.100764584523179490e+00,1.724846785983304542e+00,-1.563870031157170271e+00,-5.830926046450043421e-01
1.763579394191164970e+09,-1.147421262594465613e-01,-9.461280366884969872e-01,1.101813170770438388e+00,1.726519784422158699e+00,-1.568464352911886461e+00,-5.778193007475475040e-01
1.763579394204854012e+09,-1.142931472465335135e-01,-9.441784892900525472e-01,1.102968203229285793e+00,1.728281331125165909e+00,-1.573067562349872883e+00,-5.726475541416350401e-01
1.763579394218542814e+09,-1.137473341787385156e-01,-9.421347299819270438e-01,1.104226849816089651e+00,1.730119229313762164e+00,-1.577668140960251986e+00,-5.676034031075967157e-01
1.763579394232231617e+09,-1.131081914114414194e-01,-9.400091829015932987e-01,1.105586338252886769e+00,1.732021373784425222e+00,-1.582254810797367739e+00,-5.627126149043627512e-01
1.763579394245920658e+09,-1.123792171794737726e-01,-9.378142667785438480e-01,1.107043902716633887e+00,1.733975663675756396e+00,-1.586816293105990372e+00,-5.580009664987318763e-01
1.763579394259609461e+09,-1.115639479499427739e-01,-9.355625152464815963e-01,1.108596701342686730e+00,1.735969895670302909e+00,-1.591341070614056719e+00,-5.534944814456476125e-01
1.763579394273298502e+09,-1.106658676443366268e-01,-9.332663081815261163e-01,1.110241995337785115e+00,1.737992003347901937e+00,-1.595817942827773228e+00,-5.492188597573647302e-01
1.763579394286987305e+09,-1.096885177917809318e-01,-9.309381821488430520e-01,1.111976937523517783e+00,1.740029781279731624e+00,-1.600235395035757291e+00,-5.452001119728997480e-01
1.763579394300676107e+09,-1.086353969962716298e-01,-9.285905563226782844e-01,1.113798760987380509e+00,1.742071128637038502e+00,-1.604582148605261605e+00,-5.414640140270389201e-01
1.763579394314365149e+09,-1.075099931300715905e-01,-9.262358445752097991e-01,1.115704712941517407e+00,1.744103946509983460e+00,-1.608846917452786851e+00,-5.380363758194425250e-01
1.763579394328053951e+09,-1.063158621423380551e-01,-9.238865902116052409e-01,1.117691927503760008e+00,1.746116027105069524e+00,-1.613018197266028686e+00,-5.349431613330895008e-01
1.763579394341742992e+09,-1.050564662428957186e-01,-9.215551635535198516e-01,1.119757693617053240e+00,1.748095307232407247e+00,-1.617084771294882151e+00,-5.322101420960955176e-01
1.763579394355431795e+09,-1.037353714827470019e-01,-9.192541110234139223e-01,1.121899131788862247e+00,1.750029579300441673e+00,-1.621035144649611404e+00,-5.298632436682749747e-01
1.763579394369120598e+09,-1.023560551158039650e-01,-9.169958398688579093e-01,1.124113504608485803e+00,1.751906746823731931e+00,-1.624858025135840212e+00,-5.279283067460058820e-01
1.763579394382809639e+09,-1.009220143888521493e-01,-9.147927776491534546e-01,1.126398044192717718e+00,1.753714701995164882e+00,-1.628542122870430653e+00,-5.264311377238829470e-01
1.763579394396498442e+09,-9.943680971745647024e-02,-9.126574582692621451e-01,1.128749880446037857e+00,1.755441246645615738e+00,-1.632075950475914361e+00,-5.253976501391717235e-01
1.763579394410187483e+09,-9.790389069953303602e-02,-9.106022543127477720e-01,1.131166321292343957e+00,1.757074309450418870e+00,-1.635448270887489342e+00,-5.248536909647216753e-01
1.763579394423876286e+09,-9.632675519264616293e-02,-9.086396666643224984e-01,1.133644574454544252e+00,1.758601712379745274e+00,-1.638647559293689548e+00,-5.248253295176725786e-01
1.763579394437565088e+09,-9.471563901989729639e-02,-9.067863677646194054e-01,1.136172381871517478e+00,1.760009478384284121e+00,-1.641666207119865550e+00,-5.253202243632071333e-01
1.763579394451254129e+09,-9.310839897682189614e-02,-9.050767155889274385e-01,1.138698367257218180e+00,1.761275878557118091e+00,-1.644511439329292557e+00,-5.262718850303680362e-01
1.763579394464942932e+09,-9.155087018712548819e-02,-9.035498904795654651e-01,1.141160086716956679e+00,1.762377004533114411e+00,-1.647194860108906811e+00,-5.275923070091664835e-01
1.763579394478631973e+09,-9.008875645199240778e-02,-9.022455450436744906e-01,1.143494839187504608e+00,1.763288850520970064e+00,-1.649727720804611053e+00,-5.291941102979336176e-01
1.763579394492320776e+09,-8.876768505212739857e-02,-9.012021006727620742e-01,1.145640949520018603e+00,1.763987768468299633e+00,-1.652122076103390347e+00,-5.309893124986371227e-01
1.763579394506009579e+09,-8.763356722973127122e-02,-9.004604643018109256e-01,1.147534553121099865e+00,1.764449334280974613e+00,-1.654388236088093711e+00,-5.328909214828373431e-01
1.763579394519698620e+09,-8.673177880120930272e-02,-9.000573289368359875e-01,1.149115611480142185e+00,1.764650489592261451e+00,-1.656539661384650808e+00,-5.348103761029776582e-01
1.763579394533387423e+09,-8.610534062163913149e-02,-9.000227288437040452e-01,1.150330146964783307e+00,1.764570047604728131e+00,-1.658593179102791249e+00,-5.366593520718935251e-01
1.763579394547076464e+09,-8.576407762148911818e-02,-9.002393209273203967e-01,1.151259035718227075e+00,1.764232268169381612e+00,-1.660661896534848525e+00,-5.383210712003509979e-01
1.763579394560765266e+09,-8.569445920406550121e-02,-9.005021319793505841e-01,1.152063290026533737e+00,1.763687693238741749e+00,-1.662912351658472287e+00,-5.396682299111869030e-01
1.763579394574454069e+09,-8.588505695063015921e-02,-9.005945275451822107e-01,1.152914559281860152e+00,1.762991428192684173e+00,-1.665523425638321120e+00,-5.405628781710311026e-01
1.763579394588143110e+09,-8.631399486131310916e-02,-9.003673855346985277e-01,1.153923269457416634e+00,1.762172669706057793e+00,-1.668604796228775111e+00,-5.409258744435229138e-01
1.763579394601831913e+09,-8.693497735183336461e-02,-8.998467071811429019e-01,1.155041121300314000e+00,1.761194508518251212e+00,-1.672088714341401383e+00,-5.408257594529700674e-01
1.763579394615520954e+09,-8.769162654515055833e-02,-8.991263506618102364e-01,1.156158243942559949e+00,1.759993793142815788e+00,-1.675838661000655927e+00,-5.403895021451150527e-01
1.763579394629209757e+09,-8.852985669344815012e-02,-8.982868340791709816e-01,1.157177016611645515e+00,1.758513167445093561e+00,-1.679731361597604833e+00,-5.397319816819134974e-01
1.763579394642898560e+09,-8.939386022911360863e-02,-8.974172704174093740e-01,1.157991729891419075e+00,1.756690929908230503e+00,-1.683635283138919414e+00,-5.389762868438855437e-01
1.763579394656587601e+09,-9.022945997810399854e-02,-8.966005706917546947e-01,1.158502794663637703e+00,1.754469286296963970e+00,-1.687424610663151192e+00,-5.382389787869537034e-01
1.763579394670276403e+09,-9.098052507762503793e-02,-8.959252312118680672e-01,1.158604767455001072e+00,1.751785989986202052e+00,-1.690968666430805012e+00,-5.376432434636632118e-01
1.763579394683965206e+09,-9.159807373990146162e-02,-8.954643702024611684e-01,1.158209352530787717e+00,1.748595155848067018e+00,-1.694147770624326865e+00,-5.372912162239132927e-01
1.763579394697654247e+09,-9.207789527426470111e-02,-8.952018084432803446e-01,1.157328761309178500e+00,1.744952914571636482e+00,-1.696900350825596204e+00,-5.371580726962453811e-01
1.763579394711343050e+09,-9.244924677832158655e-02,-8.950534622232722004e-01,1.156051850328694286e+00,1.740992465294450176e+00,-1.699209937004918736e+00,-5.371230342102536470e-01
1.763579394725032091e+09,-9.273899954118662581e-02,-8.949407781422268338e-01,1.154460839685226725e+00,1.736840708728143223e+00,-1.701055632667329842e+00,-5.370729041644792812e-01
1.763579394738720894e+09,-9.296624961343981364e-02,-8.947822439340950007e-01,1.152653013038605456e+00,1.732623453865396623e+00,-1.702448001291809065e+00,-5.368961568743028101e-01
1.763579394752409697e+09,-9.311715569090675548e-02,-8.945001862127396342e-01,1.150760189694874258e+00,1.728446462784084758e+00,-1.703493454643059346e+00,-5.365060989561597493e-01
1.763579394766098738e+09,-9.317101789817582025e-02,-8.940176918325045685e-01,1.148921939369075496e+00,1.724410917503328644e+00,-1.704320832078343395e+00,-5.358215498852381131e-01
1.763579394779787540e+09,-9.310668436955102378e-02,-8.932573751358382497e-01,1.147278982783903389e+00,1.720618783805436980e+00,-1.705059623283529113e+00,-5.347608053145745943e-01
1.763579394793476582e+09,-9.291789097915198470e-02,-8.921854374683844124e-01,1.145896300397960754e+00,1.717122887198546000e+00,-1.705787592500764616e+00,-5.332955243362735853e-01
1.763579394807165384e+09,-9.261620120156387193e-02,-8.908212025758683872e-01,1.144747274442192486e+00,1.713916829499316119e+00,-1.706519900926555477e+00,-5.314625288590776320e-01
1.763579394820854187e+09,-9.221469569514145759e-02,-8.891884381790664538e-01,1.143797429572370072e+00,1.710988990499803686e+00,-1.707266422974394349e+00,-5.293040702049879309e-01
1.763579394834543228e+09,-9.172626715989834478e-02,-8.873103351479263434e-01,1.143013253515482663e+00,1.708328393558950609e+00,-1.708037672982602340e+00,-5.268617033727377441e-01
1.763579394848232031e+09,-9.116400214495597176e-02,-8.852106963386682237e-01,1.142360411187414382e+00,1.705923630031227933e+00,-1.708843543964393863e+00,-5.241777166604405513e-01
1.763579394861921072e+09,-9.054079913454927964e-02,-8.829127600666729636e-01,1.141805228207809275e+00,1.703763579713926335e+00,-1.709694474787877061e+00,-5.212937510880688574e-01
1.763579394875609875e+09,-8.986973678432559620e-02,-8.804402383448096669e-01,1.141313551103037893e+00,1.701836949564514034e+00,-1.710600463048020048e+00,-5.182519282778044190e-01
1.763579394889298677e+09,-8.916371347036448902e-02,-8.778164897096705221e-01,1.140851553544455221e+00,1.700132541152558519e+00,-1.711571856494426669e+00,-5.150941320191645412e-01
1.763579394902987719e+09,-8.843581933989404231e-02,-8.750650448061330078e-01,1.140385176961646430e+00,1.698639065620341837e+00,-1.712618724679849658e+00,-5.118620980346343385e-01
1.763579394916676521e+09,-8.769888494701220949e-02,-8.722094095821891768e-01,1.139880540787234109e+00,1.697345323923696858e+00,-1.713751410752210269e+00,-5.085981719270442625e-01
1.763579394930365562e+09,-8.696618067326548907e-02,-8.692730964570737351e-01,1.139303622224584478e+00,1.696240102586441534e+00,-1.714979866923112661e+00,-5.053435897757330153e-01
1.763579394944054365e+09,-8.625020695850903196e-02,-8.662795314116871204e-01,1.138620525636542036e+00,1.695312067064951300e+00,-1.716314697889044893e+00,-5.021413934985248240e-01
1.763579394957743168e+09,-8.556478769241725180e-02,-8.632524357985335017e-01,1.137797232907653333e+00,1.694550202343010792e+00,-1.717765379416850813e+00,-4.990317743521713312e-01
1.763579394971432209e+09,-8.492147693186491431e-02,-8.602147939875848248e-01,1.136799845649069107e+00,1.693942857831187476e+00,-1.719343366645602611e+00,-4.960594153920304672e-01
1.763579394985121012e+09,-8.434331791014827717e-02,-8.571938289329550376e-01,1.135593339606643992e+00,1.693480834060861362e+00,-1.721050270975506447e+00,-4.932487997436260097e-01
1.763579394998810053e+09,-8.390821756317255742e-02,-8.542372661032305858e-01,1.134135295114628184e+00,1.693163972040899967e+00,-1.722841472635310511e+00,-4.905333010651949377e-01
1.763579395012498856e+09,-8.372483375441815145e-02,-8.514040242687771487e-01,1.132380159111047835e+00,1.692998506649403767e+00,-1.724646084370318855e+00,-4.877922409765894085e-01
1.763579395026187658e+09,-8.390083583789188781e-02,-8.487532051270902933e-01,1.130281426270583811e+00,1.692989032222355528e+00,-1.726394396568191381e+00,-4.849102701806539129e-01
1.763579395039876699e+09,-8.447606611275870758e-02,-8.463020162303714899e-01,1.127824635105278972e+00,1.693160073671982735e+00,-1.728066194815490286e+00,-4.817994538742726984e-01
1.763579395053565502e+09,-8.531182174059435963e-02,-8.439592913648925609e-01,1.125077306735790650e+00,1.693584890798820242e+00,-1.729772075192616221e+00,-4.784538592687586633e-01
1.763579395067254543e+09,-8.623910788502288371e-02,-8.416150508011331910e-01,1.122120946589616031e+00,1.694345178395865403e+00,-1.731644762484309874e+00,-4.748806359590827531e-01
1.763579395080943346e+09,-8.708962569464472059e-02,-8.391599683943502530e-01,1.119036739382043955e+00,1.695521348063603773e+00,-1.733815793749424072e+00,-4.710887126863450569e-01
1.763579395094632149e+09,-8.777044811691148141e-02,-8.365287823419440549e-01,1.115868070157010727e+00,1.697136444790943610e+00,-1.736339588001051926e+00,-4.671146392358379029e-01
1.763579395108321190e+09,-8.826730092741359723e-02,-8.337023862610980496e-01,1.112618874468762398e+00,1.699152741062461835e+00,-1.739189512338907839e+00,-4.630255181465160463e-01
1.763579395122009993e+09,-8.856878620433875082e-02,-8.306635084345072029e-01,1.109291819834914872e+00,1.701530275618027721e+00,-1.742335852925375850e+00,-4.588895940878377488e-01
1.763579395135699034e+09,-8.866410606346207535e-02,-8.273950425454129620e-01,1.105889055050372605e+00,1.704228769526209275e+00,-1.745748501520330231e+00,-4.547750788217747586e-01
1.763579395149387836e+09,-8.854236273749337138e-02,-8.238799822397113726e-01,1.102413003460088303e+00,1.707207829335337879e+00,-1.749397204561792485e+00,-4.507504847178093743e-01
1.763579395163076639e+09,-8.819259012989782986e-02,-8.201012463962611410e-01,1.098865956723349413e+00,1.710427280829054153e+00,-1.753251981565119078e+00,-4.468839621153165576e-01
1.763579395176765680e+09,-8.760381540172512693e-02,-8.160414737106758132e-01,1.095250182790345361e+00,1.713846921500128628e+00,-1.757282822934039812e+00,-4.432438926055746187e-01
1.763579395190454483e+09,-8.676530424098460870e-02,-8.116841429984383849e-01,1.091568060624326097e+00,1.717426271797691362e+00,-1.761459353533561201e+00,-4.398985338145425805e-01
1.763579395204143524e+09,-8.566570647435471642e-02,-8.070111862197014707e-01,1.087821961483377065e+00,1.721125429829897024e+00,-1.765751969779209452e+00,-4.369163717514993883e-01
1.763579395217832327e+09,-8.429479210001289413e-02,-8.020070138462995768e-01,1.084014004278987864e+00,1.724903563136573892e+00,-1.770129802606708269e+00,-4.343654630682531881e-01
1.763579395231521130e+09,-8.264294106217970337e-02,-7.966562257419095294e-01,1.080146748749187813e+00,1.728720202602116673e+00,-1.774562520009045796e+00,-4.323119621773606203e-01
1.763579395245210171e+09,-8.074050892310909167e-02,-7.910104363111624126e-01,1.076216393165141172e+00,1.732517024964435715e+00,-1.778995338490305000e+00,-4.307809678306366297e-01
1.763579395258898973e+09,-7.865359228403406844e-02,-7.851784224634045239e-01,1.072217104319437286e+00,1.736221785451537158e+00,-1.783354798201958191e+00,-4.297559434659984912e-01
1.763579395272588015e+09,-7.644932199404939899e-02,-7.792736996441382846e-01,1.068138725199953898e+00,1.739759503507007476e+00,-1.787563252397703861e+00,-4.292248433584774925e-01
1.763579395286276817e+09,-7.419217363841325297e-02,-7.733892923455978341e-01,1.063991351485633174e+00,1.743068308174954728e+00,-1.791563015838742112e+00,-4.291507480051224843e-01
1.763579395299965620e+09,-7.193500620294225600e-02,-7.675401097411866935e-01,1.059856574495129600e+00,1.746133952933964117e+00,-1.795368603093889348e+00,-4.294128289171705304e-01
1.763579395313654661e+09,-6.972436995840299023e-02,-7.617033195621497610e-01,1.055849888193685526e+00,1.748965591766286298e+00,-1.799029883985048262e+00,-4.298491877544252104e-01
1.763579395327343464e+09,-6.760870486558326342e-02,-7.558609897951344969e-01,1.052084273288320437e+00,1.751569239605710759e+00,-1.802592182819917621e+00,-4.303021438334845850e-01
1.763579395341032505e+09,-6.561222651423184726e-02,-7.500135946968088385e-01,1.048615131065823158e+00,1.753943677828225134e+00,-1.806081007789766435e+00,-4.306673030960077031e-01
1.763579395354721308e+09,-6.371187844485057261e-02,-7.442078776767260262e-01,1.045374804965550242e+00,1.756068055993848631e+00,-1.809473387246953502e+00,-4.309579487620098237e-01
1.763579395368410110e+09,-6.187791622013519288e-02,-7.384955710874158141e-01,1.042279701787498292e+00,1.757919357447940589e+00,-1.812740961999732336e+00,-4.312017638422266930e-01
1.763579395382099152e+09,-6.008087818633266880e-02,-7.329270985868633348e-01,1.039247668685040260e+00,1.759476758190581913e+00,-1.815856131449898214e+00,-4.314274614676136266e-01
1.763579395395787954e+09,-5.830084518717919967e-02,-7.275212853949922787e-01,1.036240042852679233e+00,1.760758324640383732e+00,-1.818815059745078289e+00,-4.316555433040255574e-01
1.763579395409476995e+09,-5.652605677162039072e-02,-7.222666469917408127e-01,1.033258116935205750e+00,1.761819465146104990e+00,-1.821636349920965348e+00,-4.319003963298589932e-01
1.763579395423165798e+09,-5.474525443270188835e-02,-7.171522748696204097e-01,1.030303194762525631e+00,1.762715070873577483e+00,-1.824338298683647164e+00,-4.321760370839043408e-01
1.763579395436854601e+09,-5.295656208498166623e-02,-7.121677417882765759e-01,1.027374322657265138e+00,1.763495983798386346e+00,-1.826939409520875301e+00,-4.324923368276984981e-01
1.763579395450543642e+09,-5.121031331433114481e-02,-7.073109314438301709e-01,1.024453999421123473e+00,1.764185443406829146e+00,-1.829455362899798709e+00,-4.328363670802087837e-01
1.763579395464232445e+09,-4.957335660796097915e-02,-7.025826106538155535e-01,1.021519315002145989e+00,1.764797472349441732e+00,-1.831900951364017649e+00,-4.331878548947911134e-01
1.763579395477921486e+09,-4.811525542788464005e-02,-6.979833779041245689e-01,1.018547072397620212e+00,1.765345705750225314e+00,-1.834290975682578928e+00,-4.335255552415772651e-01
1.763579395491610289e+09,-4.687115407387713178e-02,-6.935127747251469410e-01,1.015514008607494967e+00,1.765849562225989766e+00,-1.836640585121140923e+00,-4.338416984728703518e-01
1.763579395505299091e+09,-4.582412232941950048e-02,-6.891686180293484787e-01,1.012394793392598968e+00,1.766336864688938135e+00,-1.838964828788337336e+00,-4.341496372130853043e-01
1.763579395518988132e+09,-4.494648456876648712e-02,-6.849477360153465311e-01,1.009165368805906349e+00,1.766837766378406727e+00,-1.841279823750663347e+00,-4.344663305138882214e-01
1.763579395532676935e+09,-4.421215797792181490e-02,-6.808467118058914025e-01,1.005803590604142705e+00,1.767381751303559012e+00,-1.843601720209269823e+00,-4.348068631224445424e-01
1.763579395546365976e+09,-4.356013497911741944e-02,-6.768408454510103089e-01,1.002338550017552121e+00,1.768013262764394522e+00,-1.845971595553828504e+00,-4.351722817629906648e-01
1.763579395560054779e+09,-4.291025250996052809e-02,-6.728922068235497767e-01,9.988346029911201462e-01,1.768783051771831927e+00,-1.848444423650892565e+00,-4.355508251687020826e-01
1.763579395573743582e+09,-4.217594117429411538e-02,-6.689602864712750341e-01,9.953595509153929655e-01,1.769747393907045829e+00,-1.851080464095050893e+00,-4.359330979024573227e-01
1.763579395587432623e+09,-4.130222198081613671e-02,-6.650172615650535857e-01,9.919615700017055948e-01,1.770934126125539798e+00,-1.853913055412030442e+00,-4.362983882448778772e-01
1.763579395601121426e+09,-4.032374196147896911e-02,-6.610723479437397021e-01,9.886313629201022302e-01,1.772290969155554841e+00,-1.856899456647327140e+00,-4.365951823374819574e-01
1.763579395614810228e+09,-3.931189155738935848e-02,-6.571495148891209892e-01,9.853357912375592109e-01,1.773732474387429869e+00,-1.859965185806889965e+00,-4.367593505660592457e-01
1.763579395628499269e+09,-3.833247568264130933e-02,-6.532705067706776614e-01,9.820454761132854093e-01,1.775178435580460290e+00,-1.863041181051057649e+00,-4.367286295770541615e-01
1.763579395642188072e+09,-3.741714943657876297e-02,-6.494423805194921018e-01,9.787417683492278808e-01,1.776570065486560823e+00,-1.866069743250589719e+00,-4.364640400986704583e-01
1.763579395655877113e+09,-3.653578423715873880e-02,-6.456452510610711792e-01,9.754272710087996678e-01,1.777889382733607748e+00,-1.869019152318892818e+00,-4.359669782799799331e-01
1.763579395669565916e+09,-3.565420494008978564e-02,-6.418577369157293377e-01,9.721059826416614813e-01,1.779120920427285313e+00,-1.871858064956506640e+00,-4.352412139232861854e-01
1.763579395683254719e+09,-3.473842266538320483e-02,-6.380580866399037099e-01,9.687813826515235816e-01,1.780248449812888101e+00,-1.874557329367648295e+00,-4.342928218434262688e-01
1.763579395696943760e+09,-3.377923932972251575e-02,-6.342310454246329332e-01,9.654425243420466929e-01,1.781228866033508274e+00,-1.877100031801014479e+00,-4.331448328488768929e-01
1.763579395710632563e+09,-3.279280848891428374e-02,-6.303679715167197495e-01,9.620636943577208777e-01,1.781991019017550526e+00,-1.879483461746261463e+00,-4.318397915806112541e-01
1.763579395724321604e+09,-3.179486403954505380e-02,-6.264598989000538243e-01,9.586191310885977535e-01,1.782464224741355796e+00,-1.881704573373537581e+00,-4.304196258072837122e-01
1.763579395738010406e+09,-3.079706700214852530e-02,-6.224988947381874249e-01,9.550874264019040272e-01,1.782581554472733032e+00,-1.883771544753148675e+00,-4.289339197564042139e-01
1.763579395751699209e+09,-2.978115113666393240e-02,-6.184794819453587333e-01,9.514725434920412450e-01,1.782302833705782685e+00,-1.885752279741273574e+00,-4.274714317447617096e-01
1.763579395765388250e+09,-2.871911806212457813e-02,-6.143975331837036036e-01,9.477884196062295041e-01,1.781598071304454356e+00,-1.887737444957392263e+00,-4.261342685135462438e-01
1.763579395779077053e+09,-2.758142063959185750e-02,-6.102487956984992135e-01,9.440486323964233373e-01,1.780436782002800644e+00,-1.889817737446813695e+00,-4.250268873997727348e-01
1.763579395792766094e+09,-2.637248338982923698e-02,-6.060342852482586418e-01,9.402752429414253932e-01,1.778795184686827069e+00,-1.892074051715116889e+00,-4.242039795701958993e-01
1.763579395806454897e+09,-2.514576648370765721e-02,-6.017631265615410729e-01,9.365032601724347927e-01,1.776658630627419244e+00,-1.894573319412771850e+00,-4.236494511788783113e-01
1.763579395820143700e+09,-2.396097923492333109e-02,-5.974453467333038503e-01,9.327689854469868314e-01,1.774013959649671346e+00,-1.897380337909817305e+00,-4.233375464005454392e-01
1.763579395833832741e+09,-2.287283332272530695e-02,-5.930913110992979131e-01,9.291060340571252185e-01,1.770854639749905646e+00,-1.900554717850813091e+00,-4.232438850034753730e-01
1.763579395847521544e+09,-2.190572245926245692e-02,-5.887169545207407984e-01,9.255277361484934850e-01,1.767230539079197138e+00,-1.904108578388682416e+00,-4.233374149967205069e-01
1.763579395861210585e+09,-2.106450008833559914e-02,-5.843404822381299546e-01,9.220351632432550737e-01,1.763224701648269610e+00,-1.908027185846265628e+00,-4.235861667887666493e-01
1.763579395874899387e+09,-2.035726573546619428e-02,-5.799806559748280632e-01,9.186306920723258385e-01,1.758916152632082452e+00,-1.912297931383198923e+00,-4.239559724371646521e-01
1.763579395888588190e+09,-1.977730408831654060e-02,-5.756542153501493786e-01,9.153128524418490120e-01,1.754404682624403300e+00,-1.916898542772913938e+00,-4.244242470350201857e-01
1.763579395902277231e+09,-1.929042806867458520e-02,-5.713744150327310090e-01,9.120741150093365501e-01,1.749828953037249057e+00,-1.921789667669616453e+00,-4.249904870710632387e-01
1.763579395915966034e+09,-1.885468593501181400e-02,-5.671536035123436736e-01,9.089051504574202633e-01,1.745339308619334506e+00,-1.926926175885989911e+00,-4.256606163958362443e-01
1.763579395929655075e+09,-1.842993417508646814e-02,-5.630040195940104741e-01,9.057968632900881278e-01,1.741082666675438428e+00,-1.932264593190455182e+00,-4.264392508600302611e-01
1.763579395943343878e+09,-1.800301291365317274e-02,-5.589330700857472189e-01,9.027419782738522747e-01,1.737174005384685360e+00,-1.937760912238722488e+00,-4.273253198951867948e-01
1.763579395957032681e+09,-1.759564301200030462e-02,-5.549417235333938825e-01,8.997353800341976182e-01,1.733683469841937441e+00,-1.943372646637887335e+00,-4.283098070046527650e-01
1.763579395970721722e+09,-1.723047478252644552e-02,-5.510308443458241667e-01,8.967720787009320071e-01,1.730682387181745829e+00,-1.949056988351239417e+00,-4.293833184858180663e-01
1.763579395984410524e+09,-1.693062794576193075e-02,-5.472008950825075768e-01,8.938466619048028861e-01,1.728232242027125887e+00,-1.954771510002269119e+00,-4.305380092940098158e-01
1.763579395998099566e+09,-1.671480622338293240e-02,-5.434497425691375838e-01,8.909489742454629324e-01,1.726344139263379596e+00,-1.960477303355722789e+00,-4.317790668371480622e-01
1.763579396011788368e+09,-1.659940945120256042e-02,-5.397735364664445479e-01,8.880659746720703795e-01,1.724991105109619616e+00,-1.966137458011748329e+00,-4.331203928970991934e-01
1.763579396025477171e+09,-1.660080869606158152e-02,-5.361685860991539654e-01,8.851845365586783476e-01,1.724149868126465091e+00,-1.971715116935564893e+00,-4.345757169599154257e-01
1.763579396039166212e+09,-1.673634250467012641e-02,-5.326277063117309529e-01,8.822957901958198290e-01,1.723790831281708291e+00,-1.977174205630154669e+00,-4.361485761978717846e-01
1.763579396052855015e+09,-1.702727995660160629e-02,-5.291319661323345969e-01,8.794068164891358785e-01,1.723871506154768696e+00,-1.982480416885056274e+00,-4.378040000275609245e-01
1.763579396066544056e+09,-1.749534672833708351e-02,-5.256590200318244088e-01,8.765287648090306361e-01,1.724345153016227039e+00,-1.987600730970130014e+00,-4.394973709655283778e-01
1.763579396080232859e+09,-1.816268547111324350e-02,-5.221867341053733069e-01,8.736729048861947566e-01,1.725165163796809953e+00,-1.992501528312195180e+00,-4.411837454012753068e-01
1.763579396093921661e+09,-1.902052491280985594e-02,-5.186994753737427244e-01,8.708519002650269014e-01,1.726293546043783600e+00,-1.997164957009343045e+00,-4.428465763652771892e-01
1.763579396107610703e+09,-2.001838923009449309e-02,-5.151905519091546370e-01,8.680805599574402676e-01,1.727703643046907711e+00,-2.001594191392431554e+00,-4.445079320612948526e-01
1.763579396121299505e+09,-2.110230683622353956e-02,-5.116542465083094848e-01,8.653739843864447501e-01,1.729370088221709789e+00,-2.005793757529401145e+00,-4.461925290198497374e-01
1.763579396134988546e+09,-2.222079678196692276e-02,-5.080849944021023079e-01,8.627464301310071582e-01,1.731269562626203129e+00,-2.009766589350565624e+00,-4.479198971734209000e-01
1.763579396148677349e+09,-2.333925049205311936e-02,-5.044807904414547739e-01,8.602075279494444393e-01,1.733398656817809469e+00,-2.013499746678202307e+00,-4.496658095436557034e-01
1.763579396162366152e+09,-2.443305069338483002e-02,-5.008413299055711754e-01,8.577639461248429686e-01,1.735763089407885928e+00,-2.016972406473758195e+00,-4.513831783707786816e-01
1.763579396176055193e+09,-2.547579378474497044e-02,-4.971659049989398116e-01,8.554229444578452801e-01,1.738369656228450744e+00,-2.020164098308041112e+00,-4.530265183762949288e-01
1.763579396189743996e+09,-2.645170483287696828e-02,-4.934570486405723821e-01,8.531880958673914161e-01,1.741216408905863267e+00,-2.023052895729664957e+00,-4.545426350399538462e-01
1.763579396203433037e+09,-2.736333238448955887e-02,-4.897224797061929813e-01,8.510563068298876432e-01,1.744286274426475547e+00,-2.025614944654932525e+00,-4.558661608885334338e-01
1.763579396217121840e+09,-2.821786509326760714e-02,-4.859715072140274317e-01,8.490228683481926275e-01,1.747557964762560312e+00,-2.027825849672744152e+00,-4.569282538492577261e-01
1.763579396230810642e+09,-2.902118809312315140e-02,-4.822127742824083296e-01,8.470832773357103163e-01,1.751010935259948775e+00,-2.029662685180538162e+00,-4.576621475300324815e-01
1.763579396244499683e+09,-2.977254327911428924e-02,-4.784510184761341933e-01,8.452300668202495926e-01,1.754616630350740225e+00,-2.031127630447683075e+00,-4.580194554250100469e-01
1.763579396258188486e+09,-3.046379418690943128e-02,-4.746870197366936384e-01,8.434534428274718110e-01,1.758339285341691927e+00,-2.032248561050963076e+00,-4.579725751413186718e-01
1.763579396271877527e+09,-3.108704853859777309e-02,-4.709215116980094984e-01,8.417433439667391104e-01,1.762143360852669094e+00,-2.033051673409365545e+00,-4.574911065803654586e-01
1.763579396285566330e+09,-3.163411585489799005e-02,-4.671546771900022543e-01,8.400901370673743429e-01,1.765992242108069599e+00,-2.033571315232949761e+00,-4.565568378139805428e-01
1.763579396299255133e+09,-3.209682899982745780e-02,-4.633840063333986015e-01,8.384854354762507622e-01,1.769846412509649802e+00,-2.033869752955131283e+00,-4.551943520615587269e-01
1.763579396312944174e+09,-3.246716670125615600e-02,-4.596055962039627962e-01,8.369215712281764530e-01,1.773664960263665380e+00,-2.034024893666155354e+00,-4.534523394693531495e-01
1.763579396326632977e+09,-3.273670812984640771e-02,-4.558158600406337913e-01,8.353908508590854876e-01,1.777406555436056967e+00,-2.034112598614556511e+00,-4.513760426137028992e-01
1.763579396340322018e+09,-3.290739707534734437e-02,-4.520135931795156159e-01,8.338862526649063467e-01,1.781040999646279932e+00,-2.034205566874229820e+00,-4.490155672522038732e-01
1.763579396354010820e+09,-3.300618869416118567e-02,-4.482046764644034842e-01,8.324026386833631719e-01,1.784564473571202958e+00,-2.034365080512777091e+00,-4.464272341763566021e-01
1.763579396367699623e+09,-3.306429947198682995e-02,-4.443959140408475506e-01,8.309351165756646562e-01,1.787977839345341824e+00,-2.034650941116406653e+00,-4.436689433719315234e-01
1.763579396381388664e+09,-3.311327535534507038e-02,-4.405943545404053530e-01,8.294789046652597531e-01,1.791282241557451194e+00,-2.035122839786216442e+00,-4.407979086878546782e-01
1.763579396395077467e+09,-3.319153632036534601e-02,-4.368142020322715591e-01,8.280332507879417658e-01,1.794484960258946549e+00,-2.035842936079530929e+00,-4.378544084336234432e-01
1.763579396408766508e+09,-3.334585801103118197e-02,-4.330774734672759307e-01,8.266018169828178719e-01,1.797600759937603376e+00,-2.036876327205762838e+00,-4.348590775297226929e-01
1.763579396422455311e+09,-3.362304907566883438e-02,-4.294067071982418105e-01,8.251885756795590554e-01,1.800644666435731400e+00,-2.038287996331515917e+00,-4.318317807114286921e-01
1.763579396436144114e+09,-3.406668104456724022e-02,-4.258240988278223504e-01,8.237975102076880995e-01,1.803633647339505819e+00,-2.040138593904377018e+00,-4.287879601513504557e-01
1.763579396449833155e+09,-3.469729428206908689e-02,-4.223505884907643448e-01,8.224339347627441787e-01,1.806599389532687727e+00,-2.042459913881905287e+00,-4.257130729206054509e-01
1.763579396463521957e+09,-3.552443192989172827e-02,-4.190064068032260391e-01,8.211032027155762414e-01,1.809578544665470190e+00,-2.045269124275744588e+00,-4.225799592314903874e-01
1.763579396477210760e+09,-3.655907042259990553e-02,-4.158121131058115094e-01,8.198114601521190314e-01,1.812609719089821603e+00,-2.048586277812963097e+00,-4.193609039566110752e-01
1.763579396490899801e+09,-3.780181419866938258e-02,-4.127840737292448603e-01,8.185570825156943675e-01,1.815715091836431538e+00,-2.052408456246133550e+00,-4.160323473267358851e-01
1.763579396504588604e+09,-3.923646950045254350e-02,-4.099318520757883610e-01,8.173252066829703733e-01,1.818888839372625243e+00,-2.056693673589440774e+00,-4.125775277737905866e-01
1.763579396518277645e+09,-4.084237803427939045e-02,-4.072630891882395021e-01,8.160979037268988323e-01,1.822118810912558118e+00,-2.061391248946110810e+00,-4.089815506574059900e-01
1.763579396531966448e+09,-4.259922698838648769e-02,-4.047853219855810369e-01,8.148582071922957359e-01,1.825393286999842601e+00,-2.066452260738209645e+00,-4.052300335502581619e-01
1.763579396545655251e+09,-4.446465673077735353e-02,-4.024948032659685371e-01,8.135916958386385511e-01,1.828684458411349079e+00,-2.071824369758162643e+00,-4.013302684346242710e-01
1.763579396559344292e+09,-4.637974086883139835e-02,-4.003774598123815420e-01,8.122872993662224594e-01,1.831951196122860503e+00,-2.077454897975131498e+00,-3.973071240687059413e-01
1.763579396573033094e+09,-4.828385803977206653e-02,-3.984207762464438418e-01,8.109331795566584455e-01,1.835152936752732611e+00,-2.083289273759411753e+00,-3.931862732071057520e-01
1.763579396586722136e+09,-5.012299898099403794e-02,-3.966043697115109179e-01,8.095207916960409644e-01,1.838244218229529325e+00,-2.089279306080802812e+00,-3.889906066973647936e-01
1.763579396600410938e+09,-5.186342656932337730e-02,-3.948850175875796564e-01,8.080510497532111813e-01,1.841164473995305917e+00,-2.095393873323628586e+00,-3.847336747214651353e-01
1.763579396614099741e+09,-5.348099172260755568e-02,-3.932089653961345355e-01,8.065294338246381534e-01,1.843846348229168708e+00,-2.101610226575415297e+00,-3.804250545996171740e-01
1.763579396627788782e+09,-5.494983814790123378e-02,-3.915239861114737097e-01,8.049604733495330233e-01,1.846223700325409611e+00,-2.107904363774240064e+00,-3.760745469829627208e-01
1.763579396641477585e+09,-5.625300719204467254e-02,-3.897875903864243541e-01,8.033545007779793190e-01,1.848238785968403741e+00,-2.114246952030429227e+00,-3.717032482834321527e-01
1.763579396655166626e+09,-5.738761539312773469e-02,-3.879767636264560560e-01,8.017306676073200356e-01,1.849852132466179633e+00,-2.120598205037696360e+00,-3.673520197997602876e-01
1.763579396668855429e+09,-5.835230548490835667e-02,-3.860701004404936132e-01,8.001093729100210439e-01,1.851024785818205176e+00,-2.126917229106608520e+00,-3.630640788684779130e-01
1.763579396682544231e+09,-5.914604852949088137e-02,-3.840468839930188394e-01,7.985103852925737877e-01,1.851722783668722006e+00,-2.133162548403028325e+00,-3.588816037041733242e-01
1.763579396696233273e+09,-5.976956225981502890e-02,-3.818897218790242576e-01,7.969469092481733519e-01,1.851959593175117824e+00,-2.139286094377305769e+00,-3.548343293709795288e-01
1.763579396709922075e+09,-6.022516606363902125e-02,-3.795845714269078242e-01,7.954266825723369516e-01,1.851789696656531481e+00,-2.145233626562397244e+00,-3.509418114908632869e-01
1.763579396723611116e+09,-6.051514541164815242e-02,-3.771169886940823890e-01,7.939575411465272792e-01,1.851266266081586176e+00,-2.150951430194644853e+00,-3.472237299886301032e-01
1.763579396737299919e+09,-6.064192433900469914e-02,-3.744782909501029322e-01,7.925443979648961745e-01,1.850449442153279112e+00,-2.156387496824573979e+00,-3.436952997408482813e-01
1.763579396750988722e+09,-6.060832590149924787e-02,-3.716787425034775438e-01,7.911822477223225958e-01,1.849419987128431364e+00,-2.161497096396876927e+00,-3.403571889275389672e-01
1.763579396764677763e+09,-6.041723426563135046e-02,-3.687336388155792455e-01,7.898633929442557822e-01,1.848262953761854455e+00,-2.166238347183734980e+00,-3.372053604762705326e-01
1.763579396778366566e+09,-6.007157247764517705e-02,-3.656582102525181566e-01,7.885803789338405867e-01,1.847064411216200686e+00,-2.170568127221892407e+00,-3.342368402349978895e-01
1.763579396792055607e+09,-5.957335001028389587e-02,-3.624701627866494524e-01,7.873229955991967177e-01,1.845883464719218603e+00,-2.174466510942277164e+00,-3.314290205536156719e-01
1.763579396805744410e+09,-5.892363751753201123e-02,-3.591900966736190637e-01,7.860784369559251639e-01,1.844751401017361125e+00,-2.177936840808944563e+00,-3.287394810237085907e-01
1.763579396819433212e+09,-5.812348175807630773e-02,-3.558387785680543480e-01,7.848334948016436607e-01,1.843696979096243194e+00,-2.180984957716214367e+00,-3.261236969834263033e-01
1.763579396833122253e+09,-5.717257248350950116e-02,-3.524365129288032361e-01,7.835756730518587121e-01,1.842744119518947565e+00,-2.183619327187599435e+00,-3.235369562611025152e-01
1.763579396846811056e+09,-5.606295754022341121e-02,-3.490017972456586071e-01,7.822959709553138907e-01,1.841884148733289095e+00,-2.185869092785143408e+00,-3.209307604401605563e-01
1.763579396860500097e+09,-5.478242938734290135e-02,-3.455517378766612135e-01,7.809872741300383225e-01,1.841091789476112961e+00,-2.187773170116564359e+00,-3.182544947118268186e-01
1.763579396874188900e+09,-5.331944046241564317e-02,-3.421038515167512672e-01,7.796422234175196531e-01,1.840343104743936031e+00,-2.189370630811550811e+00,-3.154581371842096194e-01
1.763579396887877703e+09,-5.166074456659475872e-02,-3.386751367584906469e-01,7.782543668115577962e-01,1.839613215208383279e+00,-2.190694957275762356e+00,-3.124892601910581602e-01
1.763579396901566744e+09,-4.979043579074077241e-02,-3.352821968675500641e-01,7.768187746813008943e-01,1.838877806810411242e+00,-2.191767066575243561e+00,-3.092911017303451859e-01
1.763579396915255547e+09,-4.769175797537962558e-02,-3.319415852728051508e-01,7.753312206988397515e-01,1.838112226180082187e+00,-2.192604079075787027e+00,-3.058055878334248745e-01
1.763579396928944588e+09,-4.534813554934400553e-02,-3.286696257467082716e-01,7.737873320848193126e-01,1.837292166840871044e+00,-2.193223932400196308e+00,-3.019749726873889317e-01
1.763579396942633390e+09,-4.274517350067578297e-02,-3.254788987057692928e-01,7.721895418229791641e-01,1.836396252550521302e+00,-2.193638523855031774e+00,-2.977435186360744557e-01
1.763579396956322193e+09,-3.987179162011073724e-02,-3.223763085523725924e-01,7.705494893734975426e-01,1.835408174614789223e+00,-2.193852846528077105e+00,-2.930592808596015342e-01
1.763579396970011234e+09,-3.671658914463828832e-02,-3.193687039754106172e-01,7.688788747695222137e-01,1.834310899545270379e+00,-2.193871111387619699e+00,-2.878692620600453167e-01
1.763579396983700037e+09,-3.327017360576798449e-02,-3.164622296236075383e-01,7.671912111300440706e-01,1.833091677119021323e+00,-2.193699046831133259e+00,-2.821258607633138071e-01
1.763579396997389078e+09,-2.953331052713055460e-02,-3.136585380490332087e-01,7.655089944957733650e-01,1.831762809792993885e+00,-2.193352379465457691e+00,-2.758113612557401839e-01
1.763579397011077881e+09,-2.551438735638210734e-02,-3.109563782268517929e-01,7.638612933929259663e-01,1.830354181044396844e+00,-2.192853755410978600e+00,-2.689297163020816783e-01
1.763579397024766684e+09,-2.122082289350545048e-02,-3.083546610700569346e-01,7.622766334073245442e-01,1.828894275080304110e+00,-2.192225180314840927e+00,-2.614825109919798884e-01
1.763579397038455725e+09,-1.667000999383957960e-02,-3.058496285114796209e-01,7.607802343979361837e-01,1.827410008286219467e+00,-2.191495046115716328e+00,-2.534914393378069897e-01
1.763579397052144527e+09,-1.190789838241397385e-02,-3.034302627316897705e-01,7.593866952488118605e-01,1.825920644455284014e+00,-2.190709981453590416e+00,-2.450345628046806667e-01
1.763579397065833569e+09,-6.986316608881393449e-03,-3.010837701348170192e-01,7.581079634270898593e-01,1.824443981673868009e+00,-2.189920070957242615e+00,-2.362017966145091019e-01
1.763579397079522371e+09,-1.957366778963600101e-03,-2.987975377125303145e-01,7.569561711248948832e-01,1.822997839865695857e+00,-2.189175569695569923e+00,-2.270834881239439107e-01
1.763579397093211174e+09,3.119700359660159284e-03,-2.965580916605463080e-01,7.559289649756985030e-01,1.821598377023332604e+00,-2.188515200372456171e+00,-2.177863835038486295e-01
1.763579397106900215e+09,8.178362727895847548e-03,-2.943512632185720790e-01,7.550097945163768420e-01,1.820260129526130255e+00,-2.187966418009065883e+00,-2.084337857631617663e-01
1.763579397120589018e+09,1.315116936886591772e-02,-2.921628775063328520e-01,7.541812161646441748e-01,1.818997522068637185e+00,-2.187556199864994610e+00,-1.991510267281463020e-01
1.763579397134278059e+09,1.797291509040536625e-02,-2.899790027483848953e-01,7.534247977078541991e-01,1.817827506432233564e+00,-2.187304966919987326e+00,-1.900557557050264745e-01
1.763579397147966862e+09,2.258582226486678321e-02,-2.877869995809088643e-01,7.527160232165184262e-01,1.816780910688315043e+00,-2.187198694869987303e+00,-1.812334231465267398e-01
1.763579397161655664e+09,2.693700739287700416e-02,-2.855751833582242383e-01,7.520277977258600366e-01,1.815894745083139306e+00,-2.187207262172511602e+00,-1.727519975978576983e-01
1.763579397175344706e+09,3.097184381749215967e-02,-2.833311032260641404e-01,7.513331522433558396e-01,1.815205426591592230e+00,-2.187302847181078480e+00,-1.646835351578627704e-01
1.763579397189033508e+09,3.464601506437739453e-02,-2.810475792090362801e-01,7.506049820924599603e-01,1.814750527392636315e+00,-2.187447835875368174e+00,-1.570786159634335322e-01
1.763579397202722549e+09,3.793174780027881027e-02,-2.787252731161808383e-01,7.498160365196980814e-01,1.814568433879718112e+00,-2.187590502877556631e+00,-1.499540052441845350e-01
1.763579397216411352e+09,4.080505007713258053e-02,-2.763670795243470257e-01,7.489390171710297306e-01,1.814698221387384791e+00,-2.187675369142620507e+00,-1.433187143068968827e-01
1.763579397230100155e+09,4.324229727602198897e-02,-2.739757757466764754e-01,7.479472528460202607e-01,1.815177572046596799e+00,-2.187649297397984860e+00,-1.371822161930172090e-01
1.763579397243789196e+09,4.524107596985994101e-02,-2.715664218624840864e-01,7.468232232682814331e-01,1.816032606634191637e+00,-2.187478960782854198e+00,-1.315328123354332912e-01
1.763579397257477999e+09,4.681966657541947185e-02,-2.691654756775471724e-01,7.455594533423297587e-01,1.817274886328033245e+00,-2.187153411344112897e+00,-1.263391001339995712e-01
1.763579397271167040e+09,4.799588224350118809e-02,-2.667997324020864869e-01,7.441473844470090082e-01,1.818919177209597837e+00,-2.186659373397023653e+00,-1.215698704980632400e-01
1.763579397284855843e+09,4.878980427260574959e-02,-2.644935778388669556e-01,7.425827480485690524e-01,1.820966158919546718e+00,-2.185992737682749709e+00,-1.171910011775425114e-01
1.763579397298544645e+09,4.922746714921864830e-02,-2.622590163229098770e-01,7.408763463027473462e-01,1.823362508140014437e+00,-2.185182033957862480e+00,-1.131575604982236888e-01
1.763579397312233686e+09,4.933865701338509269e-02,-2.601014874246626030e-01,7.390475232103371761e-01,1.826024973217690750e+00,-2.184274170425648531e+00,-1.094186403667168905e-01
1.763579397325922489e+09,4.915252767348907842e-02,-2.580274681746581589e-01,7.371145949780396611e-01,1.828873903908584175e+00,-2.183313858244607442e+00,-1.059241535441617643e-01
1.763579397339611292e+09,4.870242295619439665e-02,-2.560334374245925582e-01,7.350987049064025003e-01,1.831828006579607759e+00,-2.182339223471944756e+00,-1.026302165955777501e-01
1.763579397353300333e+09,4.803074337866217874e-02,-2.540935410601102840e-01,7.330261915852486210e-01,1.834807782862876824e+00,-2.181368988776196005e+00,-9.950950980292411208e-02
1.763579397366989136e+09,4.718140681406361725e-02,-2.521785512967630871e-01,7.309244473151793597e-01,1.837733785864689384e+00,-2.180418914990926105e+00,-9.653705516737412506e-02
1.763579397380678177e+09,4.619836720369906169e-02,-2.502590096114912233e-01,7.288206011927721439e-01,1.840528741119469069e+00,-2.179502897045208165e+00,-9.368739405815144916e-02
1.763579397394366980e+09,4.512694160452054848e-02,-2.483075871612966945e-01,7.267388948502673252e-01,1.843168993097418440e+00,-2.178589012100145883e+00,-9.092059681640139723e-02
1.763579397408055782e+09,4.401357072229182543e-02,-2.462985100748896206e-01,7.247007190118813780e-01,1.845679481682843015e+00,-2.177603864456690630e+00,-8.818358699745111606e-02
1.763579397421744823e+09,4.290490457141115516e-02,-2.442059582635760506e-01,7.227274676220156735e-01,1.848086577700122968e+00,-2.176472627429169915e+00,-8.542272469341163910e-02
1.763579397435433626e+09,4.184425629641255057e-02,-2.420058511872775209e-01,7.208390598097089708e-01,1.850419162084942615e+00,-2.175124711961642365e+00,-8.258968595395457801e-02
1.763579397449122667e+09,4.086131866272320334e-02,-2.396801632783251146e-01,7.190488762473109530e-01,1.852720100684013493e+00,-2.173505248430713355e+00,-7.965806230252633902e-02
1.763579397462811470e+09,3.997968696030169966e-02,-2.372140670277541885e-01,7.173676439231847501e-01,1.855035079730963821e+00,-2.171567929139277098e+00,-7.661069306105405818e-02
1.763579397476500273e+09,3.922489467045175981e-02,-2.345914219181087501e-01,7.158067699977218590e-01,1.857412048335076005e+00,-2.169262507512650817e+00,-7.342836977350106209e-02
1.763579397490189314e+09,3.860710810532492349e-02,-2.318057099447146108e-01,7.143718092107642637e-01,1.859878701877852203e+00,-2.166569343674859649e+00,-7.010474202843183789e-02
1.763579397503878117e+09,3.811541127667759238e-02,-2.288638842957638198e-01,7.130603643991885177e-01,1.862434250963887150e+00,-2.163511166094255422e+00,-6.665112573053501299e-02
1.763579397517567158e+09,3.773455813917717810e-02,-2.257753391143566823e-01,7.118683199110678039e-01,1.865072416574936387e+00,-2.160118980339787775e+00,-6.308205336655046958e-02
1.763579397531255960e+09,3.744973437149751172e-02,-2.225500292098068766e-01,7.107912871971876489e-01,1.867787005284782698e+00,-2.156423225601579841e+00,-5.941209588550543791e-02
1.763579397544944763e+09,3.723544335436655001e-02,-2.192102162722605330e-01,7.098151458985796358e-01,1.870554271420503456e+00,-2.152473651220189410e+00,-5.566225010796285733e-02
1.763579397558633804e+09,3.705913561515561394e-02,-2.157877517602735939e-01,7.089183264923527572e-01,1.873338539021891069e+00,-2.148333198317278203e+00,-5.185889460604820728e-02
1.763579397572322607e+09,3.688764168444357006e-02,-2.123142669372483360e-01,7.080795554239490697e-01,1.876102897680023807e+00,-2.144065693747831958e+00,-4.802763410925880994e-02
1.763579397586011648e+09,3.669160316082808321e-02,-2.088220703799542055e-01,7.072772180535560338e-01,1.878817411521694014e+00,-2.139730564634538368e+00,-4.419898321235414540e-02
1.763579397599700451e+09,3.645356905648397539e-02,-2.053451321022562726e-01,7.064899639962711753e-01,1.881472668473427534e+00,-2.135374549171503045e+00,-4.041847184115632957e-02
1.763579397613389254e+09,3.616077405329790051e-02,-2.019179388168040323e-01,7.056963628678091238e-01,1.884067915355009504e+00,-2.131038823564956886e+00,-3.673726960881989329e-02
1.763579397627078295e+09,3.579976756534743870e-02,-1.985747475593764577e-01,7.048750491401987173e-01,1.886601085680125411e+00,-2.126765287938480853e+00,-3.320561403507474307e-02
1.763579397640767097e+09,3.535297340569577840e-02,-1.953368140066104597e-01,7.040100954977122072e-01,1.889083636965078528e+00,-2.122575949529172501e+00,-2.984870570046505717e-02
1.763579397654456139e+09,3.479499998205909383e-02,-1.922024297411605576e-01,7.030947561760035880e-01,1.891548530058702937e+00,-2.118459305530600911e+00,-2.664774455992352520e-02
1.763579397668144941e+09,3.410002993386399006e-02,-1.891686604819174111e-01,7.021229596298290687e-01,1.894030365241941016e+00,-2.114401745487717310e+00,-2.358123922678648579e-02
1.763579397681833744e+09,3.324262551222944423e-02,-1.862313656714055798e-01,7.010887819618668582e-01,1.896562310891286351e+00,-2.110389276638040545e+00,-2.062811979890427638e-02
1.763579397695522785e+09,3.220415831604611645e-02,-1.833816960315690081e-01,6.999858361837929532e-01,1.899156411524037136e+00,-2.106414482269669541e+00,-1.778581914505901126e-02
1.763579397709211588e+09,3.097084728614158539e-02,-1.806071196513689137e-01,6.988076387748202167e-01,1.901809663720456012e+00,-2.102474319516083323e+00,-1.506446153162293439e-02
1.763579397722900629e+09,2.952868061359293153e-02,-1.778950565488042757e-01,6.975475572532595647e-01,1.904519512040001139e+00,-2.098565467284748909e+00,-1.247391115614128639e-02
1.763579397736589432e+09,2.786592033608620983e-02,-1.752339046016991864e-01,6.962000091888381759e-01,1.907278153027392786e+00,-2.094688188802095397e+00,-1.002491987807273104e-02
1.763579397750278234e+09,2.597815301533443200e-02,-1.726154505952203488e-01,6.947625826023983153e-01,1.910058620247683026e+00,-2.090855598413616789e+00,-7.731088585297420449e-03
1.763579397763967276e+09,2.386360866881572992e-02,-1.700324449759401391e-01,6.932341608458296722e-01,1.912829140681216789e+00,-2.087084185566968397e+00,-5.605990054737569443e-03
1.763579397777656078e+09,2.151992419264656120e-02,-1.674777821432751612e-01,6.916132200175048039e-01,1.915556978444554304e+00,-2.083391003014816167e+00,-3.664433637573258871e-03
1.763579397791345119e+09,1.895223197836307452e-02,-1.649435268440564706e-01,6.899036541601732964e-01,1.918221810480120526e+00,-2.079786687685121649e+00,-1.906741133496294956e-03
1.763579397805033922e+09,1.617547175701406284e-02,-1.624210184918927491e-01,6.881164564395536587e-01,1.920818743569623566e+00,-2.076274160988386797e+00,-3.149678099941570150e-04
1.763579397818722725e+09,1.320599353484345345e-02,-1.599013458734432624e-01,6.862636545412287292e-01,1.923345540285172683e+00,-2.072854945098372870e+00,1.131695068300720385e-03
1.763579397832411766e+09,1.006041005677624049e-02,-1.573759843722251639e-01,6.843571625202575781e-01,1.925800571329413957e+00,-2.069530287109571542e+00,2.453138343527333856e-03
1.763579397846100569e+09,6.762526239146316072e-03,-1.548399464565177186e-01,6.824113849118774722e-01,1.928196697614313670e+00,-2.066295625003156999e+00,3.666570768137729277e-03
1.763579397859789610e+09,3.340630472281324974e-03,-1.522906668515119910e-01,6.804418657878000820e-01,1.930556140084452865e+00,-2.063142150956524645e+00,4.787078125375560794e-03
1.763579397873478413e+09,-1.770792619327034355e-04,-1.497253640068577085e-01,6.784644722094992364e-01,1.932901202894090176e+00,-2.060061525036086305e+00,5.829728911168669328e-03
1.763579397887167215e+09,-3.761331950716560735e-03,-1.471427588191628610e-01,6.764939493014963112e-01,1.935251677879249899e+00,-2.057044310619091210e+00,6.810516886561188143e-03
1.763579397900856256e+09,-7.380311760233153849e-03,-1.445451633701345384e-01,6.745425134944076362e-01,1.937620153035950255e+00,-2.054079066481798499e+00,7.748074526988523759e-03
1.763579397914545059e+09,-1.100099243981698081e-02,-1.419364036676761809e-01,6.726215876577177344e-01,1.940016569098817367e+00,-2.051153845501723527e+00,8.661828320719499458e-03
1.763579397928234100e+09,-1.459088711974520711e-02,-1.393198951805658115e-01,6.707425947938253641e-01,1.942451155196449175e+00,-2.048256970156998591e+00,9.571158762283763638e-03
1.763579397941922903e+09,-1.811956429760550741e-02,-1.367008167770585592e-01,6.689167459820438699e-01,1.944921098771156043e+00,-2.045393719466884974e+00,1.049518263881693385e-02
1.763579397955611706e+09,-2.156036890036180584e-02,-1.340861617345934509e-01,6.671547521040346318e-01,1.947406041356940731e+00,-2.042592696157458754e+00,1.145276264387961804e-02
1.763579397969300747e+09,-2.488657116415354462e-02,-1.314829898951127007e-01,6.654673678352677202e-01,1.949885265679079493e+00,-2.039883081186304015e+00,1.246268424291568748e-02
1.763579397982989550e+09,-2.807222059460055819e-02,-1.288987280293271420e-01,6.638649526113601373e-01,1.952336240653013144e+00,-2.037295190925213717e+00,1.354421263464469782e-02
1.763579397996678591e+09,-3.109642610990198328e-02,-1.263417069155707284e-01,6.623548763713352772e-01,1.954730127039457699e+00,-2.034860049635601964e+00,1.471995921757184370e-02
1.763579398010367393e+09,-3.394101259708079410e-02,-1.238210963225822164e-01,6.609429262020268814e-01,1.957033801782719351e+00,-2.032609847580124196e+00,1.601434570202666177e-02
1.763579398024056196e+09,-3.658768108966206634e-02,-1.213459057435816585e-01,6.596349438912143537e-01,1.959214470287314436e+00,-2.030576602148663756e+00,1.745180021878900076e-02
1.763579398037745237e+09,-3.902202834577975232e-02,-1.189245382302440979e-01,6.584354661060950464e-01,1.961243538407420273e+00,-2.028787429515040319e+00,1.905551990248451066e-02
1.763579398051434040e+09,-4.123952011399055484e-02,-1.165639692699963065e-01,6.573457981013410834e-01,1.963103348958020522e+00,-2.027256521954814428e+00,2.084571953836462932e-02
1.763579398065123081e+09,-4.323793967937479554e-02,-1.142705252610143746e-01,6.563664630232419750e-01,1.964779423136454373e+00,-2.025994928660194372e+00,2.284147138723168283e-02
1.763579398078811884e+09,-4.501471344835405314e-02,-1.120508447596772206e-01,6.554981187847912505e-01,1.966256395645506139e+00,-2.025014244389524709e+00,2.506230688172698604e-02
1.763579398092500687e+09,-4.657298199698371721e-02,-1.099067858380858437e-01,6.547399117026072579e-01,1.967543033026603938e+00,-2.024311628601539237e+00,2.751107089459178465e-02
1.763579398106189728e+09,-4.792157377660888340e-02,-1.078353753929574416e-01,6.540895472780977604e-01,1.968673071078414605e+00,-2.023869266362700703e+00,3.017350859642982039e-02
1.763579398119878531e+09,-4.906977398786885325e-02,-1.058333553080996331e-01,6.535446085466629640e-01,1.969682330353637489e+00,-2.023668157135928514e+00,3.303351724644135873e-02
1.763579398133567572e+09,-5.002960214862723493e-02,-1.038969755636702658e-01,6.531013509634503444e-01,1.970604575584643303e+00,-2.023690548833033898e+00,3.607219744371220616e-02
1.763579398147256374e+09,-5.083238811551060027e-02,-1.020202629767392871e-01,6.527464763889530008e-01,1.971459801366867826e+00,-2.023928271157095171e+00,3.924455304300666914e-02
1.763579398160945177e+09,-5.152043273661671696e-02,-1.001954528395613969e-01,6.524614378304365303e-01,1.972261334894144680e+00,-2.024377216102069887e+00,4.249251775879851062e-02
1.763579398174634218e+09,-5.213470702406473867e-02,-9.841549425440991594e-02,6.522280877048488579e-01,1.973021577442134911e+00,-2.025034731952026323e+00,4.575815622335574484e-02
1.763579398188323021e+09,-5.272093568054483925e-02,-9.666947337008613417e-02,6.520274954594716954e-01,1.973761533428715298e+00,-2.025887510811702708e+00,4.898634010131642375e-02
1.763579398202011824e+09,-5.333340339944441649e-02,-9.493853831855889047e-02,6.518396642065298341e-01,1.974520678256112660e+00,-2.026900253313127287e+00,5.212956076581289067e-02
1.763579398215700865e+09,-5.402939529194932672e-02,-9.320122839907733769e-02,6.516441610239104287e-01,1.975344389318168359e+00,-2.028030512369265459e+00,5.514238776205788312e-02
1.763579398229389668e+09,-5.486514384151042895e-02,-9.143688899343686838e-02,6.514208323807895162e-01,1.976276597453663131e+00,-2.029237351982258630e+00,5.797945826535478436e-02
1.763579398243078709e+09,-5.589182725312505373e-02,-8.962477116532156785e-02,6.511533186186987399e-01,1.977366482423492666e+00,-2.030470703898498375e+00,6.060983900885857922e-02
1.763579398256767511e+09,-5.715270441285667802e-02,-8.774562986075877535e-02,6.508302684727379495e-01,1.978666524682441974e+00,-2.031672378392239686e+00,6.302041073586060749e-02
1.763579398270456314e+09,-5.869209026455275008e-02,-8.577929173309689626e-02,6.504400772067759906e-01,1.980231103328385700e+00,-2.032782405126414726e+00,6.519727296933729155e-02
1.763579398284145355e+09,-6.054917208317524280e-02,-8.370938880385457581e-02,6.499726697796239794e-01,1.982106792681349816e+00,-2.033747929532557119e+00,6.713300112962290733e-02
1.763579398297834158e+09,-6.274052409951787201e-02,-8.153710830018452704e-02,6.494242254343127740e-01,1.984303261193361534e+00,-2.034550132354318475e+00,6.884753503729114377e-02
1.763579398311523199e+09,-6.526977779075589237e-02,-7.927351738472376841e-02,6.487945964115906516e-01,1.986809256735851292e+00,-2.035189745169140974e+00,7.037702949751924175e-02
1.763579398325212002e+09,-6.814186017306246568e-02,-7.692875270695469225e-02,6.480832129259379570e-01,1.989615676366234487e+00,-2.035665227784353881e+00,7.175575052669729004e-02
1.763579398338900805e+09,-7.134937715611060216e-02,-7.452118037293591069e-02,6.472961147196026888e-01,1.992690904577488986e+00,-2.036004283816271521e+00,7.302906599985084513e-02
1.763579398352589846e+09,-7.485752410501127219e-02,-7.208737092540253022e-02,6.464545675145930703e-01,1.995952817040260951e+00,-2.036301190243609671e+00,7.426605449379117263e-02
1.763579398366278648e+09,-7.862692311662176914e-02,-6.966695976359224551e-02,6.455821473133203092e-01,1.999311240926876510e+00,-2.036660239411011819e+00,7.553926151173076531e-02
1.763579398379967690e+09,-8.261820153510801568e-02,-6.729957582734164001e-02,6.447024600968921382e-01,2.002675858756162608e+00,-2.037186166804600962e+00,7.692130844311809157e-02
1.763579398393656492e+09,-8.678603218044483869e-02,-6.502903009788327249e-02,6.438374525440727636e-01,2.005952120355740220e+00,-2.037979871323156278e+00,7.847446449187872597e-02
1.763579398407345295e+09,-9.108011546640196188e-02,-6.290263895329495369e-02,6.430075690750024497e-01,2.009042021050196691e+00,-2.039139070587298708e+00,8.025205189002382333e-02
1.763579398421034336e+09,-9.544980625990795442e-02,-6.096812344479073803e-02,6.422332644824183534e-01,2.011846567380740414e+00,-2.040762228134830103e+00,8.230725594609433760e-02
1.763579398434723139e+09,-9.984701577702330411e-02,-5.926732997518941587e-02,6.415339810993695435e-01,2.014283231639382166e+00,-2.042930944074062172e+00,8.468692336923061559e-02
1.763579398448412180e+09,-1.042365653351104565e-01,-5.781402707492735299e-02,6.409246729416117061e-01,2.016345185298426657e+00,-2.045651226793536281e+00,8.740871578385570051e-02
1.763579398462100983e+09,-1.085886852355179705e-01,-5.660991518362011587e-02,6.404180572818020112e-01,2.018059908390256396e+00,-2.048893890647292881e+00,9.047727835378338579e-02
1.763579398475789785e+09,-1.128727044817139646e-01,-5.565853948081483232e-02,6.400276011110601626e-01,2.019447653829201883e+00,-2.052637911763623535e+00,9.389958444094864687e-02
1.763579398489478827e+09,-1.170636105077456079e-01,-5.495480195419178565e-02,6.397618161895028965e-01,2.020568173052093019e+00,-2.056817524302581468e+00,9.767181458219094392e-02
1.763579398503167629e+09,-1.211445879679325793e-01,-5.448097008022353277e-02,6.396215131911059393e-01,2.021540992899417688e+00,-2.061298530659593453e+00,1.017737781459679275e-01
1.763579398516856670e+09,-1.251012595889033630e-01,-5.421605044667142381e-02,6.396056065395212542e-01,2.022500719746516573e+00,-2.065930021076071377e+00,1.061815530328855811e-01
1.763579398530545473e+09,-1.289189563959705354e-01,-5.413967326230923610e-02,6.397132535418961208e-01,2.023576231215382215e+00,-2.070566708809051359e+00,1.108715105557411817e-01
1.763579398544234276e+09,-1.325925359304284401e-01,-5.422818760466172755e-02,6.399393091830012370e-01,2.024874480317015557e+00,-2.075081114901515811e+00,1.158145480185708842e-01
1.763579398557923317e+09,-1.361259807107197961e-01,-5.445506605668165578e-02,6.402747312205552266e-01,2.026473413750612629e+00,-2.079370922554959034e+00,1.209760990456379276e-01
1.763579398571612120e+09,-1.395224926945940191e-01,-5.479413078825544348e-02,6.407105533538122177e-01,2.028456562225575244e+00,-2.083327857109028791e+00,1.263220956898388481e-01
1.763579398585301161e+09,-1.427885178425749024e-01,-5.521689841027767331e-02,6.412371878359144350e-01,2.030884233187423504e+00,-2.086867413227626589e+00,1.318145244943403072e-01
1.763579398598989964e+09,-1.459400731068037638e-01,-5.568640502492430006e-02,6.418431646476429053e-01,2.033736912347476000e+00,-2.089985577535264927e+00,1.373996600524266531e-01
1.763579398612678766e+09,-1.489985228104166726e-01,-5.616138693818618216e-02,6.425159764776726679e-01,2.036953503780550623e+00,-2.092720620143099897e+00,1.430161329850720697e-01
1.763579398626367807e+09,-1.519845173777579495e-01,-5.660114185942280440e-02,6.432433187516480855e-01,2.040478767217905443e+00,-2.095104998370718619e+00,1.486036613438133924e-01
1.763579398640056610e+09,-1.549160453905034374e-01,-5.696480854526495691e-02,6.440099966108200347e-01,2.044242320661021850e+00,-2.097179480637345161e+00,1.541030043188187648e-01
1.763579398653745651e+09,-1.578048809293136900e-01,-5.721209272783341765e-02,6.447950924687102514e-01,2.048150889030876609e+00,-2.098994298964301120e+00,1.594598246268883468e-01
1.763579398667434454e+09,-1.606619043909485733e-01,-5.730262773643037683e-02,6.455769292967110662e-01,2.052107197368212343e+00,-2.100601623623802094e+00,1.646198571428996171e-01
1.763579398681123257e+09,-1.634976510142397976e-01,-5.719599795337223375e-02,6.463338509028692114e-01,2.056014357560151939e+00,-2.102053184695016341e+00,1.695299386423294308e-01
1.763579398694812298e+09,-1.663126108472550158e-01,-5.684885010797956911e-02,6.470457583781158428e-01,2.059779874901542573e+00,-2.103392294178219046e+00,1.741559175823420291e-01
1.763579398708501101e+09,-1.690974050693503095e-01,-5.621507136321851617e-02,6.476939292827033068e-01,2.063315159440215041e+00,-2.104654034356183256e+00,1.784817855154602617e-01
1.763579398722190142e+09,-1.718426323591770166e-01,-5.524830313565486789e-02,6.482596884807775295e-01,2.066531719778722298e+00,-2.105873533335061332e+00,1.824921779602549365e-01
1.763579398735878944e+09,-1.745354625647215496e-01,-5.390634058680709995e-02,6.487264365748680595e-01,2.069351377254641022e+00,-2.107079664251707118e+00,1.861767972144935668e-01
1.763579398749567747e+09,-1.771475223381046293e-01,-5.216502738936289879e-02,6.490873442003142202e-01,2.071743904684139714e+00,-2.108273290386237786e+00,1.895501348904760908e-01
1.763579398763256788e+09,-1.796446277745072095e-01,-5.000854293522810634e-02,6.493397050642053525e-01,2.073699886512355928e+00,-2.109443329643111209e+00,1.926366044326755234e-01
1.763579398776945591e+09,-1.819927908772107084e-01,-4.741876953772290737e-02,6.494799537097074582e-01,2.075204944805277840e+00,-2.110581128822537345e+00,1.954589220548478001e-01
1.763579398790634632e+09,-1.841572805316876449e-01,-4.439971297776321157e-02,6.495117755111645685e-01,2.076287661410126884e+00,-2.111656759172849007e+00,1.980525158342393011e-01
1.763579398804323435e+09,-1.861025106494567372e-01,-4.098433145328903709e-02,6.494480371449502520e-01,2.077031154463335749e+00,-2.112613181573456345e+00,2.004684162355878652e-01
1.763579398818012238e+09,-1.877924676394566450e-01,-3.721035522659064260e-02,6.493033206616377617e-01,2.077528694629347417e+00,-2.113388162823153671e+00,2.027607961971146511e-01
1.763579398831701279e+09,-1.891936533365370099e-01,-3.311611108529574632e-02,6.490916835512202665e-01,2.077869070449773758e+00,-2.113923969901296829e+00,2.049821769970828211e-01
1.763579398845390081e+09,-1.902888807328562693e-01,-2.875759365195972722e-02,6.488284158391176559e-01,2.078134307503245903e+00,-2.114183140804307026e+00,2.071809624056087096e-01
1.763579398859079123e+09,-1.910741694906697707e-01,-2.420112128619725592e-02,6.485285177299140447e-01,2.078396122964471182e+00,-2.114145995856447691e+00,2.094009835972034939e-01
1.763579398872767925e+09,-1.915426265475489720e-01,-1.951341761595120489e-02,6.482080174455732147e-01,2.078731664020142755e+00,-2.113788296445574755e+00,2.116879614306784452e-01
1.763579398886456728e+09,-1.916990157041602583e-01,-1.475783441221091563e-02,6.478776007405938619e-01,2.079192806801627214e+00,-2.113104385791224615e+00,2.140784333988569599e-01
1.763579398900145769e+09,-1.915747844773286745e-01,-9.988401152374657213e-03,6.475347700462638079e-01,2.079770800204518544e+00,-2.112131429741801458e+00,2.165868752406218956e-01
1.763579398913834572e+09,-1.912114858689319408e-01,-5.256270467088061324e-03,6.471722648247051346e-01,2.080434411388582649e+00,-2.110922891520405908e+00,2.192193285388537027e-01
1.763579398927523613e+09,-1.906488692672387020e-01,-6.126079092342341659e-04,6.467835978954641352e-01,2.081156315961058656e+00,-2.109529283242032260e+00,2.219833166343754272e-01
1.763579398941212416e+09,-1.899318039804233915e-01,3.900073594196766438e-03,6.463612579799711266e-01,2.081897236471159651e+00,-2.108014376330989315e+00,2.248673849335932340e-01
1.763579398954901218e+09,-1.891112244357940897e-01,8.254028747283856382e-03,6.458969414107943452e-01,2.082603295989086778e+00,-2.106459713681484214e+00,2.278309128827497587e-01
1.763579398968590260e+09,-1.882388101272320091e-01,1.242223937991333155e-02,6.453821568316785440e-01,2.083218893014461059e+00,-2.104948598675118632e+00,2.308314172971212275e-01
1.763579398982279062e+09,-1.873657263387306093e-01,1.637932785468729918e-02,6.448085101982450329e-01,2.083689605218625118e+00,-2.103563295541926337e+00,2.338245472563455774e-01
1.763579398995968103e+09,-1.865369278152393395e-01,2.011575845114346381e-02,6.441679164333216079e-01,2.083974734614814306e+00,-2.102371641087922516e+00,2.367554300860837957e-01
1.763579399009656906e+09,-1.857926484238654752e-01,2.363421323384743214e-02,6.434526245986565973e-01,2.084044142115092590e+00,-2.101430578942483862e+00,2.395600358811263153e-01
1.763579399023345709e+09,-1.851732991726017519e-01,2.693715550932238717e-02,6.426548118046113700e-01,2.083867317132011010e+00,-2.100797425799065365e+00,2.421746779606793742e-01
1.763579399037034750e+09,-1.847138410497269900e-01,3.002959796258769867e-02,6.417678387931471384e-01,2.083423795419849789e+00,-2.100516633692451673e+00,2.445422654132458629e-01
1.763579399050723553e+09,-1.844288316370743530e-01,3.292510654151779154e-02,6.407895301235931873e-01,2.082731541614114334e+00,-2.100583529694836749e+00,2.466316165533748439e-01
1.763579399064412355e+09,-1.843261331564724215e-01,3.564000111993426839e-02,6.397191986944599229e-01,2.081820250731930777e+00,-2.100978105745590963e+00,2.484205247438996678e-01
1.763579399078101397e+09,-1.844145959441438054e-01,3.819054372917249363e-02,6.385558298280189504e-01,2.080718681396910075e+00,-2.101681894175479126e+00,2.498850088013437887e-01
1.763579399091790199e+09,-1.846910282100854006e-01,4.059245223640464695e-02,6.373026918586823797e-01,2.079464769391821122e+00,-2.102659599132270074e+00,2.510241462585964256e-01
1.763579399105479240e+09,-1.851379453189681834e-01,4.286106628772217569e-02,6.359680028013842135e-01,2.078107007651401883e+00,-2.103856171897398042e+00,2.518647447271606943e-01
1.763579399119168043e+09,-1.857357979674433557e-01,4.501153982056267655e-02,6.345607720079481373e-01,2.076695653224903459e+00,-2.105213541865438298e+00,2.524373998206078107e-01
1.763579399132856846e+09,-1.864647880680678216e-01,4.705842882394432186e-02,6.330903674196949327e-01,2.075279649717888475e+00,-2.106675306803857062e+00,2.527724770416622802e-01
1.763579399146545887e+09,-1.872976693158526773e-01,4.901124155644327046e-02,6.315711725379383745e-01,2.073904206507654724e+00,-2.108188777302339556e+00,2.529072927787660574e-01
1.763579399160234690e+09,-1.882036469385695299e-01,5.087611262033783777e-02,6.300203836429782989e-01,2.072610916049886676e+00,-2.109705209714002994e+00,2.528820051064722407e-01
1.763579399173923731e+09,-1.891514359095368414e-01,5.265984234052906859e-02,6.284551072516687542e-01,2.071442969646241306e+00,-2.111174056962959344e+00,2.527374797775300830e-01
1.763579399187612534e+09,-1.901137338713538572e-01,5.436698566848372632e-02,6.268916666080223132e-01,2.070435103701122603e+00,-2.112553958236804252e+00,2.525104272627231583e-01
1.763579399201301336e+09,-1.910719514756560600e-01,5.599825231968798972e-02,6.253441347581321086e-01,2.069605082517591121e+00,-2.113821830949346392e+00,2.522289277773571703e-01
1.763579399214990377e+09,-1.920101443935641750e-01,5.755302648296982404e-02,6.238259859399053475e-01,2.068965177141507628e+00,-2.114960613237370612e+00,2.519183505830924208e-01
1.763579399228679180e+09,-1.929120577144565474e-01,5.903083975685149976e-02,6.223507971348005707e-01,2.068528719721549169e+00,-2.115952330332316667e+00,2.516044291830604185e-01
1.763579399242368221e+09,-1.937691212534694563e-01,6.042926837883993291e-02,6.209301923606886930e-01,2.068301113502887034e+00,-2.116797805414324607e+00,2.513060197058673562e-01
1.763579399256057024e+09,-1.945821649530545816e-01,6.174343527133248355e-02,6.195734875460511271e-01,2.068279362431391988e+00,-2.117519997024491119e+00,2.510337362566847363e-01
1.763579399269745827e+09,-1.953521321523874754e-01,6.296844571828495718e-02,6.182899888098427610e-01,2.068459634200582098e+00,-2.118142970725885199e+00,2.507979567502804374e-01
1.763579399283434868e+09,-1.960810289171341647e-01,6.409939097877037639e-02,6.170883196922278824e-01,2.068840725490083354e+00,-2.118688461864091099e+00,2.506089525134714835e-01
1.763579399297123671e+09,-1.967750430694036601e-01,6.513160460859478140e-02,6.159737560050587701e-01,2.069437564415929298e+00,-2.119160739115078851e+00,2.504779963388785169e-01
1.763579399310812712e+09,-1.974431594948605206e-01,6.606065635709469641e-02,6.149493699948752612e-01,2.070274718677384218e+00,-2.119554009731780209e+00,2.504167531660042578e-01
1.763579399324501514e+09,-1.980940720854615644e-01,6.688198498196780417e-02,6.140185045277791742e-01,2.071376125080404140e+00,-2.119863099950507035e+00,2.504369869026532025e-01
1.763579399338190317e+09,-1.987361462314148897e-01,6.759502791987871684e-02,6.131826434639049417e-01,2.072762849450914047e+00,-2.120079937181219343e+00,2.505456018206445035e-01
1.763579399351879358e+09,-1.993761632285777352e-01,6.821032554707748274e-02,6.124385345669708380e-01,2.074447677991785532e+00,-2.120188420335002100e+00,2.507361548828629383e-01
1.763579399365568161e+09,-2.000207266944303564e-01,6.874045571637014962e-02,6.117820384453721561e-01,2.076440448372212977e+00,-2.120172126020571923e+00,2.509993353799972460e-01
1.763579399379257202e+09,-2.006764169662826058e-01,6.919809714203761786e-02,6.112089537717874110e-01,2.078751828886119313e+00,-2.120013914320451054e+00,2.513259776199915918e-01
1.763579399392946005e+09,-2.013532034185798458e-01,6.959445490429362613e-02,6.107153097615585224e-01,2.081353797455779642e+00,-2.119733401470247802e+00,2.516983192047231865e-01
1.763579399406634808e+09,-2.020645871078495803e-01,6.993939804125612336e-02,6.102972460269200372e-01,2.084179753537589885e+00,-2.119386945247667686e+00,2.520899289227158668e-01
1.763579399420323849e+09,-2.028243699079996798e-01,7.024270254766588895e-02,6.099509113214920397e-01,2.087160090621109632e+00,-2.119033826804032739e+00,2.524736409917360258e-01
1.763579399434012651e+09,-2.036431035537109302e-01,7.051204652317755173e-02,6.096739074266568359e-01,2.090230551593889263e+00,-2.118730248294248941e+00,2.528266103942858889e-01
1.763579399447701693e+09,-2.045110695452502514e-01,7.074144439590945854e-02,6.094732026057010366e-01,2.093358927775460288e+00,-2.118517226949131249e+00,2.531527752493227257e-01
1.763579399461390495e+09,-2.054073753833345062e-01,7.091753994971199127e-02,6.093608220035948708e-01,2.096530233597757586e+00,-2.118426694101719576e+00,2.534708397955091064e-01
1.763579399475079298e+09,-2.063127850717941525e-01,7.102794423402215840e-02,6.093481381002960884e-01,2.099727568169695413e+00,-2.118492357455636910e+00,2.537972691428503347e-01
1.763579399488768339e+09,-2.072011095752615828e-01,7.105628084213888584e-02,6.094491246313186172e-01,2.102940665421824562e+00,-2.118740286723645116e+00,2.541582851095011697e-01
1.763579399502457142e+09,-2.080346153194282954e-01,7.097960885495491201e-02,6.096819639209567487e-01,2.106169070190219816e+00,-2.119183955053879576e+00,2.545961488227757030e-01
1.763579399516146183e+09,-2.087722452010522811e-01,7.077307916882964733e-02,6.100661072276991614e-01,2.109415709631778046e+00,-2.119833092431081756e+00,2.551579728150258908e-01
1.763579399529834986e+09,-2.093741424991255040e-01,7.041292113866319535e-02,6.106204130585483059e-01,2.112682115291127705e+00,-2.120698087307032687e+00,2.558891642482595818e-01
1.763579399543523788e+09,-2.098082553926965410e-01,6.988727724780693928e-02,6.113590001540837315e-01,2.115963295614403883e+00,-2.121783559016706011e+00,2.568288710831186372e-01
1.763579399557212830e+09,-2.100521784249686497e-01,6.919804787345995578e-02,6.122902871733809649e-01,2.119245960504894555e+00,-2.123088890078452806e+00,2.580072475764649820e-01
1.763579399570901632e+09,-2.100826976472963958e-01,6.834643278979798953e-02,6.134230658427523020e-01,2.122517221542883803e+00,-2.124613130458852694e+00,2.594558598588497245e-01
1.763579399584590673e+09,-2.098798907395245383e-01,6.733680316045292935e-02,6.147643637569331077e-01,2.125762349310339250e+00,-2.126356030188449431e+00,2.611998722959594232e-01
1.763579399598279476e+09,-2.094351445235199949e-01,6.618406321191232233e-02,6.163147972653313378e-01,2.128959998239337459e+00,-2.128320142870785858e+00,2.632398211220549622e-01
1.763579399611968279e+09,-2.087460076653188945e-01,6.490887413476580103e-02,6.180715975100766757e-01,2.132085336081994686e+00,-2.130509607881100109e+00,2.655633662895104941e-01
1.763579399625657320e+09,-2.078092199092620440e-01,6.353113190158084234e-02,6.200324546644461199e-01,2.135114039372065342e+00,-2.132928393076950258e+00,2.681596874901837069e-01
1.763579399639346123e+09,-2.066276491066244003e-01,6.207566090479908066e-02,6.221912394160393767e-01,2.138021628150530873e+00,-2.135580395398495313e+00,2.710170163497807594e-01
1.763579399653035164e+09,-2.052162965805913730e-01,6.057674229151734785e-02,6.245344523780992363e-01,2.140784224012509007e+00,-2.138469777764727020e+00,2.741242628727020292e-01
1.763579399666723967e+09,-2.035919045920119019e-01,5.907010928820592699e-02,6.270474113842947617e-01,2.143378475587867094e+00,-2.141600047987851863e+00,2.774698938929550107e-01
1.763579399680412769e+09,-2.017712872469888397e-01,5.759154941669675926e-02,6.297154329787728599e-01,2.145782452239289206e+00,-2.144973983229581105e+00,2.810425299034559621e-01
1.763579399694101810e+09,-1.997718014960905009e-01,5.617901818840291550e-02,6.325224391483204034e-01,2.148019340964161472e+00,-2.148563789984819561e+00,2.848276569484193277e-01
1.763579399707790613e+09,-1.976115516304633446e-01,5.487236378874379983e-02,6.354508997510381896e-01,2.150150219903924409e+00,-2.152315555202104491e+00,2.888078702655279550e-01
1.763579399721479654e+09,-1.953084574343571245e-01,5.371159247878622145e-02,6.384834830718262300e-01,2.152238059996770758e+00,-2.156174632442337202e+00,2.929660970397421349e-01
1.763579399735168457e+09,-1.928793160688954123e-01,5.273513429114928125e-02,6.416034795036331673e-01,2.154349074262404073e+00,-2.160085694916428434e+00,2.972827167170981055e-01
1.763579399748857260e+09,-1.903334091932691874e-01,5.197559653614115122e-02,6.447991455985558895e-01,2.156575687374401085e+00,-2.163988630919342349e+00,3.017285933665004305e-01
1.763579399762546301e+09,-1.876775037067092144e-01,5.146147522970453275e-02,6.480603697996473178e-01,2.159015459760950328e+00,-2.167823130477061877e+00,3.062694080052643097e-01
1.763579399776235104e+09,-1.849180639162583406e-01,5.122386772753109024e-02,6.513771657634832568e-01,2.161772167325843874e+00,-2.171526514368367522e+00,3.108725849683277587e-01
1.763579399789924145e+09,-1.820658957211436779e-01,5.127480995310131767e-02,6.547367521439634297e-01,2.164897451513653870e+00,-2.175053358269580350e+00,3.154915977911991187e-01
1.763579399803612947e+09,-1.791391277879817723e-01,5.159688749747401437e-02,6.581213693531896558e-01,2.168360896433549900e+00,-2.178384501333316958e+00,3.200572889714175528e-01
1.763579399817301750e+09,-1.761575393327584060e-01,5.216569582617339856e-02,6.615122143472107474e-01,2.172112927553850437e+00,-2.181507161779518533e+00,3.244957308967523213e-01
1.763579399830990791e+09,-1.731406420758855869e-01,5.295811719193983802e-02,6.648908487463668360e-01,2.176105474790082095e+00,-2.184407639140917734e+00,3.287357238473900822e-01
1.763579399844679594e+09,-1.701155081461239171e-01,5.393879193013707829e-02,6.682357585605581685e-01,2.180226515576795254e+00,-2.187084560324075166e+00,3.327280602624708705e-01
1.763579399858368635e+09,-1.671141982003833681e-01,5.506391382428883763e-02,6.715243826897918655e-01,2.184312088996252843e+00,-2.189546349647373269e+00,3.364463905979208080e-01
1.763579399872057438e+09,-1.641702107120380505e-01,5.628827516957032873e-02,6.747326895113798795e-01,2.188196521761256452e+00,-2.191801783085137956e+00,3.398618111522243024e-01
1.763579399885746241e+09,-1.613105392299720164e-01,5.757274431713308577e-02,6.778430355603577429e-01,2.191721992631418203e+00,-2.193857648117309100e+00,3.429544487169869371e-01
1.763579399899435282e+09,-1.585414071214386600e-01,5.889791751267901831e-02,6.808576113473852054e-01,2.194761190518768501e+00,-2.195713302907119413e+00,3.457285846819581066e-01
1.763579399913124084e+09,-1.558599579184830053e-01,6.025310068015004433e-02,6.837873122821768179e-01,2.197199356545644466e+00,-2.197364675167559067e+00,3.481998435281929982e-01
1.763579399926813126e+09,-1.532644040143685271e-01,6.162651559421753605e-02,6.866419563581639407e-01,2.198920817968452290e+00,-2.198808293987574825e+00,3.503823197120811139e-01
1.763579399940501928e+09,-1.507467551642283909e-01,6.301715940826684015e-02,6.894299504702788850e-01,2.199857054048873106e+00,-2.200029515454577922e+00,3.523020434039842996e-01
1.763579399954190731e+09,-1.482892060326514438e-01,6.444173269005380733e-02,6.921561217058219695e-01,2.200021858318963019e+00,-2.200995140889753010e+00,3.540042984173387142e-01
1.763579399967879772e+09,-1.458730644581940628e-01,6.591839446970697292e-02,6.948252344318042173e-01,2.199434905206050228e+00,-2.201670477726201725e+00,3.555360029720076587e-01
1.763579399981568575e+09,-1.434790740305598444e-01,6.746598054924883570e-02,6.974417822082749074e-01,2.198124017849095502e+00,-2.202022035786914245e+00,3.569448315305026598e-01
1.763579399995257378e+09,-1.410811816496810867e-01,6.910844470731887512e-02,7.000109322664950229e-01,2.196193347120784178e+00,-2.202036627203699304e+00,3.582846469402446443e-01
1.763579400008946419e+09,-1.386482966716270915e-01,7.087369716460456548e-02,7.025381359354863076e-01,2.193804878270484426e+00,-2.201715822830732083e+00,3.596139937619838856e-01
1.763579400022635221e+09,-1.361494132564708970e-01,7.278969704500623528e-02,7.050287268040261734e-01,2.191120299655705317e+00,-2.201060868722247932e+00,3.609915578299316974e-01
1.763579400036324263e+09,-1.335562788889803620e-01,7.487799238677327052e-02,7.074882749078149624e-01,2.188290204365452407e+00,-2.200079527279548586e+00,3.624707698812850154e-01
1.763579400050013065e+09,-1.308516297531152617e-01,7.713583486002757728e-02,7.099224370720902400e-01,2.185422084327308667e+00,-2.198802549892866054e+00,3.640866966683471428e-01
1.763579400063701868e+09,-1.280220204517401872e-01,7.955211381414087346e-02,7.123370646376684379e-01,2.182607817647597592e+00,-2.197268794204959796e+00,3.658667490720595161e-01
1.763579400077390909e+09,-1.250529490103596819e-01,8.211760650576553633e-02,7.147380204992200836e-01,2.179943125814583382e+00,-2.195515230292709230e+00,3.678413912466751978e-01
1.763579400091079712e+09,-1.219402504975232449e-01,8.480546738615631075e-02,7.171309274499919617e-01,2.177486841788334182e+00,-2.193596790780435235e+00,3.700087674638944946e-01
1.763579400104768753e+09,-1.186920570312231110e-01,8.756768468239031766e-02,7.195214724610569101e-01,2.175251753170760693e+00,-2.191590166593380129e+00,3.723270265326524830e-01
1.763579400118457556e+09,-1.153188484742853487e-01,9.035222821363710077e-02,7.219151192118719029e-01,2.173243538000000807e+00,-2.189576165268044772e+00,3.747476735378073576e-01
1.763579400132146358e+09,-1.118312564583143071e-01,9.310957582843795710e-02,7.243171733733394513e-01,2.171468486089503269e+00,-2.187631326921367858e+00,3.772227629043231056e-01
1.763579400145835400e+09,-1.082500656479860740e-01,9.579633627257110040e-02,7.267295057889110454e-01,2.169923988894220557e+00,-2.185811251283773515e+00,3.796902751333005588e-01
1.763579400159524202e+09,-1.046020551517642255e-01,9.837667383436483892e-02,7.291517899042523343e-01,2.168601558389221751e+00,-2.184152954036182148e+00,3.820804727317808624e-01
1.763579400173213243e+09,-1.009144117566354998e-01,1.008110820890705112e-01,7.315836508102899760e-01,2.167494184375413191e+00,-2.182698755100924703e+00,3.843229679569799551e-01
1.763579400186902046e+09,-9.720982698900615393e-02,1.030782462875593913e-01,7.340263501879282781e-01,2.166585767788764549e+00,-2.181467123279295706e+00,3.863522644525582139e-01
1.763579400200590849e+09,-9.349823037289535510e-02,1.052014375737658353e-01,7.364861515316839524e-01,2.165837300427054579e+00,-2.180419809295537359e+00,3.881162616508973540e-01
1.763579400214279890e+09,-8.978496368886379475e-02,1.072207863243819642e-01,7.389710486627660835e-01,2.165201319676227421e+00,-2.179496770099863312e+00,3.895676890060889574e-01
1.763579400227968693e+09,-8.607655371510863906e-02,1.091733276181002521e-01,7.414884844599132219e-01,2.164632030775319738e+00,-2.178642251300654475e+00,3.906590948751152426e-01
1.763579400241657734e+09,-8.238745586225736106e-02,1.110989557112757875e-01,7.440385180506638996e-01,2.164095221183176321e+00,-2.177807194124267820e+00,3.913761356073796049e-01
1.763579400255346537e+09,-7.874679664353703701e-02,1.130382339245510764e-01,7.466085410646484677e-01,2.163576852774687698e+00,-2.176958828429155002e+00,3.917572416202567132e-01
1.763579400269035339e+09,-7.518352137788782141e-02,1.150323379203395391e-01,7.491858047655293174e-01,2.163063348772116257e+00,-2.176063642041187407e+00,3.918418722536066712e-01
1.763579400282724380e+09,-7.173085883384484884e-02,1.171225640606053664e-01,7.517551371077799693e-01,2.162543694486048107e+00,-2.175094246022733824e+00,3.916828305278098887e-01
1.763579400296413183e+09,-6.845106429197427012e-02,1.193526010419553030e-01,7.542857382684001744e-01,2.162021086650139257e+00,-2.174063790591643563e+00,3.914231832533157651e-01
1.763579400310102224e+09,-6.542588525201448180e-02,1.217678372127237035e-01,7.567363000323823474e-01,2.161508696096576365e+00,-2.173013170390881044e+00,3.912678198801197715e-01
1.763579400323791027e+09,-6.273665923648909237e-02,1.244136378912745339e-01,7.590657384626867676e-01,2.161019242497824067e+00,-2.171981934877249110e+00,3.914191064904107287e-01
1.763579400337479830e+09,-6.044473334617810056e-02,1.273246664183301791e-01,7.612413047247509335e-01,2.160562087706177525e+00,-2.171011591943252661e+00,3.920452105420949573e-01
1.763579400351168871e+09,-5.854888801350275479e-02,1.305023420916603394e-01,7.632563475988708435e-01,2.160135434281992062e+00,-2.170147325290763263e+00,3.932028693419544196e-01
1.763579400364857674e+09,-5.703366563555765933e-02,1.339404392902305008e-01,7.651101844908220206e-01,2.159734787535889211e+00,-2.169434581881857227e+00,3.949236659722825116e-01
1.763579400378546715e+09,-5.588430776120002774e-02,1.376332134626628290e-01,7.668018164011221049e-01,2.159355954916931886e+00,-2.168919518806898150e+00,3.972405261435502655e-01
1.763579400392235518e+09,-5.507362232558583176e-02,1.415726638770094248e-01,7.683376536807986490e-01,2.158987678286839795e+00,-2.168631871719168380e+00,4.001683045759290014e-01
1.763579400405924320e+09,-5.456119580354060195e-02,1.457491043364772532e-01,7.697321410320561164e-01,2.158610896313122307e+00,-2.168583897100428093e+00,4.037034072026428611e-01
1.763579400419613361e+09,-5.430492558045472290e-02,1.501525050195496591e-01,7.710006930675959991e-01,2.158205842941590902e+00,-2.168785755876605936e+00,4.078398737793106354e-01
1.763579400433302164e+09,-5.426371588230813336e-02,1.547700881972227105e-01,7.721592396014340665e-01,2.157754244332819038e+00,-2.169243590283956191e+00,4.125661501083571214e-01
1.763579400446991205e+09,-5.439785201631389122e-02,1.595678887658452116e-01,7.732314210118248488e-01,2.157249935678442032e+00,-2.169924971810665681e+00,4.178219631052144112e-01
1.763579400460680008e+09,-5.467003389969388172e-02,1.644989371856998006e-01,7.742448275598077245e-01,2.156693259503574822e+00,-2.170775730499050482e+00,4.235177162014695518e-01
1.763579400474368811e+09,-5.504117679292436227e-02,1.695174533822663976e-01,7.752272151648392784e-01,2.156085140136624556e+00,-2.171742231056076555e+00,4.295666961804389117e-01
1.763579400488057852e+09,-5.548093911367395215e-02,1.745755630350097343e-01,7.762050770069545136e-01,2.155421125586792108e+00,-2.172773046235100924e+00,4.358745315350400773e-01
1.763579400501746655e+09,-5.597934683289135238e-02,1.796215042979556753e-01,7.772016049790120285e-01,2.154683045819627552e+00,-2.173824169216806990e+00,4.423317050322680410e-01
1.763579400515435696e+09,-5.653434681687234675e-02,1.846023359980706324e-01,7.782387501721015344e-01,2.153847555262915048e+00,-2.174854365315670890e+00,4.488226932189889329e-01
1.763579400529124498e+09,-5.714227572526354992e-02,1.894652390785072082e-01,7.793385934051839659e-01,2.152892575936940389e+00,-2.175821824732081300e+00,4.552331863875770379e-01
1.763579400542813301e+09,-5.780459703880449357e-02,1.941657256150985111e-01,7.805157742095145679e-01,2.151797803097447837e+00,-2.176697138350470517e+00,4.614477577741967207e-01
1.763579400556502342e+09,-5.852787192606193067e-02,1.986712767837739146e-01,7.817747772905072612e-01,2.150547846742519642e+00,-2.177466800763228516e+00,4.673519013111671061e-01
1.763579400570191145e+09,-5.931928238685720001e-02,2.029490913874713587e-01,7.831197031729227875e-01,2.149126179916703627e+00,-2.178118467241672018e+00,4.728293543713912861e-01
1.763579400583880186e+09,-6.018532375864154432e-02,2.069694701372378487e-01,7.845536781768609469e-01,2.147522474530722203e+00,-2.178638126714703027e+00,4.777704542402318455e-01
1.763579400597568989e+09,-6.112852531311739612e-02,2.107152696120319912e-01,7.860754676443999500e-01,2.145758572762006544e+00,-2.179000617864411016e+00,4.820971929009245094e-01
1.763579400611257792e+09,-6.214909112167612409e-02,2.141776064959948489e-01,7.876811699572192627e-01,2.143875793292768783e+00,-2.179174307592348203e+00,4.857514148961786238e-01
1.763579400624946833e+09,-6.324749493586236115e-02,2.173467384238448874e-01,7.893671253225468254e-01,2.141913767138707847e+00,-2.179128076864142116e+00,4.886728567417294444e-01
1.763579400638635635e+09,-6.441920408336047899e-02,2.202212274910123890e-01,7.911319990365438537e-01,2.139911125251666046e+00,-2.178828196564286834e+00,4.908297403796405001e-01
1.763579400652324677e+09,-6.564819612303825214e-02,2.228192088277076988e-01,7.929808192723931670e-01,2.137901111190885217e+00,-2.178235035773473438e+00,4.922567898432136935e-01
1.763579400666013479e+09,-6.691628576106423143e-02,2.251618721122249089e-01,7.949195723239805833e-01,2.135916028395422384e+00,-2.177308514006911278e+00,4.930002087807493494e-01
1.763579400679702282e+09,-6.820521907221398228e-02,2.272706854167356738e-01,7.969544373495792700e-01,2.133987762837933122e+00,-2.176008698455009771e+00,4.931069612945186420e-01
1.763579400693391323e+09,-6.948783684128445604e-02,2.291715365828586037e-01,7.990973086246515589e-01,2.132127917017208496e+00,-2.174314693189542069e+00,4.926611627712483843e-01
1.763579400707080126e+09,-7.072935568082903968e-02,2.308941249740908974e-01,8.013648095357984724e-01,2.130330721845171915e+00,-2.172222127599349406e+00,4.917789310045470041e-01
1.763579400720769167e+09,-7.189447651264656292e-02,2.324684365488962901e-01,8.037741277983936339e-01,2.128589591470496423e+00,-2.169726896318840748e+00,4.905781536459968284e-01
1.763579400734457970e+09,-7.295002958186971864e-02,2.339242064868985449e-01,8.063402122484607526e-01,2.126894928303999954e+00,-2.166831820232284933e+00,4.891760714896188911e-01
1.763579400748146772e+09,-7.387150040134783657e-02,2.352902644947791333e-01,8.090693093413808823e-01,2.125221086427239392e+00,-2.163572238305791373e+00,4.876911040112510975e-01
1.763579400761835814e+09,-7.463963070851585557e-02,2.365953113943266850e-01,8.119628149892424984e-01,2.123534904293727266e+00,-2.159999440391231929e+00,4.862400593899565693e-01
1.763579400775524616e+09,-7.523280696376365151e-02,2.378675485850795523e-01,8.150236387047811171e-01,2.121804858308660613e+00,-2.156161127426207358e+00,4.849423375786107160e-01
1.763579400789213657e+09,-7.564302880550728692e-02,2.391385199032368958e-01,8.182456243851133904e-01,2.119991345765090962e+00,-2.152124424135791525e+00,4.839011398510141282e-01
1.763579400802902460e+09,-7.588507159028107241e-02,2.404453481892716293e-01,8.216069274566200065e-01,2.118041695361196908e+00,-2.147989391257691949e+00,4.831921006501148086e-01
1.763579400816591263e+09,-7.598018938977257886e-02,2.418267906725145300e-01,8.250814820247249770e-01,2.115899447340265027e+00,-2.143865014303587113e+00,4.828832901604095396e-01
1.763579400830280304e+09,-7.594842364215483033e-02,2.433212032983415596e-01,8.286439829506505594e-01,2.113509762971502948e+00,-2.139857434876022868e+00,4.830436550509942251e-01
1.763579400843969107e+09,-7.582513628565107355e-02,2.449686720745717639e-01,8.322578098041500949e-01,2.110829192595351955e+00,-2.136067212030070994e+00,4.837203942826553416e-01
1.763579400857657909e+09,-7.566061463641740592e-02,2.468105018118021132e-01,8.358753280691960663e-01,2.107829755016169315e+00,-2.132583558618890152e+00,4.849368807616752930e-01
1.763579400871346951e+09,-7.550590335692544675e-02,2.488885938123341635e-01,8.394486644088936522e-01,2.104480866185571841e+00,-2.129498864241356149e+00,4.867178143918893807e-01
1.763579400885035753e+09,-7.541072301143512957e-02,2.512424492321358449e-01,8.429293282484612293e-01,2.100764302152291929e+00,-2.126892002038017537e+00,4.890790301021653019e-01
1.763579400898724794e+09,-7.541768551162741918e-02,2.539023312953525013e-01,8.462685609758436867e-01,2.096709229007033048e+00,-2.124787329553123438e+00,4.920032060403918273e-01
1.763579400912413597e+09,-7.556561363471370196e-02,2.568929504764996818e-01,8.494168877706067544e-01,2.092372428118854266e+00,-2.123178488326495028e+00,4.954535264417451734e-01
1.763579400926102400e+09,-7.589379083876755805e-02,2.602399146501968019e-01,8.523251025511011658e-01,2.087806863333262708e+00,-2.122062883244590470e+00,4.993959262854338332e-01
1.763579400939791441e+09,-7.643414910819705532e-02,2.639577938590752515e-01,8.549473221693079106e-01,2.083085200144334515e+00,-2.121423603922993006e+00,5.037845281717867607e-01
1.763579400953480244e+09,-7.720313017232802166e-02,2.680377941902748473e-01,8.572449880984200909e-01,2.078318184932325341e+00,-2.121218255621520221e+00,5.085511171506715833e-01
1.763579400967169285e+09,-7.821506864511793000e-02,2.724683140177777130e-01,8.591808088207801841e-01,2.073621368455456970e+00,-2.121400435242708937e+00,5.136249638325215416e-01
1.763579400980858088e+09,-7.948343482287449635e-02,2.772369389166075559e-01,8.607182684039810239e-01,2.069109857213825787e+00,-2.121923221030346696e+00,5.189366259054539743e-01
1.763579400994546890e+09,-8.100771717584652476e-02,2.823259766263770953e-01,8.618392385544726420e-01,2.064874959125093667e+00,-2.122730004600531739e+00,5.244563774465181849e-01
1.763579401008235931e+09,-8.277580621751957912e-02,2.877130031491194617e-01,8.625406384915677016e-01,2.060988886153425792e+00,-2.123756217086234077e+00,5.301866609412200226e-01
1.763579401021924734e+09,-8.477538593015873647e-02,2.933753682262905116e-01,8.628193984189058696e-01,2.057524103138131277e+00,-2.124936917879110432e+00,5.361303791508500449e-01
1.763579401035613775e+09,-8.698760721177915822e-02,2.992864287761231590e-01,8.626819816199180480e-01,2.054541020854533162e+00,-2.126206474377028588e+00,5.422903773359500912e-01
1.763579401049302578e+09,-8.936336384399848343e-02,3.054002014902205131e-01,8.621763129270398895e-01,2.052051070222374651e+00,-2.127492979883323976e+00,5.486688221639882679e-01
1.763579401062991381e+09,-9.184342349152184448e-02,3.116639560041221113e-01,8.613654518818034678e-01,2.050045884914860395e+00,-2.128724490146195691e+00,5.552662690636885889e-01
1.763579401076680422e+09,-9.436866899276204201e-02,3.180258663436040800e-01,8.603108847355370736e-01,2.048521252350450350e+00,-2.129826371077915503e+00,5.620857203059623775e-01
1.763579401090369225e+09,-9.688320951675170878e-02,3.244289210359404541e-01,8.590811951882886266e-01,2.047446029380115107e+00,-2.130746866101183468e+00,5.691100124554362427e-01
1.763579401104058266e+09,-9.933671423187047378e-02,3.308095586756028550e-01,8.577546817147080338e-01,2.046750142381845716e+00,-2.131468015215595369e+00,5.762930863815997062e-01
1.763579401117747068e+09,-1.016799947752631827e-01,3.371023372906693516e-01,8.564118297696093896e-01,2.046354607633107836e+00,-2.131979669708577330e+00,5.835820013168515619e-01
1.763579401131435871e+09,-1.038654364075033837e-01,3.432436785645910926e-01,8.551308618008547358e-01,2.046182765284684457e+00,-2.132271751333453480e+00,5.909247088632173517e-01
1.763579401145124912e+09,-1.058748994653199299e-01,3.491873926067693978e-01,8.539654460721766149e-01,2.046147584944444819e+00,-2.132376480240257166e+00,5.982513460802544314e-01
1.763579401158813715e+09,-1.077161257200813932e-01,3.549033976512733224e-01,8.529461527709112367e-01,2.046157874067395799e+00,-2.132359715275573109e+00,6.054770558277315917e-01
1.763579401172502756e+09,-1.093958220870101805e-01,3.603604937337646086e-01,8.521055739010097163e-01,2.046118784971244331e+00,-2.132288665411343320e+00,6.125180184973451070e-01
1.763579401186191559e+09,-1.109249343998175014e-01,3.655333247182372958e-01,8.514678833967498361e-01,2.045952089667393725e+00,-2.132223215675528749e+00,6.192870046821871144e-01
1.763579401199880362e+09,-1.123243474839512868e-01,3.704132829521293302e-01,8.510349445452436434e-01,2.045628961371865451e+00,-2.132197789055640946e+00,6.256900560960489965e-01
1.763579401213569403e+09,-1.136197758522607543e-01,3.749993874526241222e-01,8.507982718353209739e-01,2.045142724182671401e+00,-2.132235867372358928e+00,6.316296379408180561e-01
1.763579401227258205e+09,-1.148359719462324763e-01,3.792892073591024871e-01,8.507511199187667295e-01,2.044483289322545971e+00,-2.132362410375421735e+00,6.370089594553896006e-01
1.763579401240947247e+09,-1.159924613375731411e-01,3.832854976179663753e-01,8.508858056033934414e-01,2.043666400226518576e+00,-2.132572084413765445e+00,6.417481916378048323e-01
1.763579401254636049e+09,-1.170987228486590065e-01,3.869974885522012853e-01,8.511952277622510943e-01,2.042746528755242430e+00,-2.132810928634140346e+00,6.457971831659753414e-01
1.763579401268324852e+09,-1.181638004199570824e-01,3.904351993572718893e-01,8.516720191894791014e-01,2.041781413711773574e+00,-2.133021475006825263e+00,6.491070828995065822e-01
1.763579401282013893e+09,-1.191965437532040012e-01,3.936094013730286334e-01,8.523091602779554465e-01,2.040826489560757739e+00,-2.133147067553804899e+00,6.516379605174603684e-01
1.763579401295702696e+09,-1.202069471346395996e-01,3.965368900769389304e-01,8.531014182041081195e-01,2.039909301943486852e+00,-2.133149024047203746e+00,6.534235849971878896e-01
1.763579401309391737e+09,-1.212056671377758216e-01,3.992388683544179084e-01,8.540448667531556071e-01,2.039039284708917599e+00,-2.132999938118315342e+00,6.545475753412225428e-01
1.763579401323080540e+09,-1.222033770456251167e-01,4.017362021692101326e-01,8.551355266570763725e-01,2.038226435298989170e+00,-2.132671875115953242e+00,6.550917771214459506e-01
1.763579401336769342e+09,-1.232069522647794430e-01,4.040500536131774179e-01,8.563693869411495019e-01,2.037473790704673604e+00,-2.132148948105465625e+00,6.551482476298630120e-01
1.763579401350458384e+09,-1.242104170187523088e-01,4.062016606084520309e-01,8.577427643053607831e-01,2.036762145053227613e+00,-2.131452967428941747e+00,6.548390084320735438e-01
1.763579401364147186e+09,-1.252047705072242834e-01,4.082122464241533244e-01,8.592513816562155071e-01,2.036067516753355289e+00,-2.130616106847276203e+00,6.542930427655763159e-01
1.763579401377836227e+09,-1.261809316056408947e-01,4.101031161880754894e-01,8.608917466886555347e-01,2.035365166867896036e+00,-2.129669140222373080e+00,6.536398947063162268e-01
1.763579401391525030e+09,-1.271338430204661807e-01,4.118964079489591534e-01,8.626505059529075981e-01,2.034643811722151696e+00,-2.128656084369743517e+00,6.529969917217477438e-01
1.763579401405213833e+09,-1.280633914848599286e-01,4.136155089810966690e-01,8.645031174156559972e-01,2.033907908943449083e+00,-2.127635573250453049e+00,6.524675850270833521e-01
1.763579401418902874e+09,-1.289700979375949241e-01,4.152839687664058865e-01,8.664234469140509320e-01,2.033163959108974073e+00,-2.126668696563641436e+00,6.521531245670304511e-01
1.763579401432591677e+09,-1.298541730779503856e-01,4.169243611704512298e-01,8.683859284930410816e-01,2.032419295587923003e+00,-2.125813620201833842e+00,6.521478375495520785e-01
1.763579401446280718e+09,-1.307155023139402183e-01,4.185522169612229115e-01,8.703657595180220863e-01,2.031693026011380354e+00,-2.125114074224739191e+00,6.524782106761626288e-01
1.763579401459969521e+09,-1.315532303127870117e-01,4.201778389768696109e-01,8.723394739333816261e-01,2.031011919070480953e+00,-2.124600795503064354e+00,6.531243130232589067e-01
1.763579401473658323e+09,-1.323669974291348805e-01,4.218123423042528519e-01,8.742826435871139390e-01,2.030402150885592061e+00,-2.124309031880900811e+00,6.540711990971068701e-01
1.763579401487347364e+09,-1.331542924420201224e-01,4.234642481569121930e-01,8.761758746676362453e-01,2.029891507265176642e+00,-2.124252951074910190e+00,6.552879173477658137e-01
1.763579401501036167e+09,-1.339075165041408999e-01,4.251365363841804190e-01,8.780114818240347674e-01,2.029510783642622496e+00,-2.124397444170553317e+00,6.567107083932788303e-01
1.763579401514725208e+09,-1.346171596359704570e-01,4.268300020663433059e-01,8.797865110179786674e-01,2.029292062455937629e+00,-2.124688435967131639e+00,6.582624506355599925e-01
1.763579401528414011e+09,-1.352740759318014907e-01,4.285458038145196213e-01,8.814970453345565282e-01,2.029266909027735100e+00,-2.125075580652339369e+00,6.598690496902810398e-01
1.763579401542102814e+09,-1.358682990001358060e-01,4.302801101974039200e-01,8.831465090789437644e-01,2.029458992987491328e+00,-2.125504322276215774e+00,6.614674029431947266e-01
1.763579401555791855e+09,-1.363892644413333410e-01,4.320223633228454929e-01,8.847479821011289269e-01,2.029878971567342649e+00,-2.125918879091539981e+00,6.630152643821460856e-01
1.763579401569480658e+09,-1.368260876741363430e-01,4.337613324973493278e-01,8.863150986909921203e-01,2.030537785017674679e+00,-2.126261996877312654e+00,6.644694571513228842e-01
1.763579401583169699e+09,-1.371690458252862455e-01,4.354868139125194215e-01,8.878615951306481069e-01,2.031441253236120126e+00,-2.126480929343293802e+00,6.657951200588032581e-01
1.763579401596858501e+09,-1.374156466262770881e-01,4.371954186859717817e-01,8.893996784959123936e-01,2.032564193467779390e+00,-2.126550395405275573e+00,6.670053438013842095e-01
1.763579401610547304e+09,-1.375681127450863461e-01,4.388882095559032970e-01,8.909408558097348108e-01,2.033861280077852829e+00,-2.126463001146726484e+00,6.681447698123016421e-01
1.763579401624236345e+09,-1.376283133758766930e-01,4.405659985530961942e-01,8.924967001905179664e-01,2.035288421720216956e+00,-2.126210099187851199e+00,6.692559958444713741e-01
1.763579401637925148e+09,-1.376016218174944128e-01,4.422297558805469708e-01,8.940759962301827457e-01,2.036802540084851287e+00,-2.125791749196910274e+00,6.703845439272962947e-01
1.763579401651614189e+09,-1.375025783432874127e-01,4.438808152699722509e-01,8.956802247045566601e-01,2.038365214947175375e+00,-2.125230331616716040e+00,6.715812437798932555e-01
1.763579401665302992e+09,-1.373474769319967259e-01,4.455203876980360911e-01,8.973093023891147713e-01,2.039939738422695381e+00,-2.124552123016768768e+00,6.728970043614386221e-01
1.763579401678991795e+09,-1.371526316545194357e-01,4.471498121078054111e-01,8.989632460483116816e-01,2.041488903097791852e+00,-2.123783656486321281e+00,6.743833799858816036e-01
1.763579401692680836e+09,-1.369329491571275037e-01,4.487679729059487199e-01,9.006414780887127547e-01,2.043004165418446316e+00,-2.122936132300528467e+00,6.760629838358680477e-01
1.763579401706369638e+09,-1.367020356006936055e-01,4.503713294010514012e-01,9.023427860602937223e-01,2.044504079374949157e+00,-2.122006184460536016e+00,6.779309935424565614e-01
1.763579401720058441e+09,-1.364734007456102904e-01,4.519562372045600740e-01,9.040659640724668655e-01,2.046009555539863634e+00,-2.120989362929750044e+00,6.799804916313703096e-01
1.763579401733747482e+09,-1.362593483389003546e-01,4.535195498746816267e-01,9.058100451398133357e-01,2.047539005727195160e+00,-2.119880675328479569e+00,6.821999495849998540e-01
1.763579401747436285e+09,-1.360642546314904111e-01,4.550609489913730599e-01,9.075749756032399640e-01,2.049100031300328251e+00,-2.118671123838766324e+00,6.845432207176495032e-01
1.763579401761125326e+09,-1.358885810547354467e-01,4.565817040641420577e-01,9.093615379094774909e-01,2.050693698167243895e+00,-2.117349218316546988e+00,6.869481313194762961e-01
1.763579401774814129e+09,-1.357329184371216524e-01,4.580829084871390067e-01,9.111701024202055743e-01,2.052322492147156119e+00,-2.115904366291204042e+00,6.893521991699944618e-01
1.763579401788502932e+09,-1.355987979567911117e-01,4.595654263246224946e-01,9.130026303121634434e-01,2.053982638983196995e+00,-2.114321651375191013e+00,6.916998166886747512e-01
1.763579401802191973e+09,-1.354901970168544412e-01,4.610292315982774114e-01,9.148638092209063766e-01,2.055659102414669093e+00,-2.112578743406283710e+00,6.939500396521495196e-01
1.763579401815880775e+09,-1.354116028740540711e-01,4.624740798338641823e-01,9.167591127051923916e-01,2.057333307713389292e+00,-2.110650628370934090e+00,6.960658855108421417e-01
1.763579401829569817e+09,-1.353673292264848393e-01,4.638999478825627243e-01,9.186939639745230757e-01,2.058987879646246189e+00,-2.108512094528449232e+00,6.980103038697037521e-01
1.763579401843258619e+09,-1.353565930263539996e-01,4.653111615667359646e-01,9.206759697689507194e-01,2.060613673873162632e+00,-2.106105742514728707e+00,6.997639075831743050e-01
1.763579401856947422e+09,-1.353725688648189374e-01,4.667174637162231354e-01,9.227152161330584024e-01,2.062212915789474188e+00,-2.103336297791229548e+00,7.013286597650787435e-01
1.763579401870636463e+09,-1.354082473195879488e-01,4.681286505912259921e-01,9.248220462962224442e-01,2.063787316988709097e+00,-2.100107638347400218e+00,7.027062144147613321e-01
1.763579401884325266e+09,-1.354570429532363229e-01,4.695546465805414682e-01,9.270058217098235964e-01,2.065341497759634937e+00,-2.096323816194462175e+00,7.039021863237135967e-01
1.763579401898014307e+09,-1.355155450778339765e-01,4.710054270578075131e-01,9.292715760696803606e-01,2.066892131389856946e+00,-2.091895009613701006e+00,7.049379452126856016e-01
1.763579401911703110e+09,-1.355820006061355387e-01,4.724909778622654599e-01,9.316216616907084802e-01,2.068462858262813509e+00,-2.086734654384524656e+00,7.058442263796925742e-01
1.763579401925391912e+09,-1.356545517342684637e-01,4.740213204503416211e-01,9.340587809895903870e-01,2.070076801583239590e+00,-2.080755531206531117e+00,7.066508452491899739e-01
1.763579401939080954e+09,-1.357292167533517557e-01,4.756065262661867132e-01,9.365862021306060603e-01,2.071744027470828531e+00,-2.073896757569546168e+00,7.073837248034171576e-01
1.763579401952769756e+09,-1.357966202138934098e-01,4.772567902675370899e-01,9.392088284503560258e-01,2.073442238996531906e+00,-2.066159738977996874e+00,7.080579916623032100e-01
1.763579401966458797e+09,-1.358467522407614536e-01,4.789822100047406717e-01,9.419319213128767299e-01,2.075144348068471700e+00,-2.057555949055601019e+00,7.086870640355029671e-01
1.763579401980147600e+09,-1.358696387515672677e-01,4.807926414093430245e-01,9.447605307355656512e-01,2.076822580296460607e+00,-2.048098892399638604e+00,7.092839918557023449e-01
1.763579401993836403e+09,-1.358613477590421004e-01,4.826873898466783608e-01,9.476976692819246706e-01,2.078435728448170927e+00,-2.037865939964733197e+00,7.098469019874766861e-01
1.763579402007525444e+09,-1.358233046608977312e-01,4.846565268509840929e-01,9.507442950968166828e-01,2.079930171554594587e+00,-2.026991645955495969e+00,7.103608572430170076e-01
1.763579402021214247e+09,-1.357571119638955048e-01,4.866894358362814921e-01,9.539013395724049715e-01,2.081251571833609315e+00,-2.015613935338016915e+00,7.108100347668038221e-01
1.763579402034903288e+09,-1.356642583710770678e-01,4.887727398347441188e-01,9.571694226210274437e-01,2.082355354932083902e+00,-2.003872080015997703e+00,7.111742945949327543e-01
1.763579402048592091e+09,-1.355448799639723534e-01,4.908740591103389894e-01,9.605492531001769141e-01,2.083247889617116932e+00,-1.991924447495644124e+00,7.114048181988832376e-01
1.763579402062280893e+09,-1.353990568642736980e-01,4.929549042495455780e-01,9.640399030875470565e-01,2.083957887250496466e+00,-1.979933209910905489e+00,7.114435434603175734e-01
1.763579402075969934e+09,-1.352261623226727882e-01,4.949750126986772192e-01,9.676430660191289723e-01,2.084511796170909648e+00,-1.968064038740783284e+00,7.112294571231148055e-01
1.763579402089658737e+09,-1.350310936953158791e-01,4.969100953975198465e-01,9.713409390974789837e-01,2.084943052538462904e+00,-1.956456318354657720e+00,7.107278299877133332e-01
1.763579402103347778e+09,-1.348277695314936964e-01,4.987630049180828418e-01,9.750843900957231192e-01,2.085294439259374855e+00,-1.945204423591354814e+00,7.099479887070285766e-01
1.763579402117036581e+09,-1.346324032379710434e-01,5.005428908505971108e-01,9.788162254631934678e-01,2.085611575197257039e+00,-1.934392764483817251e+00,7.089097638498748077e-01
1.763579402130725384e+09,-1.344605884090188941e-01,5.022578049530294075e-01,9.824817318268082023e-01,2.085939438016847447e+00,-1.924104555503892033e+00,7.076314871540489992e-01
1.763579402144414425e+09,-1.343296436939944716e-01,5.039217291946777033e-01,9.860280891761968869e-01,2.086328106201676302e+00,-1.914373529534663776e+00,7.061471170046715873e-01
1.763579402158103228e+09,-1.342573059149381187e-01,5.055527915482821433e-01,9.894073105347654939e-01,2.086831284724166125e+00,-1.905186330282872875e+00,7.045041067018624759e-01
1.763579402171792269e+09,-1.342622148368381452e-01,5.071695590220383076e-01,9.925694754168244982e-01,2.087503312864455562e+00,-1.896532360847315690e+00,7.027492938581831883e-01
1.763579402185481071e+09,-1.343588485295637569e-01,5.087897604105103833e-01,9.954735416637929823e-01,2.088395878502567804e+00,-1.888385578076958282e+00,7.009331455666814037e-01
1.763579402199169874e+09,-1.345475089120962975e-01,5.104285253348631590e-01,9.981084376066194919e-01,2.089551418937362737e+00,-1.880671251858070825e+00,6.991165251679745118e-01
1.763579402212858915e+09,-1.348217525338612222e-01,5.120997629635232196e-01,1.000477454665063659e+00,2.091008017313776168e+00,-1.873290635758830813e+00,6.973656691817151643e-01
1.763579402226547718e+09,-1.351760530047809161e-01,5.138174349637499860e-01,1.002581750825856322e+00,2.092804235101537014e+00,-1.866148980914603239e+00,6.957460040517262634e-01
1.763579402240236759e+09,-1.356054341094228011e-01,5.155954785032113019e-01,1.004425998314955937e+00,2.094968584154198954e+00,-1.859153540926964165e+00,6.943324046809448147e-01
1.763579402253925562e+09,-1.361072456863276214e-01,5.174475967336292781e-01,1.006018559752135388e+00,2.097510100387071308e+00,-1.852222183627049379e+00,6.932173327664651330e-01
1.763579402267614365e+09,-1.366789598057739641e-01,5.193875293977520124e-01,1.007368594954237917e+00,2.100435850667186521e+00,-1.845272994908190745e+00,6.924949492535655837e-01
1.763579402281303406e+09,-1.373185879745144333e-01,5.214287002109059266e-01,1.008484935470078891e+00,2.103751187388333665e+00,-1.838227652677780100e+00,6.922582803045911337e-01
1.763579402294992208e+09,-1.380316681268005941e-01,5.235786459987581409e-01,1.009371844698222720e+00,2.107436633929456349e+00,-1.831063811489430870e+00,6.925751289274771905e-01
1.763579402308681250e+09,-1.388300000740593232e-01,5.258403170120354853e-01,1.010030001257215204e+00,2.111452508077025225e+00,-1.823804328415057796e+00,6.934928892985340321e-01
1.763579402322370052e+09,-1.397255273434741540e-01,5.282165844516147901e-01,1.010459851581112956e+00,2.115758681082447801e+00,-1.816472934409844253e+00,6.950591714739809968e-01
1.763579402336058855e+09,-1.407269561209260889e-01,5.307062923471758120e-01,1.010664244091320496e+00,2.120317165131080372e+00,-1.809098431339135171e+00,6.973024180245741555e-01
1.763579402349747896e+09,-1.418304830074154921e-01,5.332915294500638614e-01,1.010654508152877051e+00,2.125098209449862718e+00,-1.801733616224081791e+00,7.001724345148099271e-01
1.763579402363436699e+09,-1.430268578996711781e-01,5.359482678315791171e-01,1.010446042378239095e+00,2.130075285227693183e+00,-1.794437317928880393e+00,7.035914550288476788e-01
1.763579402377125740e+09,-1.443087056642184118e-01,5.386535164292841626e-01,1.010052507707026592e+00,2.135221081107682384e+00,-1.787270308498018823e+00,7.074851472703138633e-01
1.763579402390814543e+09,-1.456516191178438557e-01,5.413775304398827926e-01,1.009504411702104809e+00,2.140517843454931679e+00,-1.780265609338371302e+00,7.117572299281104131e-01
1.763579402404503345e+09,-1.470090517983817513e-01,5.440821797779075153e-01,1.008854261204924940e+00,2.145960837773817076e+00,-1.773418860474548886e+00,7.162840357462670893e-01
1.763579402418192387e+09,-1.483307520493378218e-01,5.467279309092171191e-01,1.008158287180654922e+00,2.151547641351702289e+00,-1.766719212734318090e+00,7.209372294531255498e-01
1.763579402431881189e+09,-1.495717805511375675e-01,5.492791354633779211e-01,1.007468907551331672e+00,2.157272702504193784e+00,-1.760155691339839734e+00,7.255984145756338988e-01
1.763579402445570230e+09,-1.507328205035382840e-01,5.517382499393133077e-01,1.006809384016258191e+00,2.163110188320780836e+00,-1.753690818455685196e+00,7.302433448099248103e-01
1.763579402459259033e+09,-1.518467904649335454e-01,5.541340308090194622e-01,1.006181869926941808e+00,2.169018165149957600e+00,-1.747272300147615587e+00,7.349126049875905897e-01
1.763579402472947836e+09,-1.529460459773483438e-01,5.564950844034599609e-01,1.005589238127374774e+00,2.174956418543508629e+00,-1.740845495693543521e+00,7.396470286790685078e-01
1.763579402486636877e+09,-1.540564773592858760e-01,5.588437294044632520e-01,1.005036973533535383e+00,2.180881782004248315e+00,-1.734369982605130422e+00,7.444678085562049796e-01
1.763579402500325680e+09,-1.551827322991259639e-01,5.611823432441290782e-01,1.004540545060950141e+00,2.186746020640852439e+00,-1.727843122756696159e+00,7.493367781105529923e-01
1.763579402514014721e+09,-1.563223457856947607e-01,5.635067403445566114e-01,1.004118598526568373e+00,2.192499137554582145e+00,-1.721275307303420599e+00,7.541955745197395089e-01
1.763579402527703524e+09,-1.574738768877743944e-01,5.658135718171225514e-01,1.003789306807664650e+00,2.198091330745906902e+00,-1.714675235346170945e+00,7.589886669899776894e-01
1.763579402541392326e+09,-1.586156482842573101e-01,5.680851313474700737e-01,1.003578902655177796e+00,2.203481132548068100e+00,-1.708066244600081385e+00,7.636131078796957183e-01
1.763579402555081367e+09,-1.596957574617884346e-01,5.702822722210348916e-01,1.003525364438303979e+00,2.208640783735193125e+00,-1.701492841770527953e+00,7.678952389571570558e-01
1.763579402568770170e+09,-1.606597528901480276e-01,5.723640204830573452e-01,1.003667831194798188e+00,2.213542731717578427e+00,-1.695001567535534770e+00,7.716555353979929199e-01
1.763579402582458973e+09,-1.614571001365001923e-01,5.742915934575107961e-01,1.004042645741755280e+00,2.218161503021113035e+00,-1.688637894824676522e+00,7.747216491746462541e-01
1.763579402596148014e+09,-1.620806091317956998e-01,5.760505757280486305e-01,1.004657230349537800e+00,2.222484637166959764e+00,-1.682436484175980018e+00,7.770026271378565053e-01
1.763579402609836817e+09,-1.625547646903169885e-01,5.776442202338579746e-01,1.005497685267453312e+00,2.226509410424895918e+00,-1.676424567304277247e+00,7.784667716805552251e-01
1.763579402623525858e+09,-1.629031280929158776e-01,5.790753442709930532e-01,1.006550828717342583e+00,2.230233003354809451e+00,-1.670629203248391814e+00,7.790804516508100797e-01
1.763579402637214661e+09,-1.631484523115340479e-01,5.803472448762438951e-01,1.007800921588126952e+00,2.233655428748405836e+00,-1.665078731256196987e+00,7.788199594570742734e-01
1.763579402650903463e+09,-1.633071714253157281e-01,5.814633365163960343e-01,1.009224814043089946e+00,2.236787682140690681e+00,-1.659806061242535602e+00,7.776897475310610153e-01
1.763579402664592505e+09,-1.633941380887486694e-01,5.824272917728804400e-01,1.010797765343417032e+00,2.239643266618681405e+00,-1.654844672345180179e+00,7.757041930801792384e-01
1.763579402678281307e+09,-1.634242955478297510e-01,5.832425649681909352e-01,1.012494411509388126e+00,2.242235974260011755e+00,-1.650229041775274963e+00,7.728753771172414133e-01
1.763579402691970348e+09,-1.634113185422965964e-01,5.839151230770142087e-01,1.014299352820027700e+00,2.244571928663004368e+00,-1.645980364530049922e+00,7.692500111000803997e-01
1.763579402705659151e+09,-1.633674187927303401e-01,5.844536788058568577e-01,1.016208455002962863e+00,2.246648191304466469e+00,-1.642105001985187274e+00,7.649148464554610394e-01
1.763579402719347954e+09,-1.633046663270833476e-01,5.848673604865380904e-01,1.018219128837531517e+00,2.248460640696228197e+00,-1.638607342195259831e+00,7.599617698669332011e-01
1.763579402733036995e+09,-1.632354742393712366e-01,5.851659986184296613e-01,1.020328540058978994e+00,2.250002923065273386e+00,-1.635492673416676590e+00,7.544831594240124506e-01
1.763579402746725798e+09,-1.631757625437707804e-01,5.853663508777416924e-01,1.022535204847376367e+00,2.251245362723763854e+00,-1.632771710252380881e+00,7.485914554526432729e-01
1.763579402760414839e+09,-1.631429947248986267e-01,5.854890119679786453e-01,1.024838152895312771e+00,2.252146179859979558e+00,-1.630457531904557777e+00,7.424073614898772933e-01
1.763579402774103642e+09,-1.631552553738873368e-01,5.855546756731605518e-01,1.027236593740592507e+00,2.252662410971733475e+00,-1.628564266828888440e+00,7.360543666875389857e-01
1.763579402787792444e+09,-1.632262032535813367e-01,5.855823008456204626e-01,1.029727971103608919e+00,2.252761707218066789e+00,-1.627099019618760911e+00,7.296398055846959885e-01
1.763579402801481485e+09,-1.633600710720254923e-01,5.855869801899533655e-01,1.032305679409287968e+00,2.252435001557266059e+00,-1.626053972566297467e+00,7.232375076353366739e-01
1.763579402815170288e+09,-1.635581520450965776e-01,5.855824776709444013e-01,1.034961868424663534e+00,2.251680450447481441e+00,-1.625416828122773216e+00,7.169111020809516566e-01
1.763579402828859329e+09,-1.638220830054206711e-01,5.855823829603491459e-01,1.037689306496225372e+00,2.250495851734849673e+00,-1.625175739467013880e+00,7.107246035424791275e-01
1.763579402842548132e+09,-1.641465763183462823e-01,5.855831921508586335e-01,1.040491301163554816e+00,2.248911586153651943e+00,-1.625311173054555303e+00,7.047055244333397805e-01
1.763579402856236935e+09,-1.645183488491429036e-01,5.855612340492160062e-01,1.043384106754955409e+00,2.246996572023549632e+00,-1.625794417010338000e+00,6.988374674205988235e-01
1.763579402869925976e+09,-1.649239904641043308e-01,5.854920057456540761e-01,1.046384633690603971e+00,2.244820456620470583e+00,-1.626596991000214265e+00,6.931033242262936156e-01
1.763579402883614779e+09,-1.653497939484176171e-01,5.853542176954015241e-01,1.049506609681788438e+00,2.242452302915259210e+00,-1.627687876967848002e+00,6.874858792356670634e-01
1.763579402897303820e+09,-1.657820780854846743e-01,5.851480698567653738e-01,1.052744927106306072e+00,2.239949290139549465e+00,-1.629024420293183617e+00,6.819740677598004064e-01
1.763579402910992622e+09,-1.662070015924759225e-01,5.848856304139957718e-01,1.056083637269168207e+00,2.237362881249760793e+00,-1.630557036296722551e+00,6.765601096715658791e-01
1.763579402924681425e+09,-1.666106949448417085e-01,5.845780659054428119e-01,1.059507798844349313e+00,2.234744814951287406e+00,-1.632236688525586565e+00,6.712355790231957497e-01
1.763579402938370466e+09,-1.669864952496563359e-01,5.842411795374794492e-01,1.062996888588628286e+00,2.232137958623013230e+00,-1.634021218963296773e+00,6.660142695488837639e-01
1.763579402952059269e+09,-1.673472986580133992e-01,5.839018285209123249e-01,1.066516466641810768e+00,2.229561983110971646e+00,-1.635887958741993886e+00,6.609695988463901717e-01
1.763579402965748310e+09,-1.677092607749947895e-01,5.835887656885916375e-01,1.070029984141783963e+00,2.227032367719454786e+00,-1.637817563165321344e+00,6.561852078031840119e-01
1.763579402979437113e+09,-1.680887097015292264e-01,5.833308536307630909e-01,1.073500528633629880e+00,2.224564593697565762e+00,-1.639790781472259651e+00,6.517452589170710242e-01
1.763579402993125916e+09,-1.684941356039806049e-01,5.831510292303324627e-01,1.076898371725723891e+00,2.222180427869810515e+00,-1.641782497308135413e+00,6.477310538600495882e-01
1.763579403006814957e+09,-1.689260394005881460e-01,5.830661084634392033e-01,1.080201007421338177e+00,2.219908115714480878e+00,-1.643761792663816834e+00,6.442210709577343986e-01
1.763579403020503759e+09,-1.693844191293655821e-01,5.830927350221370986e-01,1.083386001038689317e+00,2.217776447231477377e+00,-1.645697013965099931e+00,6.412945572585376786e-01
1.763579403034192801e+09,-1.698700688433841532e-01,5.832460094189827471e-01,1.086432817527579031e+00,2.215813668269181136e+00,-1.647556609532589977e+00,6.390231773987919972e-01
1.763579403047881603e+09,-1.703898948648563949e-01,5.835350807104364712e-01,1.089327351158396295e+00,2.214045277030522119e+00,-1.649305117838312018e+00,6.374434757159233023e-01
1.763579403061570406e+09,-1.709530113431720066e-01,5.839636954319448181e-01,1.092061548197257981e+00,2.212495621204885410e+00,-1.650906924130187914e+00,6.365674351485093307e-01
1.763579403075259447e+09,-1.715695714946862960e-01,5.845390826974111720e-01,1.094623661902818235e+00,2.211188580212120947e+00,-1.652324459371041998e+00,6.364172168093852333e-01
1.763579403088948250e+09,-1.722413508812674909e-01,5.852457682384527571e-01,1.097025825771808183e+00,2.210152244357193929e+00,-1.653533825052124762e+00,6.369534192925955240e-01
1.763579403102637291e+09,-1.729550942732658581e-01,5.860283899664675555e-01,1.099322648318179052e+00,2.209422321292727975e+00,-1.654535791223765928e+00,6.380300596039267802e-01
1.763579403116326094e+09,-1.736935737270927371e-01,5.868210656346054543e-01,1.101579647367646908e+00,2.209036450209176827e+00,-1.655337309095528120e+00,6.394723034880614998e-01
1.763579403130014896e+09,-1.744407987806795290e-01,5.875622311140805687e-01,1.103857922244900758e+00,2.209029400320699388e+00,-1.655944403893149008e+00,6.411141082978742967e-01
1.763579403143703938e+09,-1.751859299120502866e-01,5.882254443754985074e-01,1.106180729251305062e+00,2.209392999057885110e+00,-1.656364982665605501e+00,6.428203349320915638e-01
1.763579403157392740e+09,-1.759243382457159888e-01,5.888219773705560822e-01,1.108530679123441054e+00,2.210074654016908280e+00,-1.656609061377160241e+00,6.444950016549366723e-01
1.763579403171081781e+09,-1.766509125468679053e-01,5.893620270779852399e-01,1.110891632281696406e+00,2.211023136340569462e+00,-1.656685416568474567e+00,6.460382408856665259e-01
1.763579403184770584e+09,-1.773621350615283143e-01,5.898566750225365807e-01,1.113246888914372068e+00,2.212184087371318775e+00,-1.656610483162496594e+00,6.473629305961015046e-01
1.763579403198459387e+09,-1.780592466644394800e-01,5.903124512586442885e-01,1.115587054062798789e+00,2.213500268160374596e+00,-1.656429636916973758e+00,6.484208285427747187e-01
1.763579403212148428e+09,-1.787459242421768901e-01,5.907347955218846813e-01,1.117904977225206542e+00,2.214911885771854827e+00,-1.656202060061071846e+00,6.491834747240786685e-01
1.763579403225837231e+09,-1.794254943296147431e-01,5.911290101337717262e-01,1.120193384484977628e+00,2.216359612338969054e+00,-1.655985342762833268e+00,6.496197850463278911e-01
1.763579403239526272e+09,-1.800988644743408695e-01,5.915031345036796395e-01,1.122445599026052676e+00,2.217790164063595526e+00,-1.655829592158351682e+00,6.497144876092760812e-01
1.763579403253215075e+09,-1.807613193608971769e-01,5.918706919312641812e-01,1.124655626897226313e+00,2.219163212368389537e+00,-1.655767337724560972e+00,6.494815291650757327e-01
1.763579403266903877e+09,-1.814075743211197855e-01,5.922458876694695062e-01,1.126817776755113742e+00,2.220440097260388601e+00,-1.655828799269783769e+00,6.489388239857482032e-01
1.763579403280592918e+09,-1.820321494860694111e-01,5.926431097972151285e-01,1.128926509224845720e+00,2.221582792380678129e+00,-1.656042637884967528e+00,6.481051763005934996e-01
1.763579403294281721e+09,-1.826270994054203511e-01,5.930793615507293781e-01,1.130981437677709200e+00,2.222567114248144016e+00,-1.656398639407808959e+00,6.470188996191069686e-01
1.763579403307970762e+09,-1.831822791889446689e-01,5.935740964658264840e-01,1.132986693851260274e+00,2.223380838928217695e+00,-1.656853302363078484e+00,6.457350578935572294e-01
1.763579403321659565e+09,-1.836875366099057771e-01,5.941467591637535905e-01,1.134946450446528088e+00,2.224012034169862151e+00,-1.657362136043249112e+00,6.443093534109954890e-01
1.763579403335348368e+09,-1.841345135144754064e-01,5.948125775466018839e-01,1.136868399298537113e+00,2.224452762563718267e+00,-1.657881542009875586e+00,6.427944387085965383e-01
1.763579403349037409e+09,-1.845251478096138209e-01,5.955645318432830626e-01,1.138778484478000452e+00,2.224715640867232835e+00,-1.658372090275223476e+00,6.412290892839045409e-01
1.763579403362726212e+09,-1.848644496767476442e-01,5.963875169206601656e-01,1.140708911754626742e+00,2.224820740251148177e+00,-1.658796213377099926e+00,6.396459876103870457e-01
1.763579403376415253e+09,-1.851584303974072032e-01,5.972661853002070309e-01,1.142692551983042648e+00,2.224788319391741265e+00,-1.659116059944849786e+00,6.380789789182722549e-01
1.763579403390104055e+09,-1.854029987323982387e-01,5.981918234394071332e-01,1.144754537452506771e+00,2.224633979805224371e+00,-1.659294017328071469e+00,6.365545342966592024e-01
1.763579403403792858e+09,-1.855785171760044594e-01,5.991667233685316063e-01,1.146908037358664867e+00,2.224365808770003561e+00,-1.659292032346861179e+00,6.350883848503997564e-01
1.763579403417481899e+09,-1.856621625047276958e-01,6.001951450144084044e-01,1.149163927200724578e+00,2.223990412337837785e+00,-1.659072439706876567e+00,6.336938325890272283e-01
1.763579403431170702e+09,-1.856332326384052267e-01,6.012802690669057926e-01,1.151533125238100697e+00,2.223514130818787127e+00,-1.658600829908912777e+00,6.323848171551953445e-01
1.763579403444859505e+09,-1.854885790698916070e-01,6.024144513821692026e-01,1.154024536383163602e+00,2.222935354438520861e+00,-1.657892469965932092e+00,6.311735803073497131e-01
1.763579403458548546e+09,-1.852410539966216352e-01,6.035812663557400537e-01,1.156644769443587295e+00,2.222245822345201294e+00,-1.657003870137968793e+00,6.300716969796601452e-01
1.763579403472237349e+09,-1.849022925569348275e-01,6.047637066001044781e-01,1.159401310689014197e+00,2.221437667171254571e+00,-1.655991138773238669e+00,6.290905002745527108e-01
1.763579403485926390e+09,-1.844872050181481371e-01,6.059491397154823655e-01,1.162296576732399389e+00,2.220501918165791011e+00,-1.654906554532980412e+00,6.282423900134745942e-01
1.763579403499615192e+09,-1.840183268553864937e-01,6.071398467709834268e-01,1.165316464233592697e+00,2.219427392604631510e+00,-1.653784082457715465e+00,6.275433883261707368e-01
1.763579403513303995e+09,-1.835219078570235474e-01,6.083448001891366141e-01,1.168439606666376251e+00,2.218201678456643400e+00,-1.652650089919636134e+00,6.270110226329326242e-01
1.763579403526993036e+09,-1.830235804336245165e-01,6.095719557192837978e-01,1.171645779846114177e+00,2.216812629209817143e+00,-1.651531980557121804e+00,6.266625672429264604e-01
1.763579403540681839e+09,-1.825381484418704126e-01,6.108348277904679380e-01,1.174913166182549817e+00,2.215255305847131595e+00,-1.650434928126915946e+00,6.265056023650521499e-01
1.763579403554370880e+09,-1.820598930446869212e-01,6.121556886264438724e-01,1.178219153464789448e+00,2.213538177979029964e+00,-1.649325203678597696e+00,6.265295742506408194e-01
1.763579403568059683e+09,-1.815815536973642841e-01,6.135576787258828491e-01,1.181540589715842193e+00,2.211670815533210988e+00,-1.648165705562484762e+00,6.267225465390872108e-01
1.763579403581748486e+09,-1.810956790926688820e-01,6.150621547854000504e-01,1.184855436870310585e+00,2.209664590090664849e+00,-1.646921339929370287e+00,6.270712033921748141e-01
1.763579403595437527e+09,-1.805988770981676317e-01,6.166662632716460868e-01,1.188152494467173081e+00,2.207550104307101968e+00,-1.645592216977511013e+00,6.275504407849260557e-01
1.763579403609126329e+09,-1.800904829415801156e-01,6.183489894687926869e-01,1.191428565365147962e+00,2.205372756331228867e+00,-1.644204253918486014e+00,6.281260231559491203e-01
1.763579403622815371e+09,-1.795697723937366708e-01,6.200895644517007144e-01,1.194680627192493905e+00,2.203177645610070012e+00,-1.642783193706152112e+00,6.287636753107255227e-01
1.763579403636504173e+09,-1.790381896186275246e-01,6.218689834226461821e-01,1.197902517859078086e+00,2.201006970004298680e+00,-1.641359455558072833e+00,6.294351971972655946e-01
1.763579403650192976e+09,-1.785048428071058513e-01,6.236761044547847188e-01,1.201076773416186239e+00,2.198890493032315430e+00,-1.639981656117520670e+00,6.301342416707496064e-01
1.763579403663882017e+09,-1.779811105552046302e-01,6.255022786285066028e-01,1.204182787113943887e+00,2.196854488947168615e+00,-1.638701321797159771e+00,6.308618511958509201e-01
1.763579403677570820e+09,-1.774782137217211508e-01,6.273382972716988748e-01,1.207199805876904897e+00,2.194925505015840272e+00,-1.637572547996240635e+00,6.316173742504688216e-01
1.763579403691259861e+09,-1.770081612280539618e-01,6.291794812157888162e-01,1.210109283227425170e+00,2.193129936713281047e+00,-1.636614310246502946e+00,6.324169874877108022e-01
1.763579403704948664e+09,-1.765837319205420808e-01,6.310260825384521599e-01,1.212895057980524882e+00,2.191494378427653267e+00,-1.635804081508003271e+00,6.332959639732698154e-01
1.763579403718637466e+09,-1.762179515589677448e-01,6.328792051952274456e-01,1.215541360232397228e+00,2.190045483304587481e+00,-1.635113291719200390e+00,6.342928483236339732e-01
1.763579403732326508e+09,-1.759241187094205128e-01,6.347395431698191759e-01,1.218033373846105105e+00,2.188808720849785061e+00,-1.634515065650020249e+00,6.354454344335022098e-01
1.763579403746015310e+09,-1.757207305653426810e-01,6.366057349138386501e-01,1.220363960233409761e+00,2.187802736106987833e+00,-1.633981001268766553e+00,6.367989830313878219e-01
1.763579403759704351e+09,-1.756285731503743064e-01,6.384752843652139465e-01,1.222531533866763498e+00,2.187040125253723932e+00,-1.633483940137463675e+00,6.384001776736575318e-01
1.763579403773393154e+09,-1.756695529819583268e-01,6.403454596887515615e-01,1.224533683781555693e+00,2.186535645020344809e+00,-1.632995018819758171e+00,6.402992004096821343e-01
1.763579403787081957e+09,-1.758582480662927716e-01,6.422147358946453943e-01,1.226370423137556953e+00,2.186293952740691271e+00,-1.632493565003882097e+00,6.425254387575228820e-01
1.763579403800770998e+09,-1.761915748911785096e-01,6.440841558389927002e-01,1.228046698674498227e+00,2.186297383361870406e+00,-1.631977561950662237e+00,6.450590726080007720e-01
1.763579403814459801e+09,-1.766604936498885892e-01,6.459557583546204906e-01,1.229568936625609066e+00,2.186520091688633372e+00,-1.631451550902007552e+00,6.478633326393603564e-01
1.763579403828148842e+09,-1.772568527766665014e-01,6.478313636766261929e-01,1.230943565456829480e+00,2.186937810943349270e+00,-1.630918850587737445e+00,6.509041374522153145e-01
1.763579403841837645e+09,-1.779696871487362331e-01,6.497178013703478472e-01,1.232171801812552925e+00,2.187515572840557088e+00,-1.630382157733858639e+00,6.541361016883748825e-01
1.763579403855526447e+09,-1.787845853667059115e-01,6.516280159889480394e-01,1.233248611910323200e+00,2.188205888390267084e+00,-1.629842018317559704e+00,6.574999150100585554e-01
1.763579403869215488e+09,-1.796873128957848509e-01,6.535760387634420576e-01,1.234167798937625848e+00,2.188959753608039627e+00,-1.629299028320051912e+00,6.609363392131499815e-01
1.763579403882904291e+09,-1.806606647559967638e-01,6.555705329845193940e-01,1.234929242798334492e+00,2.189733352583778991e+00,-1.628754136670829800e+00,6.643794196114815032e-01
1.763579403896593332e+09,-1.816663944673113651e-01,6.575804647180216733e-01,1.235579355159527326e+00,2.190523346323240084e+00,-1.628211790631648226e+00,6.677175416927911833e-01
1.763579403910282135e+09,-1.826521719057043469e-01,6.595483758997030543e-01,1.236195161051962810e+00,2.191352930567122215e+00,-1.627678728679527564e+00,6.708083040848282774e-01
1.763579403923970938e+09,-1.835662174464210150e-01,6.614180566155188901e-01,1.236852405221475548e+00,2.192244143252340294e+00,-1.627161555142423666e+00,6.735105141314953192e-01
1.763579403937659979e+09,-1.843722524326021905e-01,6.631438766049414513e-01,1.237611505904677944e+00,2.193213610369459943e+00,-1.626667543169377783e+00,6.757122987691737137e-01
1.763579403951348782e+09,-1.850852577273983668e-01,6.647167196263050748e-01,1.238480220125015130e+00,2.194258103881329358e+00,-1.626205922519785352e+00,6.773971811040240265e-01
1.763579403965037823e+09,-1.857315721886128312e-01,6.661359478123616285e-01,1.239454777876130898e+00,2.195369569107052943e+00,-1.625786288230042009e+00,6.785718433698959551e-01
1.763579403978726625e+09,-1.863376069476017916e-01,6.674005010501280477e-01,1.240531329898185264e+00,2.196540479920178868e+00,-1.625418323602462412e+00,6.792412212249711034e-01
1.763579403992415428e+09,-1.869237832807272848e-01,6.685136936516230532e-01,1.241709858650604792e+00,2.197751368748587897e+00,-1.625110627983377798e+00,6.794402789829482314e-01
1.763579404006104469e+09,-1.875040190055685951e-01,6.694831213460731290e-01,1.242994598759708635e+00,2.198970227490558482e+00,-1.624870796406084450e+00,6.792356834174769764e-01
1.763579404019793272e+09,-1.880916162643820333e-01,6.703169735363655457e-01,1.244390092608425036e+00,2.200163405403321004e+00,-1.624706202067164318e+00,6.786976274443179413e-01
1.763579404033482313e+09,-1.886950964787166840e-01,6.710267264457517866e-01,1.245899724246881002e+00,2.201295014991462295e+00,-1.624623115820488017e+00,6.778976377701417810e-01
1.763579404047171116e+09,-1.892888695677187039e-01,6.716488712920584137e-01,1.247519252342339735e+00,2.202307113901596392e+00,-1.624618099289984352e+00,6.769235083669475905e-01
1.763579404060859919e+09,-1.898307559056490734e-01,6.722314427456265173e-01,1.249240286921591725e+00,2.203132849156982598e+00,-1.624683916065152722e+00,6.758704183284940381e-01
1.763579404074548960e+09,-1.902780544450104472e-01,6.728236758855082877e-01,1.251055042055614575e+00,2.203703009915489286e+00,-1.624811973800073472e+00,6.748337078033426195e-01
1.763579404088237762e+09,-1.905984107583868492e-01,6.734614399395552065e-01,1.252953987368546684e+00,2.203967654668947951e+00,-1.625004497252043656e+00,6.739049453690690861e-01
1.763579404101926804e+09,-1.907802578124253856e-01,6.741538426497223346e-01,1.254925725766407485e+00,2.203914130159557505e+00,-1.625284503582588469e+00,6.731667756412631487e-01
1.763579404115615606e+09,-1.908181596979461325e-01,6.749030633600877627e-01,1.256957550655535272e+00,2.203539951903518812e+00,-1.625680733855908056e+00,6.727005629024689348e-01
1.763579404129304409e+09,-1.907064579680065597e-01,6.757126026924954454e-01,1.259037014039587232e+00,2.202841738111026793e+00,-1.626220098854438856e+00,6.725869587256054771e-01
1.763579404142993450e+09,-1.904859110023821855e-01,6.765914136403036183e-01,1.261133842194305466e+00,2.201844483524795670e+00,-1.626917322544701117e+00,6.729159290265533944e-01
1.763579404156682253e+09,-1.902481382323947534e-01,6.775549815631584094e-01,1.263199066516305979e+00,2.200605807379176326e+00,-1.627770307909716108e+00,6.737829322459655268e-01
1.763579404170371294e+09,-1.900879247647516701e-01,6.786197261679575155e-01,1.265181648656157565e+00,2.199182881213423979e+00,-1.628778286111359774e+00,6.752887448993548647e-01
1.763579404184060097e+09,-1.900864318936694719e-01,6.797965898752611480e-01,1.267041144321215063e+00,2.197637994447743992e+00,-1.629934036137489883e+00,6.775065197331876510e-01
1.763579404197748899e+09,-1.902457705200192306e-01,6.810672528055825570e-01,1.268795372945799249e+00,2.196052781943702126e+00,-1.631202492183466468e+00,6.803697632859515565e-01
1.763579404211437941e+09,-1.905239664528091681e-01,6.823968519749801231e-01,1.270494924930896774e+00,2.194520605548780701e+00,-1.632532105425497981e+00,6.837319617341081068e-01
1.763579404225126743e+09,-1.908824578208266898e-01,6.837517821571620358e-01,1.272187797877642579e+00,2.193134013508015290e+00,-1.633872656486879960e+00,6.874532558467767451e-01
1.763579404238815784e+09,-1.913048704987768411e-01,6.851078222074784563e-01,1.273894978350061713e+00,2.191963141081529010e+00,-1.635185223090581230e+00,6.914177414465727534e-01
1.763579404252504587e+09,-1.918385184774245855e-01,6.864674934492447367e-01,1.275562508570821540e+00,2.191019803519187459e+00,-1.636461035000240871e+00,6.955831954655462557e-01
1.763579404266193390e+09,-1.925384663274831432e-01,6.878361949856333091e-01,1.277127081318382373e+00,2.190306850876677647e+00,-1.637696885227133636e+00,6.999158013539200640e-01
1.763579404279882431e+09,-1.934601387216787205e-01,6.892194299039932082e-01,1.278525004669918586e+00,2.189826752371129448e+00,-1.638889899842346010e+00,7.043822896252418531e-01
1.763579404293571234e+09,-1.945885124951902134e-01,6.905760029648680964e-01,1.279771099594095407e+00,2.189594030656847323e+00,-1.640068538046612678e+00,7.088569016056164296e-01
1.763579404307260275e+09,-1.958446082361731677e-01,6.918224796225159734e-01,1.280951563412723315e+00,2.189633805165092539e+00,-1.641289961544742937e+00,7.131305331347850274e-01
1.763579404320949078e+09,-1.971458719669982318e-01,6.928726631694690496e-01,1.282156623325788614e+00,2.189971922758398915e+00,-1.642613289076271910e+00,7.169884761261424710e-01
1.763579404334637880e+09,-1.984244963060610711e-01,6.936540082714331978e-01,1.283461486618062253e+00,2.190629231661152865e+00,-1.644089951471514821e+00,7.202480075295040196e-01
1.763579404348326921e+09,-1.996913876977177704e-01,6.941622897555379534e-01,1.284864028253215329e+00,2.191601169788222503e+00,-1.645736707802321730e+00,7.228885520006275156e-01
1.763579404362015724e+09,-2.009885862523103084e-01,6.944233025183618180e-01,1.286329504602337304e+00,2.192871918495777006e+00,-1.647552512144046188e+00,7.249596295398721413e-01
1.763579404375704527e+09,-2.023597783841301345e-01,6.944602628317387838e-01,1.287824094045225465e+00,2.194426786532361007e+00,-1.649540862540812114e+00,7.265059633295648522e-01
1.763579404389393568e+09,-2.038177558423851232e-01,6.942993009983707831e-01,1.289326834240031916e+00,2.196248976158677646e+00,-1.651680927597029891e+00,7.275709942056085566e-01
1.763579404403082371e+09,-2.053223537899337148e-01,6.939674412376433121e-01,1.290841153461718571e+00,2.198319644854652033e+00,-1.653915405472660805e+00,7.281878526863684309e-01
1.763579404416771412e+09,-2.068221092038867170e-01,6.934930383978461510e-01,1.292375204762433949e+00,2.200619169063377623e+00,-1.656177911627295218e+00,7.283895135675119148e-01
1.763579404430460215e+09,-2.082689012662206907e-01,6.929041391784965809e-01,1.293936491858026949e+00,2.203126909480584761e+00,-1.658404872649747119e+00,7.282099983356320472e-01
1.763579404444149017e+09,-2.096260373888315931e-01,6.922392638062914161e-01,1.295535355080959183e+00,2.205801094482804370e+00,-1.660533317724521396e+00,7.277121931625334383e-01
1.763579404457838058e+09,-2.108712038805543032e-01,6.915445497703095468e-01,1.297184563294476956e+00,2.208580546407077350e+00,-1.662505551032648521e+00,7.269851531655383559e-01
1.763579404471526861e+09,-2.119796274515114431e-01,6.908680904877879669e-01,1.298896357694052872e+00,2.211403781337470953e+00,-1.664260211250778942e+00,7.261183163134289353e-01
1.763579404485215902e+09,-2.129352851258314028e-01,6.902475340136088322e-01,1.300685822038834871e+00,2.214212212008078495e+00,-1.665752093145585144e+00,7.251966394391857751e-01
1.763579404498904705e+09,-2.137495775106076634e-01,6.896813741004361731e-01,1.302577817127540838e+00,2.216960332747388129e+00,-1.666992374815443823e+00,7.242839858386455054e-01
1.763579404512593508e+09,-2.144478983691449625e-01,6.891495510552615444e-01,1.304601942750295063e+00,2.219608750441872669e+00,-1.668019619817101340e+00,7.234348236800461907e-01
1.763579404526282549e+09,-2.150536096108238149e-01,6.886341741884692835e-01,1.306787330627167787e+00,2.222117355125011517e+00,-1.668868988027535138e+00,7.227045432395519109e-01
1.763579404539971352e+09,-2.155991808167949386e-01,6.881267390335756851e-01,1.309148129748862521e+00,2.224458214305698345e+00,-1.669569655047200563e+00,7.221425523903582944e-01
1.763579404553660393e+09,-2.161334201103238539e-01,6.876414469239311433e-01,1.311666805678321612e+00,2.226628319511676946e+00,-1.670133533684521554e+00,7.217869823775100446e-01
1.763579404567349195e+09,-2.167069092150464837e-01,6.871945955130400741e-01,1.314322108004608802e+00,2.228627518338935687e+00,-1.670571230100208915e+00,7.216740058883633901e-01
1.763579404581037998e+09,-2.173682673971855939e-01,6.868022152939536884e-01,1.317092175028596657e+00,2.230456725647212757e+00,-1.670893496340108086e+00,7.218363657490062257e-01
1.763579404594727039e+09,-2.181232075834445006e-01,6.864651436838952181e-01,1.319950407255312763e+00,2.232129432998785745e+00,-1.671123950643843115e+00,7.222395308297757666e-01
1.763579404608415842e+09,-2.189422757714892809e-01,6.861721967501148711e-01,1.322865945440274471e+00,2.233669537082684009e+00,-1.671296225534927515e+00,7.227938345916209428e-01
1.763579404622104883e+09,-2.197957649765099886e-01,6.859119773933213260e-01,1.325807853468030650e+00,2.235101255071061832e+00,-1.671444208535237896e+00,7.234088974361564395e-01
1.763579404635793686e+09,-2.206641452028948180e-01,6.856727051380168136e-01,1.328745750496197475e+00,2.236447713443436403e+00,-1.671607891499566012e+00,7.240045668507001375e-01
1.763579404649482489e+09,-2.215780632265517969e-01,6.854414516955009695e-01,1.331649318749529964e+00,2.237728620095523535e+00,-1.671855381875280377e+00,7.245491035095292798e-01
1.763579404663171530e+09,-2.225809231942779964e-01,6.852047049899093745e-01,1.334490708846930218e+00,2.238961761073603896e+00,-1.672262528519120384e+00,7.250247173591586325e-01
1.763579404676860332e+09,-2.237206143610108999e-01,6.849492670960207752e-01,1.337238676952079874e+00,2.240165872465698094e+00,-1.672906887847827706e+00,7.254158657271734256e-01
1.763579404690549374e+09,-2.249940542462774140e-01,6.846591978876447326e-01,1.339891951093537648e+00,2.241351471566183751e+00,-1.673845110038513440e+00,7.256766975390016583e-01
1.763579404704238176e+09,-2.263265899415916049e-01,6.843148894199629906e-01,1.342490277388791453e+00,2.242517705183022958e+00,-1.675104008847203785e+00,7.257185353063754230e-01
1.763579404717926979e+09,-2.276292439143246249e-01,6.838958362145609593e-01,1.345081676160950535e+00,2.243661523396125901e+00,-1.676704941358739820e+00,7.254438255489531473e-01
1.763579404731616020e+09,-2.288171360810735966e-01,6.833830344009348412e-01,1.347710717198427721e+00,2.244778848311145492e+00,-1.678669003183621111e+00,7.247595010298342189e-01
1.763579404745304823e+09,-2.297874590783012816e-01,6.827681424360666496e-01,1.350413153345849659e+00,2.245846086277689668e+00,-1.680997817665782046e+00,7.235760450484027828e-01
1.763579404758993864e+09,-2.304351235787784336e-01,6.820529696829741306e-01,1.353213683674416190e+00,2.246825010393559197e+00,-1.683679046524414691e+00,7.218172393610344795e-01
1.763579404772682667e+09,-2.306442372242675232e-01,6.812369774593489691e-01,1.356140891061842435e+00,2.247677735540289934e+00,-1.686700497812747335e+00,7.193957472216342408e-01
1.763579404786371469e+09,-2.303549655843419586e-01,6.803306200124188408e-01,1.359205209027068983e+00,2.248366551608222075e+00,-1.690050132745365197e+00,7.162809433445422869e-01
1.763579404800060511e+09,-2.296639003547053803e-01,6.793742252452279473e-01,1.362367655863237603e+00,2.248855815296267657e+00,-1.693717750050834470e+00,7.125992629851781723e-01
1.763579404813749313e+09,-2.287300022171417091e-01,6.784198375862441344e-01,1.365569462734300243e+00,2.249110675725936037e+00,-1.697693427024533630e+00,7.085398442830735943e-01
1.763579404827438354e+09,-2.277024239874841371e-01,6.775176656085889482e-01,1.368755091189437278e+00,2.249096211386601762e+00,-1.701967504539287024e+00,7.042817555362472781e-01
1.763579404841127157e+09,-2.266952037087448524e-01,6.766829481507355970e-01,1.371901785106176330e+00,2.248799188023527851e+00,-1.706534102093903327e+00,6.999417395463853886e-01
1.763579404854815960e+09,-2.257515028532521006e-01,6.758700484082965643e-01,1.375045729058362198e+00,2.248242698980913445e+00,-1.711394418360685066e+00,6.955193410064467452e-01
1.763579404868505001e+09,-2.249109518359275750e-01,6.750291082239543439e-01,1.378227068537576594e+00,2.247452474332842787e+00,-1.716550147343133492e+00,6.910072295186140412e-01
1.763579404882193804e+09,-2.242149877617392872e-01,6.741130440865239493e-01,1.381482158895043444e+00,2.246453182810720595e+00,-1.722002778164249293e+00,6.864013565083569857e-01
1.763579404895882845e+09,-2.237481520714708072e-01,6.731195685791628858e-01,1.384793336163422373e+00,2.245248863633468428e+00,-1.727753074237010411e+00,6.817655015517989359e-01
1.763579404909571648e+09,-2.236251400829690483e-01,6.720783159189407385e-01,1.388103871507207598e+00,2.243829158340685304e+00,-1.733800687462700996e+00,6.772115148740429635e-01
1.763579404923260450e+09,-2.239607256580033179e-01,6.710181110715368602e-01,1.391358023482343942e+00,2.242183795327474360e+00,-1.740145962141690150e+00,6.728504534658593661e-01
1.763579404936949492e+09,-2.248294906084172817e-01,6.699671881676790841e-01,1.394518059186486525e+00,2.240310737919446904e+00,-1.746771671236191148e+00,6.687599015608086672e-01
1.763579404950638294e+09,-2.261614234770731868e-01,6.689469093267679245e-01,1.397617083537057825e+00,2.238238585330527108e+00,-1.753599990928527586e+00,6.648920496275865233e-01
1.763579404964327335e+09,-2.278505794453275779e-01,6.679788469665289830e-01,1.400702587501840179e+00,2.236003194217343282e+00,-1.760536899429093971e+00,6.611705279125595913e-01
1.763579404978016138e+09,-2.297902932406510890e-01,6.670826865536279016e-01,1.403825762601758953e+00,2.233640841658811382e+00,-1.767489325809658451e+00,6.575156121507766960e-01
1.763579404991704941e+09,-2.319067653416861940e-01,6.663126679544029152e-01,1.406964283747546451e+00,2.231176790586370640e+00,-1.774350908899229751e+00,6.539252972432014754e-01
1.763579405005393982e+09,-2.341650597203840389e-01,6.657634599017282495e-01,1.410011157962174355e+00,2.228622855366843680e+00,-1.781000218507872601e+00,6.504877741850807471e-01
1.763579405019082785e+09,-2.365342663648112298e-01,6.655339975351431958e-01,1.412849098310200446e+00,2.225990155441839757e+00,-1.787313240686734472e+00,6.473018272740189705e-01
1.763579405032771826e+09,-2.389803799468577239e-01,6.657038064946098066e-01,1.415379059487632984e+00,2.223295222799593240e+00,-1.793180339682869162e+00,6.444492282262571647e-01
1.763579405046460629e+09,-2.414468337370479223e-01,6.661887412702552913e-01,1.417633517577640223e+00,2.220611004099378949e+00,-1.798599397393541244e+00,6.418874507769033455e-01
1.763579405060149431e+09,-2.438639225804170862e-01,6.668083122516934580e-01,1.419726798111408561e+00,2.218039895053169452e+00,-1.803636780125544403e+00,6.394980318680327791e-01
1.763579405073838472e+09,-2.461612631117797434e-01,6.673799691883092189e-01,1.421770728540981077e+00,2.215689348976808581e+00,-1.808354244233701502e+00,6.371629173934968415e-01
1.763579405087527275e+09,-2.482780700275286634e-01,6.677684604925346878e-01,1.423860651849618852e+00,2.213626172862489749e+00,-1.812816208042649313e+00,6.347912929992629572e-01
1.763579405101216316e+09,-2.501777126833097387e-01,6.679586644103397974e-01,1.426042631942066485e+00,2.211822050828976316e+00,-1.817083267711428807e+00,6.323650183596031260e-01
1.763579405114905119e+09,-2.518307528684409213e-01,6.679718343103596689e-01,1.428348995700075008e+00,2.210218290195831603e+00,-1.821216728441573229e+00,6.298872559769277402e-01
1.763579405128593922e+09,-2.532073277907667119e-01,6.678233474079208198e-01,1.430813432183651424e+00,2.208761788364195233e+00,-1.825276976620132219e+00,6.273579500099885076e-01
1.763579405142282963e+09,-2.542933486426336431e-01,6.675165869564475551e-01,1.433460611740823509e+00,2.207405057359218770e+00,-1.829327405910720739e+00,6.247616064152863302e-01
1.763579405155971766e+09,-2.550963569766558359e-01,6.670352718658958402e-01,1.436302558538759433e+00,2.206113887399851148e+00,-1.833432001113692422e+00,6.220618952377160449e-01
1.763579405169660807e+09,-2.556231708292416305e-01,6.663613845101936661e-01,1.439352878957054882e+00,2.204853385486067019e+00,-1.837657264995108619e+00,6.192197075684111596e-01
1.763579405183349609e+09,-2.558894121390580811e-01,6.654893984353758007e-01,1.442613298900854213e+00,2.203589203727630341e+00,-1.842057137910487752e+00,6.162109231353177785e-01
1.763579405197038412e+09,-2.559596615513439755e-01,6.644963278388213990e-01,1.446017172012590946e+00,2.202283946400820369e+00,-1.846611848679775347e+00,6.131067123802238505e-01
1.763579405210727453e+09,-2.559285777906334935e-01,6.635084732451100864e-01,1.449456138972557984e+00,2.200898974447913936e+00,-1.851256830893280636e+00,6.100354515486824392e-01
1.763579405224416256e+09,-2.558889858358538438e-01,6.626495386965632894e-01,1.452824169686292688e+00,2.199395547841366927e+00,-1.855929975531987353e+00,6.071224728124661185e-01
1.763579405238105059e+09,-2.559328517888037058e-01,6.620196764669935563e-01,1.456024689402458439e+00,2.197747546553741937e+00,-1.860580151004759042e+00,6.044812083048690665e-01
1.763579405251794100e+09,-2.561496114399501312e-01,6.616487356233574646e-01,1.458990102190513616e+00,2.195965329874450145e+00,-1.865190462001788951e+00,6.021897237261887303e-01
1.763579405265482903e+09,-2.566243152618193912e-01,6.615511439750852984e-01,1.461660682615443685e+00,2.194065668314639339e+00,-1.869751950012068731e+00,6.003145780687326738e-01
1.763579405279171944e+09,-2.574448078266260986e-01,6.617427286508361650e-01,1.463975080280592644e+00,2.192065749775217842e+00,-1.874254711558651199e+00,5.989256793679436086e-01
1.763579405292860746e+09,-2.585951066677264487e-01,6.621845245914810274e-01,1.465941058948927234e+00,2.189963279675514851e+00,-1.878736816018170774e+00,5.979624294501750814e-01
1.763579405306549549e+09,-2.599547487481973507e-01,6.627826931050124770e-01,1.467636124409356979e+00,2.187736108761980880e+00,-1.883284818828606433e+00,5.972329705787654541e-01
1.763579405320238590e+09,-2.613940133126417820e-01,6.634380546017052405e-01,1.469144017503583699e+00,2.185360318583062789e+00,-1.887990128087456920e+00,5.965333295613305387e-01
1.763579405333927393e+09,-2.627963657567335964e-01,6.640579736057646842e-01,1.470545008224207972e+00,2.182816175620188481e+00,-1.892937451041565078e+00,5.956753081529150284e-01
1.763579405347616434e+09,-2.641116898901071930e-01,6.645757716521947245e-01,1.471911150469683349e+00,2.180105699850558576e+00,-1.898187273272324616e+00,5.945409295010417594e-01
1.763579405361305237e+09,-2.653252343447627948e-01,6.649421494115367315e-01,1.473307478801585413e+00,2.177242702586668521e+00,-1.903782167794137781e+00,5.930541733353663636e-01
1.763579405374994040e+09,-2.664185088760017694e-01,6.651020122660036282e-01,1.474801905780752431e+00,2.174239482165032378e+00,-1.909771949273719738e+00,5.911296733752682275e-01
1.763579405388683081e+09,-2.673789787190379852e-01,6.650301718704714204e-01,1.476449462744260366e+00,2.171112085484154797e+00,-1.916168074906140495e+00,5.887217645252246223e-01
1.763579405402371883e+09,-2.681991844522955692e-01,6.647518859813740244e-01,1.478284498876510700e+00,2.167882152099427806e+00,-1.922915767009543364e+00,5.858489528840212790e-01
1.763579405416060925e+09,-2.688745074875043550e-01,6.643068024831038088e-01,1.480334809846390209e+00,2.164572626089691365e+00,-1.929942445110012894e+00,5.825486397938171024e-01
1.763579405429749727e+09,-2.694010072028430458e-01,6.637314695591275404e-01,1.482626591312890207e+00,2.161206438678994424e+00,-1.937179327682933883e+00,5.788562513076320748e-01
1.763579405443438530e+09,-2.698126597779644809e-01,6.630789034491780809e-01,1.485106762465479679e+00,2.157803355182983829e+00,-1.944552744777337194e+00,5.748713548737451884e-01
1.763579405457127571e+09,-2.701826720942323012e-01,6.624140933149165189e-01,1.487641601605852015e+00,2.154380994137732763e+00,-1.951988938559224396e+00,5.707553798841998871e-01
1.763579405470816374e+09,-2.705846759106152466e-01,6.618052599856427687e-01,1.490094499828622743e+00,2.150955811686958707e+00,-1.959411252249617652e+00,5.666733013203094638e-01
1.763579405484505415e+09,-2.710889411679572869e-01,6.613054314794090116e-01,1.492345945408962926e+00,2.147551671986829724e+00,-1.966753627455605002e+00,5.627728623195749069e-01
1.763579405498194218e+09,-2.717436081362070155e-01,6.609019860990308359e-01,1.494363653110911017e+00,2.144225727045209418e+00,-1.973990556051913758e+00,5.591192414187982074e-01
1.763579405511883020e+09,-2.725864960422713645e-01,6.605491028922113594e-01,1.496158134652995075e+00,2.141051646706396028e+00,-1.981118104800998259e+00,5.557365528213038530e-01
1.763579405525572062e+09,-2.736564771388303452e-01,6.602041041802348964e-01,1.497735851435898935e+00,2.138101622913595623e+00,-1.988130075647171591e+00,5.526528805257527877e-01
1.763579405539260864e+09,-2.749727636327481961e-01,6.598445854753273165e-01,1.499108391031902077e+00,2.135426968735054665e+00,-1.995022973012431144e+00,5.498901164166977162e-01
1.763579405552949905e+09,-2.765112973404895147e-01,6.595013370598898916e-01,1.500292758670614957e+00,2.133027263684893704e+00,-2.001797319194592806e+00,5.474625266555028791e-01
1.763579405566638708e+09,-2.782401954646459563e-01,6.592108063027185549e-01,1.501308090658956873e+00,2.130895152797464664e+00,-2.008454248120660424e+00,5.453809067447132897e-01
1.763579405580327511e+09,-2.801244243126059796e-01,6.590075374753825432e-01,1.502174993301469419e+00,2.129022152878408125e+00,-2.014995527121123953e+00,5.436522346379092374e-01
1.763579405594016552e+09,-2.820541227320039757e-01,6.588596911348917340e-01,1.502955106813740560e+00,2.127391225586898305e+00,-2.021433606018682827e+00,5.421840515658071791e-01
1.763579405607705355e+09,-2.838659324365219727e-01,6.586881646299260762e-01,1.503739191987767398e+00,2.125978561244942888e+00,-2.027787881383865898e+00,5.408130701901826543e-01
1.763579405621394396e+09,-2.853919379279417634e-01,6.584106669552948210e-01,1.504620535210035248e+00,2.124760387944831130e+00,-2.034079362948675751e+00,5.393702251859876506e-01
1.763579405635083199e+09,-2.865063154566168113e-01,6.579762946184963823e-01,1.505666787009487084e+00,2.123705521752422332e+00,-2.040315391420658653e+00,5.377411472516149260e-01
1.763579405648772001e+09,-2.872067510521468248e-01,6.574321338236431833e-01,1.506867228856055618e+00,2.122756737989690112e+00,-2.046463905917885295e+00,5.359763780550655943e-01
1.763579405662461042e+09,-2.875296376402926568e-01,6.568507370272860246e-01,1.508189572995449979e+00,2.121851972744807746e+00,-2.052481199667295808e+00,5.341737519536511325e-01
1.763579405676149845e+09,-2.875052742530277983e-01,6.563053942618962688e-01,1.509602154032765986e+00,2.120927070734154984e+00,-2.058324428588063082e+00,5.324277023613532833e-01
1.763579405689838886e+09,-2.871845278605086871e-01,6.558148182467716802e-01,1.511100219405434375e+00,2.119955643979503979e+00,-2.063955721173813540e+00,5.307993821971003223e-01
1.763579405703527689e+09,-2.866357620162485742e-01,6.553333653882691401e-01,1.512711605303539875e+00,2.118953886320857904e+00,-2.069344317390942489e+00,5.293057349372357612e-01
1.763579405717216492e+09,-2.859313490482320308e-01,6.548076758901756333e-01,1.514468111823787932e+00,2.117943892434802411e+00,-2.074459216577542175e+00,5.279605102612099365e-01
1.763579405730905533e+09,-2.851416832761695108e-01,6.541877701914298182e-01,1.516395956450571569e+00,2.116943646617092778e+00,-2.079274385421675309e+00,5.267749401445062096e-01
1.763579405744594336e+09,-2.843391264098020232e-01,6.534311793239322430e-01,1.518482144121462207e+00,2.115957897239281849e+00,-2.083793373226546564e+00,5.257439115833083543e-01
1.763579405758283377e+09,-2.835934482155408332e-01,6.525054299163274285e-01,1.520685655349393928e+00,2.114976870112949214e+00,-2.088044753632242401e+00,5.248487453566459404e-01
1.763579405771972179e+09,-2.829781671232025064e-01,6.513731037090949583e-01,1.522966572150445064e+00,2.113996435808943808e+00,-2.092051886722021248e+00,5.240735439950937602e-01
1.763579405785660982e+09,-2.825473018575472839e-01,6.500207452975734768e-01,1.525290767739357678e+00,2.112987158023126977e+00,-2.095855865474625102e+00,5.233925294984964616e-01
1.763579405799350023e+09,-2.822989382486002508e-01,6.485027006936417981e-01,1.527647310801256264e+00,2.111849504448647163e+00,-2.099543045789965312e+00,5.227545057512031912e-01
1.763579405813038826e+09,-2.822093015513645886e-01,6.468999693758582525e-01,1.530033190641543861e+00,2.110456194138633279e+00,-2.103218183021638321e+00,5.220978217280558553e-01
1.763579405826727867e+09,-2.822579846173320917e-01,6.452894761820811009e-01,1.532444491903746986e+00,2.108684480203967482e+00,-2.106983332909284190e+00,5.213626572717434682e-01
1.763579405840416670e+09,-2.824446373011644251e-01,6.437263596944697852e-01,1.534868040101368125e+00,2.106453969129430615e+00,-2.110939216271015439e+00,5.205014609237558210e-01
1.763579405854105473e+09,-2.828071666069211787e-01,6.422238146909078349e-01,1.537273904120599388e+00,2.103761816837139254e+00,-2.115181199708893178e+00,5.194899293249132244e-01
1.763579405867794514e+09,-2.833854888904876468e-01,6.407929178533230408e-01,1.539631209238740528e+00,2.100609445691164812e+00,-2.119804820857214889e+00,5.183049653478642993e-01
1.763579405881483316e+09,-2.842229653485193186e-01,6.394454365665109830e-01,1.541905840240477277e+00,2.097006524933448635e+00,-2.124898305323223546e+00,5.169300338146930462e-01
1.763579405895172358e+09,-2.853844237784580740e-01,6.382099094804440931e-01,1.544040296415399416e+00,2.093011575692959259e+00,-2.130494020384032350e+00,5.153990085314656966e-01
1.763579405908861160e+09,-2.869454721712310086e-01,6.371232217871531933e-01,1.545964710825665778e+00,2.088711813790296024e+00,-2.136591944555429112e+00,5.137730042952002307e-01
1.763579405922549963e+09,-2.889841934657149669e-01,6.362228273997110328e-01,1.547607748626714130e+00,2.084193522701460743e+00,-2.143194128679560606e+00,5.121145253333193592e-01
1.763579405936239004e+09,-2.915186319974297779e-01,6.355340885127550576e-01,1.548933297188732183e+00,2.079544447010465813e+00,-2.150276409611404205e+00,5.104413980205965151e-01
1.763579405949927807e+09,-2.944336742163816689e-01,6.350566604736331833e-01,1.549980878435641918e+00,2.074855431893209090e+00,-2.157757249674270739e+00,5.086720087981521088e-01
1.763579405963616848e+09,-2.975938373081497001e-01,6.347851461704889786e-01,1.550804117251406877e+00,2.070216982406545281e+00,-2.165546703223895530e+00,5.067093488596852158e-01
1.763579405977305651e+09,-3.008644005017359069e-01,6.347147365804741703e-01,1.551455067610401306e+00,2.065719866567663043e+00,-2.173554786166790986e+00,5.044572434442315956e-01
1.763579405990994453e+09,-3.042034607564036430e-01,6.348377118916830320e-01,1.551978536197074154e+00,2.061440855045909348e+00,-2.181730127255240070e+00,5.018909771777054774e-01
1.763579406004683495e+09,-3.076477439256851687e-01,6.351444299990477438e-01,1.552411269709740971e+00,2.057443788129774465e+00,-2.190054327150299684e+00,4.990464532365616046e-01
1.763579406018372297e+09,-3.112391798236906482e-01,6.356250629119121198e-01,1.552790595762186587e+00,2.053794122162102553e+00,-2.198509974440962633e+00,4.959639880940565626e-01
1.763579406032061338e+09,-3.150100891306525930e-01,6.362679532388507697e-01,1.553150609426129369e+00,2.050543980545110223e+00,-2.207082394466470809e+00,4.926743718811421036e-01
1.763579406045750141e+09,-3.189486760367960527e-01,6.370496141678878566e-01,1.553512893828967734e+00,2.047687684214283710e+00,-2.215768684063767147e+00,4.891643938428936189e-01
1.763579406059438944e+09,-3.230191673277150177e-01,6.379417913716332045e-01,1.553891209009931718e+00,2.045185656365640980e+00,-2.224572066167430862e+00,4.853978881070317719e-01
1.763579406073127985e+09,-3.271884852262926802e-01,6.389149811832059989e-01,1.554301197942575152e+00,2.043004506124543873e+00,-2.233496260762417585e+00,4.813394432130429501e-01
1.763579406086816788e+09,-3.314248347259643457e-01,6.399521177754056156e-01,1.554751679195180314e+00,2.041094448200821088e+00,-2.242536695944206571e+00,4.769679261372011814e-01
1.763579406100505590e+09,-3.357056583556601304e-01,6.410628092768926312e-01,1.555239055252936708e+00,2.039378700757316754e+00,-2.251671972258538990e+00,4.722969232968690090e-01
1.763579406114194632e+09,-3.400094113647453287e-01,6.422641016239150069e-01,1.555756038180431400e+00,2.037771615413777937e+00,-2.260876011172833877e+00,4.673481275284280811e-01
1.763579406127883434e+09,-3.443129181506427994e-01,6.435718510714989460e-01,1.556296293737004621e+00,2.036188926423427858e+00,-2.270122096445831517e+00,4.621429253149166305e-01
1.763579406141572475e+09,-3.485370478835529973e-01,6.450151238863780501e-01,1.556861801378799148e+00,2.034524593850242535e+00,-2.279354582698760456e+00,4.567004854337771147e-01
1.763579406155261278e+09,-3.525356336590621531e-01,6.466362668654368484e-01,1.557465226343538678e+00,2.032648862920920951e+00,-2.288482376744621849e+00,4.510393578004075477e-01
1.763579406168950081e+09,-3.561590891350460697e-01,6.484796006527026035e-01,1.558119499562770960e+00,2.030430038323071340e+00,-2.297413109621126548e+00,4.451761409631541655e-01
1.763579406182639122e+09,-3.592925114978811063e-01,6.505724654715488997e-01,1.558834549420070159e+00,2.027752389552230028e+00,-2.306070309140903163e+00,4.391447902501142697e-01
1.763579406196327925e+09,-3.620297502355157016e-01,6.528450155121250376e-01,1.559600681384879728e+00,2.024594180660501674e+00,-2.314473631192111913e+00,4.330764575796389737e-01
1.763579406210016966e+09,-3.645623713046023395e-01,6.551816638310131724e-01,1.560399342563996150e+00,2.020978006546179095e+00,-2.322688335731774245e+00,4.271475043198501020e-01
1.763579406223705769e+09,-3.670789526954540971e-01,6.574682688949204934e-01,1.561212016429603500e+00,2.016924491481735693e+00,-2.330777843247405112e+00,4.215335881618411107e-01
1.763579406237394571e+09,-3.696921998561688572e-01,6.596102719748253573e-01,1.562038241666654725e+00,2.012456911438193607e+00,-2.338772293252715073e+00,4.163574366156118645e-01
1.763579406251083612e+09,-3.723714861153267219e-01,6.615492888515964731e-01,1.562911839330736186e+00,2.007600745887312410e+00,-2.346638666556856379e+00,4.116430714776227462e-01
1.763579406264772415e+09,-3.750680247854205618e-01,6.632329989591663200e-01,1.563869867232449806e+00,2.002382869693594358e+00,-2.354335061176411781e+00,4.074028019514200349e-01
1.763579406278461456e+09,-3.777335832845308272e-01,6.646114555335650431e-01,1.564947973633750600e+00,1.996830945318178951e+00,-2.361820019479480504e+00,4.036487803419682718e-01
1.763579406292150259e+09,-3.803091323623856712e-01,6.656912970891795123e-01,1.566150771491465976e+00,1.990996664737053168e+00,-2.369033786300825728e+00,4.003959244742426038e-01
1.763579406305839062e+09,-3.827320871214390241e-01,6.665130243551492528e-01,1.567463750079703289e+00,1.984946534340147117e+00,-2.375908858456086126e+00,3.976598429358136344e-01
1.763579406319528103e+09,-3.849363879448496339e-01,6.671199915047312246e-01,1.568871537505810876e+00,1.978746887608757277e+00,-2.382373582387264044e+00,3.954578245267100778e-01
1.763579406333216906e+09,-3.868782634897842132e-01,6.675376742846411693e-01,1.570363961832617727e+00,1.972470896202416224e+00,-2.388383413334969063e+00,3.937933264322331928e-01
1.763579406346905947e+09,-3.885799206829991803e-01,6.677357716271101751e-01,1.571947867656634301e+00,1.966215252311052764e+00,-2.393973309407388950e+00,3.926293324535148899e-01
1.763579406360594749e+09,-3.900848913693063524e-01,6.676679984808936430e-01,1.573634788553052610e+00,1.960081435632856861e+00,-2.399205602554699723e+00,3.919139837563576645e-01
1.763579406374283552e+09,-3.914365760941175276e-01,6.672857840526318363e-01,1.575437030105979463e+00,1.954174383568836548e+00,-2.404140096991319808e+00,3.915979119029190936e-01
1.763579406387972593e+09,-3.926421856058494586e-01,6.665969465097912883e-01,1.577350174644239100e+00,1.948545289849844764e+00,-2.408818336346969069e+00,3.916289483222404888e-01
1.763579406401661396e+09,-3.936546669006618648e-01,6.656918852586830582e-01,1.579345219551341106e+00,1.943167906586711124e+00,-2.413250831995383372e+00,3.919537720630857924e-01
1.763579406415350437e+09,-3.944180110523477500e-01,6.646736955084636689e-01,1.581389533225748822e+00,1.938004524171088150e+00,-2.417444055672424152e+00,3.925183860631328292e-01
1.763579406429039240e+09,-3.948847270627460215e-01,6.636408475833975862e-01,1.583451246523392530e+00,1.933016981351203922e+00,-2.421408534873460638e+00,3.932691934540148981e-01
1.763579406442728043e+09,-3.950739208897127153e-01,6.626721204324425019e-01,1.585497971126773598e+00,1.928141552283679561e+00,-2.425192433797411784e+00,3.941568710781062079e-01
1.763579406456417084e+09,-3.950670370538004739e-01,6.618242632273483306e-01,1.587498738602189485e+00,1.923293622831753202e+00,-2.428878300736359019e+00,3.951349235819258121e-01
1.763579406470105886e+09,-3.949410531100392974e-01,6.611584115291769814e-01,1.589420707591762350e+00,1.918388729579354468e+00,-2.432546455138564490e+00,3.961578844548870881e-01
1.763579406483794928e+09,-3.947771349695662346e-01,6.607130399709726376e-01,1.591244131299958564e+00,1.913351781001552787e+00,-2.436276424683551323e+00,3.971705847766087150e-01
1.763579406497483730e+09,-3.946551240742473543e-01,6.604493814104089866e-01,1.592996363402205073e+00,1.908149069401434472e+00,-2.440134187113768505e+00,3.980814641807187138e-01
1.763579406511172533e+09,-3.946562055039965489e-01,6.602990563179378380e-01,1.594722577977611744e+00,1.902761379065648795e+00,-2.444181950843959950e+00,3.987855023057059745e-01
1.763579406524861574e+09,-3.948607297327669796e-01,6.601963629595412053e-01,1.596466490596492926e+00,1.897168390887580491e+00,-2.448481775443958952e+00,3.991787637723011595e-01
1.763579406538550377e+09,-3.952952739312290409e-01,6.601125365589657346e-01,1.598252555066259406e+00,1.891346201167332097e+00,-2.453050458559245417e+00,3.991959699066183198e-01
1.763579406552239418e+09,-3.958914409576319571e-01,6.600864047696413106e-01,1.600070789231961665e+00,1.885261543235112081e+00,-2.457826343051097595e+00,3.988386626481286168e-01
1.763579406565928221e+09,-3.965742473857128969e-01,6.601609148806826255e-01,1.601908216590845146e+00,1.878882466943381235e+00,-2.462741619123141490e+00,3.981155563408746434e-01
1.763579406579617023e+09,-3.972707399062682665e-01,6.603770862615114812e-01,1.603751483089754126e+00,1.872179634171624585e+00,-2.467729797612297826e+00,3.970389529343893442e-01
1.763579406593306065e+09,-3.979710174862052252e-01,6.607182940163818241e-01,1.605586001680480157e+00,1.865186866796581633e+00,-2.472763490382538176e+00,3.956809867971736172e-01
1.763579406606994867e+09,-3.987042225735687451e-01,6.611324865330310274e-01,1.607396418246706871e+00,1.857977333244019702e+00,-2.477839505042880308e+00,3.941504011954008457e-01
1.763579406620683908e+09,-3.995011632618361008e-01,6.615655335577732554e-01,1.609167044872928054e+00,1.850626236450549245e+00,-2.482955508636716768e+00,3.925594211870203076e-01
1.763579406634372711e+09,-4.003848295256835499e-01,6.619761920174068726e-01,1.610885961497852126e+00,1.843193610511236757e+00,-2.488108527420039628e+00,3.909949431982258639e-01
1.763579406648061514e+09,-4.013574746615716227e-01,6.623579691255757629e-01,1.612551730244852433e+00,1.835697237762817791e+00,-2.493295187140904812e+00,3.894757177253417302e-01
1.763579406661750555e+09,-4.024147081202962273e-01,6.627154082818701442e-01,1.614166220049514822e+00,1.828141521163717309e+00,-2.498511850583549077e+00,3.879988180419198240e-01
1.763579406675439358e+09,-4.035531429096957945e-01,6.630513047498955981e-01,1.615730694518934696e+00,1.820533379357353709e+00,-2.503754669629835838e+00,3.865648074246585408e-01
1.763579406689128399e+09,-4.047688160797708878e-01,6.633695417745225642e-01,1.617246848802254888e+00,1.812877897938097282e+00,-2.509020121457797625e+00,3.851720480388888257e-01
1.763579406702817202e+09,-4.060580850649964102e-01,6.636733238684101588e-01,1.618716072916756232e+00,1.805181498762157277e+00,-2.514304341408569066e+00,3.838202951958783471e-01
1.763579406716506004e+09,-4.074171273303794361e-01,6.639662682269829030e-01,1.620139955902610618e+00,1.797449718168205424e+00,-2.519603725245775472e+00,3.825084494692988502e-01
1.763579406730195045e+09,-4.088422684576525912e-01,6.642517577451299005e-01,1.621520013211587008e+00,1.789688376578695284e+00,-2.524914678380635102e+00,3.812358752268801831e-01
1.763579406743883848e+09,-4.103296762139500564e-01,6.645332953889468985e-01,1.622857729261413473e+00,1.781903534748519258e+00,-2.530233323631760900e+00,3.800017367039701388e-01
1.763579406757572889e+09,-4.118756666328456939e-01,6.648143274993620899e-01,1.624154660118456883e+00,1.774100805844941675e+00,-2.535556156813733253e+00,3.788052617243912734e-01
1.763579406771261692e+09,-4.134764240538583713e-01,6.650983233173995979e-01,1.625412282878856862e+00,1.766286293633944293e+00,-2.540879301577590343e+00,3.776456787517048497e-01
1.763579406784950495e+09,-4.151282274462587685e-01,6.653887434058600725e-01,1.626632135704233040e+00,1.758465722835356404e+00,-2.546199160579598164e+00,3.765221994249937087e-01
1.763579406798639536e+09,-4.168273516439738313e-01,6.656890613146074775e-01,1.627815757906323046e+00,1.750644802361612795e+00,-2.551512135785861890e+00,3.754340131459600327e-01
1.763579406812328339e+09,-4.185699863209096927e-01,6.660027282201607113e-01,1.628964625283141787e+00,1.742829657952315259e+00,-2.556814351830566601e+00,3.743803789389004155e-01
1.763579406826017380e+09,-4.203524388475130547e-01,6.663332202000511462e-01,1.630080295952733849e+00,1.735025866607104117e+00,-2.562102302903353834e+00,3.733604744252421725e-01
1.763579406839706182e+09,-4.221708949565236013e-01,6.666839890728523121e-01,1.631164248590691424e+00,1.727239551391539951e+00,-2.567372114447807885e+00,3.723735529086049101e-01
1.763579406853394985e+09,-4.240216327061455126e-01,6.670585045777616129e-01,1.632218020688586568e+00,1.719476426365117439e+00,-2.572620188361945281e+00,3.714188124261849078e-01
1.763579406867084026e+09,-4.259009326554634711e-01,6.674602376977583074e-01,1.633243147511532545e+00,1.711742207706751229e+00,-2.577842925044461886e+00,3.704954540677168340e-01
1.763579406880772829e+09,-4.278049767733024256e-01,6.678926384062658927e-01,1.634241111081006892e+00,1.704043015277689310e+00,-2.583036452187174259e+00,3.696027265174932630e-01
1.763579406894461870e+09,-4.297300787791009102e-01,6.683591857325037466e-01,1.635213463901309172e+00,1.696384431569704310e+00,-2.588197260237211861e+00,3.687398153397401512e-01
1.763579406908150673e+09,-4.316724190766113578e-01,6.688633273426747294e-01,1.636161689817287268e+00,1.688772573870198190e+00,-2.593321479045392675e+00,3.679059672109307177e-01
1.763579406921839476e+09,-4.336282785448081767e-01,6.694085349129348383e-01,1.637087323673302119e+00,1.681213158858701595e+00,-2.598405508466397507e+00,3.671003834929925103e-01
1.763579406935528517e+09,-4.355939390038385817e-01,6.699982829815805951e-01,1.637991898740093211e+00,1.673711906867214827e+00,-2.603445745554854529e+00,3.663222675149618301e-01
1.763579406949217319e+09,-4.375655794489083927e-01,6.706360149163600459e-01,1.638876901221362870e+00,1.666274929710863661e+00,-2.608438324361860960e+00,3.655708630129902437e-01
1.763579406962906122e+09,-4.395394815629132812e-01,6.713252044495661153e-01,1.639743864741595170e+00,1.658907946656209331e+00,-2.613379642738309361e+00,3.648453728452115130e-01
1.763579406976595163e+09,-4.415119271855795779e-01,6.720693288995571724e-01,1.640594321668913169e+00,1.651616681842950740e+00,-2.618266094964360136e+00,3.641450016714442572e-01
1.763579406990283966e+09,-4.434790950762225181e-01,6.728718262560129393e-01,1.641429760091879020e+00,1.644407239775020901e+00,-2.623093820447232716e+00,3.634689905230929496e-01
1.763579407003973007e+09,-4.454373011396217663e-01,6.737361884619335051e-01,1.642251726860077365e+00,1.637285219973243722e+00,-2.627859296892080643e+00,3.628165324669994085e-01
1.763579407017661810e+09,-4.473827246297004123e-01,6.746658493212926988e-01,1.643061711055106233e+00,1.630256721048261914e+00,-2.632558667918535544e+00,3.621868668648229317e-01
1.763579407031350613e+09,-4.493116472653569393e-01,6.756642871936523465e-01,1.643861244795577825e+00,1.623327468608673163e+00,-2.637188326756915835e+00,3.615791987952009512e-01
1.763579407045039654e+09,-4.512203496077343834e-01,6.767349852455913917e-01,1.644651859475577016e+00,1.616503195195170051e+00,-2.641744661769821700e+00,3.609927348690866733e-01
1.763579407058728456e+09,-4.531050126456169780e-01,6.778813700739020343e-01,1.645435045264266538e+00,1.609789989024117629e+00,-2.646223823876086900e+00,3.604267121496308457e-01
1.763579407072417498e+09,-4.549619493943227733e-01,6.791069456298309825e-01,1.646212347197760995e+00,1.603193466935818101e+00,-2.650622278618182115e+00,3.598803275345487940e-01
1.763579407086106300e+09,-4.567873426606302578e-01,6.804151330873232650e-01,1.646985255902519096e+00,1.596719709182201408e+00,-2.654936182434034730e+00,3.593528166921510225e-01
1.763579407099795103e+09,-4.585774725234182392e-01,6.818094170209902938e-01,1.647755302670350197e+00,1.590374450353259750e+00,-2.659161922269787315e+00,3.588433865797289180e-01
1.763579407113484144e+09,-4.603286166952750280e-01,6.832932878331730020e-01,1.648524018554413884e+00,1.584163433801159870e+00,-2.663295879048994230e+00,3.583512454215155851e-01
1.763579407127172947e+09,-4.620369615718656897e-01,6.848701578818672253e-01,1.649292894522020880e+00,1.578092726551639569e+00,-2.667334218295655202e+00,3.578756269885902119e-01
1.763579407140861988e+09,-4.636988141248900019e-01,6.865435459286841624e-01,1.650063475068165308e+00,1.572167967619270801e+00,-2.671273390326577069e+00,3.574157313357042565e-01
1.763579407154550791e+09,-4.653103638718372181e-01,6.883168577084258777e-01,1.650837251090220503e+00,1.566395214034292049e+00,-2.675109567465989269e+00,3.569707911116376531e-01
1.763579407168239594e+09,-4.668678876374477982e-01,6.901935854816283467e-01,1.651615753705438783e+00,1.560780211873471046e+00,-2.678839128795324598e+00,3.565400148125306146e-01
1.763579407181928635e+09,-4.683676589449780048e-01,6.921772278421608471e-01,1.652400514159655165e+00,1.555328717231985403e+00,-2.682458446579930822e+00,3.561226119586713423e-01
1.763579407195617437e+09,-4.698058717417813446e-01,6.942711820092863917e-01,1.653193023384102345e+00,1.550046773210320250e+00,-2.685963702677202303e+00,3.557178136204033891e-01
1.763579407209306479e+09,-4.711788267661459750e-01,6.964789787704249724e-01,1.653994825318316542e+00,1.544940039622955563e+00,-2.689351333036114955e+00,3.553248225761144741e-01
1.763579407222995281e+09,-4.724827161476967130e-01,6.988040192878067769e-01,1.654807413006267991e+00,1.540014560665863064e+00,-2.692617519336824028e+00,3.549428685419452334e-01
1.763579407236684084e+09,-4.737138280686321590e-01,7.012497743992360810e-01,1.655632311000210688e+00,1.535276062306205613e+00,-2.695758652678305278e+00,3.545711625245797638e-01
1.763579407250373125e+09,-4.748683970093313111e-01,7.038198150052116242e-01,1.656471065818295507e+00,1.530730385748491962e+00,-2.698771051118887598e+00,3.542089123148345897e-01
1.763579407264061928e+09,-4.759426868924243048e-01,7.065174086828084343e-01,1.657325141357760323e+00,1.526383420743303798e+00,-2.701650994312587262e+00,3.538553517447899921e-01
1.763579407277750969e+09,-4.769330091201064437e-01,7.093460632577248681e-01,1.658196073571784668e+00,1.522240810617969675e+00,-2.704394927300761253e+00,3.535096872637887300e-01
1.763579407291439772e+09,-4.778376568655028356e-01,7.123052236838834927e-01,1.659084446934637747e+00,1.518304178155867490e+00,-2.707001815756014729e+00,3.531713156441600443e-01
1.763579407305128574e+09,-4.786566578985284592e-01,7.153913114506097459e-01,1.659990161166657430e+00,1.514571392566965713e+00,-2.709472994946487745e+00,3.528397514660788215e-01
1.763579407318817616e+09,-4.793901417240531426e-01,7.186005539113839991e-01,1.660913070448887252e+00,1.511040110901974431e+00,-2.711809933150587604e+00,3.525145184871887882e-01
1.763579407332506418e+09,-4.800381761186988672e-01,7.219290551434390801e-01,1.661852991071037122e+00,1.507708223702407313e+00,-2.714013945778819714e+00,3.521951554478803814e-01
1.763579407346195459e+09,-4.806008929168339439e-01,7.253731168444621513e-01,1.662809797293510305e+00,1.504573348902711327e+00,-2.716086527527157735e+00,3.518811799112873673e-01
1.763579407359884262e+09,-4.810783718454842983e-01,7.289288236005451171e-01,1.663783301620135546e+00,1.501633350621554452e+00,-2.718029010953831648e+00,3.515721307106752236e-01
1.763579407373573065e+09,-4.814707287514063405e-01,7.325924277479703983e-01,1.664773363809900042e+00,1.498885914941971542e+00,-2.719842845935662279e+00,3.512675307182041573e-01
1.763579407387262106e+09,-4.817780700397163995e-01,7.363601957576199064e-01,1.665779846299420885e+00,1.496328748742411952e+00,-2.721529468742054370e+00,3.509669028322602302e-01
1.763579407400950909e+09,-4.820004888194469594e-01,7.402281924845627303e-01,1.666802557914834892e+00,1.493959686588727243e+00,-2.723090231309998721e+00,3.506697857837007271e-01
1.763579407414639950e+09,-4.821380955133329760e-01,7.441927508309620354e-01,1.667841378658982743e+00,1.491776393795912981e+00,-2.724526597217058033e+00,3.503756973783994089e-01
1.763579407428328753e+09,-4.821909886349075025e-01,7.482499297542908323e-01,1.668896116452020184e+00,1.489776692974080552e+00,-2.725839926445647432e+00,3.500841760783739431e-01
1.763579407442017555e+09,-4.821592742782659369e-01,7.523959952396028772e-01,1.669966633505604037e+00,1.487958291804588162e+00,-2.727031654629633373e+00,3.497947449332711733e-01
1.763579407455706596e+09,-4.820430528287748539e-01,7.566272191144797210e-01,1.671052793050085583e+00,1.486318910209276423e+00,-2.728103209176823363e+00,3.495069271533655098e-01
1.763579407469395399e+09,-4.818424313833589157e-01,7.609396515343588296e-01,1.672154401468771256e+00,1.484856352394871015e+00,-2.729055962435573690e+00,3.492202609613719311e-01
1.763579407483084440e+09,-4.815575060549978637e-01,7.653296400791785858e-01,1.673271341327693396e+00,1.483568314357298856e+00,-2.729891357368113169e+00,3.489342645616726468e-01
1.763579407496773243e+09,-4.811883898421810413e-01,7.697932293268949788e-01,1.674403417927111670e+00,1.482452588012175942e+00,-2.730610774582154843e+00,3.486484761155589363e-01
1.763579407510462046e+09,-4.807351816008338385e-01,7.743266926013141482e-01,1.675550494791596678e+00,1.481506896467721823e+00,-2.731215639349173330e+00,3.483624188442948633e-01
1.763579407524151087e+09,-4.801979743223603325e-01,7.789263081054804694e-01,1.676712436493348557e+00,1.480728974690737276e+00,-2.731707368952059678e+00,3.480756159499343028e-01
1.763579407537839890e+09,-4.795768898023948235e-01,7.835881130978171738e-01,1.677889046761026792e+00,1.480116596808197738e+00,-2.732087355981875021e+00,3.477876056226117951e-01
1.763579407551528931e+09,-4.788720094900911217e-01,7.883084673610798454e-01,1.679080210780823590e+00,1.479667488467793390e+00,-2.732357023426066345e+00,3.474979060184838486e-01
1.763579407565217733e+09,-4.780834610210077940e-01,7.930834039492828946e-01,1.680285731263791993e+00,1.479379412344275613e+00,-2.732517771609948465e+00,3.472060554285292810e-01
1.763579407578906536e+09,-4.772113359282398881e-01,7.979092021134051027e-01,1.681505473035801446e+00,1.479250106263983566e+00,-2.732571015885061794e+00,3.469115770297265811e-01
1.763579407592595577e+09,-4.762557199222297033e-01,8.027821446478680123e-01,1.682739301913498853e+00,1.479277319114519207e+00,-2.732518164113318271e+00,3.466139938159795153e-01
1.763579407606284380e+09,-4.752167493724489544e-01,8.076982592916662762e-01,1.683987019121806927e+00,1.479458796978884605e+00,-2.732360627854387047e+00,3.463128443528735723e-01
1.763579407619973421e+09,-4.740944911716746257e-01,8.126539146856240903e-01,1.685248512323730852e+00,1.479792293157374816e+00,-2.732099811371983211e+00,3.460076463388997992e-01
1.763579407633662224e+09,-4.728890874941019118e-01,8.176451356875701348e-01,1.686523581780551284e+00,1.480275543064086374e+00,-2.731737133469904322e+00,3.456979386048934511e-01
1.763579407647351027e+09,-4.716006225989811673e-01,8.226682058122177787e-01,1.687812093549823755e+00,1.480906298253864772e+00,-2.731274000199015006e+00,3.453832440784450619e-01
1.763579407661040068e+09,-4.702291749588261571e-01,8.277194107931337141e-01,1.689113914625603341e+00,1.481682320557996535e+00,-2.730711810611622603e+00,3.450630853397234632e-01
1.763579407674728870e+09,-4.687748954279550295e-01,8.327947721598516484e-01,1.690428843864416830e+00,1.482601329975880233e+00,-2.730051994009381033e+00,3.447370017406968801e-01
1.763579407688417912e+09,-4.672378364322486988e-01,8.378906641003760480e-01,1.691756771270532367e+00,1.483661105499021859e+00,-2.729295937159548657e+00,3.444045101113001883e-01
1.763579407702106714e+09,-4.656181545948502309e-01,8.430031065876339991e-01,1.693097494791102386e+00,1.484859357242698685e+00,-2.728445076116858381e+00,3.440651502330993594e-01
1.763579407715795517e+09,-4.639159269460506052e-01,8.481283857443555618e-01,1.694450881647530549e+00,1.486193849509260589e+00,-2.727500808245328923e+00,3.437184445788629694e-01
1.763579407729484558e+09,-4.621312247652952232e-01,8.532627885875853080e-01,1.695816799943455910e+00,1.487662356092731342e+00,-2.726464524401460920e+00,3.433639151095899122e-01
1.763579407743173361e+09,-4.602642133020071191e-01,8.584023337487770577e-01,1.697195046302673260e+00,1.489262572870854617e+00,-2.725337670401277279e+00,3.430011023745016541e-01
1.763579407756862402e+09,-4.583149306049171812e-01,8.635433976517238319e-01,1.698585512935045116e+00,1.490992302564385641e+00,-2.724121616743197194e+00,3.426295219241055068e-01
1.763579407770551205e+09,-4.562835476563625314e-01,8.686819986958516093e-01,1.699987995609260727e+00,1.492849231951752120e+00,-2.722817815505251815e+00,3.422487149015678853e-01
1.763579407784240007e+09,-4.541701343025480453e-01,8.738144239562111171e-01,1.701402362642737476e+00,1.494831137101826579e+00,-2.721427655978427396e+00,3.418582031194002946e-01
1.763579407797929049e+09,-4.519747546747425182e-01,8.789369600775953639e-01,1.702828483180856889e+00,1.496935802790355874e+00,-2.719952521437254855e+00,3.414575077139975767e-01
1.763579407811617851e+09,-4.496975883276995711e-01,8.840456261048178499e-01,1.704266151750360114e+00,1.499160902735436673e+00,-2.718393872984458337e+00,3.410461708427020566e-01
1.763579407825306892e+09,-4.473386590227728665e-01,8.891367973860241358e-01,1.705715262631026574e+00,1.501504261425068210e+00,-2.716753066077284728e+00,3.406237063657262532e-01
1.763579407838995695e+09,-4.448981520117225030e-01,8.942064940585736643e-01,1.707175609548762241e+00,1.503963544262834517e+00,-2.715031567589403672e+00,3.401896571987048645e-01
1.763579407852684498e+09,-4.423761300015531250e-01,8.992510024941205993e-01,1.708647061849158266e+00,1.506536538103128153e+00,-2.713230759352597499e+00,3.397435442884582102e-01
1.763579407866373539e+09,-4.397726500202411293e-01,9.042666073094919321e-01,1.710129489651502910e+00,1.509221037722418890e+00,-2.711352017673255066e+00,3.392848877413435771e-01
1.763579407880062342e+09,-4.370879058381013649e-01,9.092493312742911948e-01,1.711622685521156040e+00,1.512014696641158062e+00,-2.709396817713148220e+00,3.388132317336918775e-01
1.763579407893751144e+09,-4.343219559001679220e-01,9.141954595433924302e-01,1.713126519388051827e+00,1.514915307714164383e+00,-2.707366537123175654e+00,3.383280965943009644e-01
1.763579407907440186e+09,-4.314748529939901323e-01,9.191012747221000145e-01,1.714640861923254933e+00,1.517920671247449338e+00,-2.705262548323479788e+00,3.378290017128975364e-01
1.763579407921128988e+09,-4.285467993761213901e-01,9.239628034043750882e-01,1.716165504580425161e+00,1.521028429584654784e+00,-2.703086334321977535e+00,3.373154926744210136e-01
1.763579407934818029e+09,-4.255377961348411064e-01,9.287764123295547680e-01,1.717700344669004675e+00,1.524236437960391433e+00,-2.700839229063569213e+00,3.367870797800080473e-01
1.763579407948506832e+09,-4.224480511662568327e-01,9.335381313034649686e-01,1.719245172928649534e+00,1.527542331659470065e+00,-2.698522720541416842e+00,3.362433096358466988e-01
1.763579407962195635e+09,-4.192776158480177595e-01,9.382442421284387102e-01,1.720799860208928722e+00,1.530943912752628311e+00,-2.696138179929340684e+00,3.356837013763496191e-01
1.763579407975884676e+09,-4.160265359361962623e-01,9.428910227326704474e-01,1.722364278046273345e+00,1.534438989976999235e+00,-2.693686973661469253e+00,3.351077730325108806e-01
1.763579407989573479e+09,-4.126950277592765226e-01,9.474745087332008264e-01,1.723938216150043612e+00,1.538025188617784034e+00,-2.691170596840513962e+00,3.345150728656480221e-01
1.763579408003262520e+09,-4.092830783515606363e-01,9.519910571839986790e-01,1.725521573546844101e+00,1.541700380575630858e+00,-2.688590371562108672e+00,3.339051084183456974e-01
1.763579408016951323e+09,-4.057909096451799424e-01,9.564367082385455410e-01,1.727114139286303862e+00,1.545462184861714938e+00,-2.685947797423149819e+00,3.332774291375177889e-01
1.763579408030640125e+09,-4.022185659952826620e-01,9.608077386909159578e-01,1.728715785069788069e+00,1.549308411781688211e+00,-2.683244239734206005e+00,3.326315527577569098e-01
1.763579408044329166e+09,-3.985660861713480330e-01,9.651004201364773438e-01,1.730326383231252985e+00,1.553236877522803372e+00,-2.680481059557214163e+00,3.319669957458903919e-01
1.763579408058017969e+09,-3.948337004840227760e-01,9.693108005267818683e-01,1.731945721871436472e+00,1.557245192273823964e+00,-2.677659762862026671e+00,3.312833094504822884e-01
1.763579408071707010e+09,-3.910213820034003640e-01,9.734352239189992817e-01,1.733573701598429606e+00,1.561331242639432126e+00,-2.674781661122668908e+00,3.305799982446966934e-01
1.763579408085395813e+09,-3.871293666078661211e-01,9.774697441256969821e-01,1.735210109907508791e+00,1.565492633319169435e+00,-2.671848264312111088e+00,3.298566148270415388e-01
1.763579408099084616e+09,-3.831576916749526718e-01,9.814106312769759199e-01,1.736854819283998097e+00,1.569727181872603072e+00,-2.668860932491501803e+00,3.291126753268552863e-01
1.763579408112773657e+09,-3.791063890324309349e-01,9.852541489796613483e-01,1.738507702791541654e+00,1.574032710956102310e+00,-2.665821021964414062e+00,3.283476944413648568e-01
1.763579408126462460e+09,-3.749757028833404782e-01,9.889963608312482002e-01,1.740168547057931336e+00,1.578406817623994707e+00,-2.662730048340185007e+00,3.275612270172482687e-01
1.763579408140151501e+09,-3.707655924233355105e-01,9.926335945806750161e-01,1.741837254137068580e+00,1.582847401222998274e+00,-2.659589313698885071e+00,3.267527738473817722e-01
1.763579408153840303e+09,-3.664763073872867594e-01,9.961619210110275180e-01,1.743513610105553280e+00,1.587352054103019494e+00,-2.656400337161908265e+00,3.259218912927348555e-01
1.763579408167529106e+09,-3.621078782199952939e-01,9.995776019327177186e-01,1.745197488164830224e+00,1.591918600096542180e+00,-2.653164474154805941e+00,3.250680936719583802e-01
1.763579408181218147e+09,-3.576603298524088648e-01,1.002876891308313034e+00,1.746888762040396559e+00,1.596544867348051566e+00,-2.649883076836621498e+00,3.241908937072445762e-01
1.763579408194906950e+09,-3.531339202901906393e-01,1.006055871692682180e+00,1.748587217022770313e+00,1.601228441739442454e+00,-2.646557669228518872e+00,3.232898501542541547e-01
1.763579408208595991e+09,-3.485285949443243103e-01,1.009110851215101023e+00,1.750292756475989142e+00,1.605967233397462390e+00,-2.643189545244269745e+00,3.223644598147063500e-01
1.763579408222284794e+09,-3.438446173163966502e-01,1.012037920940604740e+00,1.752005165193651015e+00,1.610758824284387547e+00,-2.639780231926031284e+00,3.214142831229010455e-01
1.763579408235973597e+09,-3.390820109633627122e-01,1.014833332704201618e+00,1.753724317025485924e+00,1.615601043524617531e+00,-2.636331080677593253e+00,3.204388323813671668e-01
1.763579408249662638e+09,-3.342407939642310089e-01,1.017493329168484228e+00,1.755450086291004741e+00,1.620491723769751591e+00,-2.632843440127292656e+00,3.194376181318284158e-01
1.763579408263351440e+09,-3.293212380375195591e-01,1.020014015157129528e+00,1.757182257079130672e+00,1.625428441691255887e+00,-2.629318841480467128e+00,3.184102034497961475e-01
1.763579408277040482e+09,-3.243232748993108983e-01,1.022391675868317362e+00,1.758920733928359459e+00,1.630409116233904276e+00,-2.625758571712245804e+00,3.173560807349649071e-01
1.763579408290729284e+09,-3.192471817281390400e-01,1.024622425960465044e+00,1.760665300484964835e+00,1.635431320934347399e+00,-2.622164164557895916e+00,3.162748149058330904e-01
1.763579408304418087e+09,-3.140929752379963968e-01,1.026702505637459240e+00,1.762415831179120262e+00,1.640492889227894491e+00,-2.618536968013264854e+00,3.151659160433734064e-01
1.763579408318107128e+09,-3.088606667008372275e-01,1.028628144606201777e+00,1.764172200856511274e+00,1.645591657292256871e+00,-2.614878327789813106e+00,3.140288923034057489e-01
1.763579408331795931e+09,-3.035505414582646000e-01,1.030395473270608431e+00,1.765934192540142167e+00,1.650725194550476393e+00,-2.611189781049394032e+00,3.128633114921615666e-01
1.763579408345484972e+09,-2.981625176212298056e-01,1.032000750586332893e+00,1.767701711807293075e+00,1.655891426803350663e+00,-2.607472609056152191e+00,3.116686611964418208e-01
1.763579408359173775e+09,-2.926968859554440749e-01,1.033440118116604856e+00,1.769474541292585856e+00,1.661087921123904021e+00,-2.603728351010805575e+00,3.104445112298115927e-01
1.763579408372862577e+09,-2.871536563768225525e-01,1.034709802778474241e+00,1.771252555938803708e+00,1.666312514277357826e+00,-2.599958352115093074e+00,3.091903692462533160e-01
1.763579408386551619e+09,-2.815328333951496176e-01,1.035806019667437905e+00,1.773035631049968197e+00,1.671563044986535740e+00,-2.596163955777425425e+00,3.079057408102500171e-01
1.763579408400240421e+09,-2.758347158853444725e-01,1.036724928079079566e+00,1.774823548718837296e+00,1.676837077388052322e+00,-2.592346703888514181e+00,3.065901988696198566e-01
1.763579408413929462e+09,-2.700592084429954132e-01,1.037462757415094083e+00,1.776616215425798062e+00,1.682132542176726364e+00,-2.588507873229171530e+00,3.052432257874023169e-01
1.763579408427618265e+09,-2.642066153312223609e-01,1.038015679454958207e+00,1.778413412929500614e+00,1.687447001923962464e+00,-2.584649007237911356e+00,3.038643966830976706e-01
1.763579408441307068e+09,-2.582769397127475663e-01,1.038379906173167333e+00,1.780215016617495261e+00,1.692778295743889272e+00,-2.580771448936191259e+00,3.024532165782638504e-01
1.763579408454996109e+09,-2.522701793800701808e-01,1.038551636398096223e+00,1.782020902184303424e+00,1.698124263923442179e+00,-2.576876540043202990e+00,3.010091882406124575e-01
1.763579408468684912e+09,-2.461866466516560992e-01,1.038527061628430115e+00,1.783830850928115774e+00,1.703482467274812784e+00,-2.572965825950856988e+00,2.995318901704174253e-01
1.763579408482373953e+09,-2.400262326975006466e-01,1.038302378400474790e+00,1.785644770096749934e+00,1.708850839424838952e+00,-2.569040580184293265e+00,2.980207990960883624e-01
1.763579408496062756e+09,-2.337892551883626602e-01,1.037873792021382302e+00,1.787462440708557532e+00,1.714226940405305433e+00,-2.565102349192165843e+00,2.964754958539287943e-01
1.763579408509751558e+09,-2.274757105786562317e-01,1.037237497867379954e+00,1.789283738528020029e+00,1.719608610698248885e+00,-2.561152474429476023e+00,2.948954826276379837e-01
1.763579408523440599e+09,-2.210855899884797970e-01,1.036389676844003516e+00,1.791108539572320968e+00,1.724993691173712484e+00,-2.557192296540023335e+00,2.932802591827220473e-01
1.763579408537129402e+09,-2.146192190900771957e-01,1.035326555964473760e+00,1.792936624480757191e+00,1.730379741281470540e+00,-2.553223363189265349e+00,2.916294099827789199e-01
1.763579408550818443e+09,-2.080764757176194191e-01,1.034044295588271822e+00,1.794767901132902743e+00,1.735764695618375431e+00,-2.549246945874325654e+00,2.899424057107202746e-01
1.763579408564507246e+09,-2.014576908597353888e-01,1.032539137861659961e+00,1.796602149942486237e+00,1.741146113638595727e+00,-2.545264592826337324e+00,2.882188333305209516e-01
1.763579408578196049e+09,-1.947628543074156615e-01,1.030807259906879825e+00,1.798439246983081441e+00,1.746521836211074374e+00,-2.541277644547677905e+00,2.864581919825875400e-01
1.763579408591885090e+09,-1.879919505532423041e-01,1.028844823050913737e+00,1.800279068526696724e+00,1.751889703807961052e+00,-2.537287441220582807e+00,2.846599782247866139e-01
1.763579408605573893e+09,-1.811453185334682137e-01,1.026648093132948691e+00,1.802121394689413458e+00,1.757247276478616449e+00,-2.533295531556401414e+00,2.828237828949085042e-01
1.763579408619262934e+09,-1.742228228362094899e-01,1.024213191024212932e+00,1.803966133846886866e+00,1.762592487827907117e+00,-2.529303186251897095e+00,2.809490702194987199e-01
1.763579408632951736e+09,-1.672248076781961135e-01,1.021536399021508501e+00,1.805813065943898454e+00,1.767922898694388678e+00,-2.525311954093033329e+00,2.790354337010722552e-01
1.763579408646640539e+09,-1.601512562318794519e-01,1.018613874337377823e+00,1.807662067295279673e+00,1.773236349352909746e+00,-2.521323175243389336e+00,2.770823692313086339e-01
1.763579408660329580e+09,-1.530021464072104376e-01,1.015441757064533990e+00,1.809513014360024874e+00,1.778530678896725892e+00,-2.517338190037464063e+00,2.750893699550009397e-01
1.763579408674018383e+09,-1.457778303146812227e-01,1.012016355179559346e+00,1.811365686866671876e+00,1.783803449936782748e+00,-2.513358547004838517e+00,2.730560334949997392e-01
1.763579408687707424e+09,-1.384781593861219851e-01,1.008333746753996563e+00,1.813219993551280051e+00,1.789052593123958035e+00,-2.509385517269572041e+00,2.709818172106159273e-01
1.763579408701396227e+09,-1.311034909765947387e-01,1.004390257546621035e+00,1.815075714025360387e+00,1.794275672643195652e+00,-2.505420648944798323e+00,2.688663215537726581e-01
1.763579408715085030e+09,-1.236538016848958976e-01,1.000182023204555959e+00,1.816932724777162056e+00,1.799470527194247049e+00,-2.501465282469125917e+00,2.667090389619881097e-01
1.763579408728774071e+09,-1.161290628832304661e-01,9.957051609305319628e-01,1.818790902384827657e+00,1.804634993510474850e+00,-2.497520758943145847e+00,2.645094589615483716e-01
1.763579408742462873e+09,-1.085296397665593410e-01,9.909560241499556499e-01,1.820650026325026705e+00,1.809766638726410415e+00,-2.493588625487016319e+00,2.622671863712312534e-01
1.763579408756151676e+09,-1.008555050110380713e-01,9.859307347759815876e-01,1.822509973157496743e+00,1.814863300125869383e+00,-2.489670222999001759e+00,2.599817114574545784e-01
1.763579408769840717e+09,-9.310662608776898441e-02,9.806253954826097408e-01,1.824370619499306567e+00,1.819922812555396341e+00,-2.485766893333984484e+00,2.576525214767913519e-01
1.763579408783529520e+09,-8.528337599930127522e-02,9.750363885540125342e-01,1.826231744741131591e+00,1.824942746805437777e+00,-2.481880182177197192e+00,2.552792257627912731e-01
1.763579408797218561e+09,-7.738558531413587682e-02,9.691597166944873054e-01,1.828093257913474545e+00,1.829921024719524780e+00,-2.478011363889894181e+00,2.528612698325888308e-01
1.763579408810907364e+09,-6.941363222193076832e-02,9.629917820896892744e-01,1.829954938376814777e+00,1.834855219917780111e+00,-2.474161982955155548e+00,2.503982661117556408e-01
1.763579408824596167e+09,-6.136748289702406017e-02,9.565286824382799313e-01,1.831816662755768377e+00,1.839743166539334451e+00,-2.470333381528395655e+00,2.478897010838709836e-01
1.763579408838285208e+09,-5.324709834452212576e-02,9.497664948749283687e-01,1.833678307678008323e+00,1.844582695501195913e+00,-2.466526903212729938e+00,2.453350580582552842e-01
1.763579408851974010e+09,-4.505286450797436199e-02,9.427016524314216772e-01,1.835539652499424301e+00,1.849371385256694866e+00,-2.462744090319669787e+00,2.427339542219004720e-01
1.763579408865663052e+09,-3.678459903262973341e-02,9.353301064015149269e-01,1.837400606258168034e+00,1.854107149593953174e+00,-2.458986220829775693e+00,2.400858271561649715e-01
1.763579408879351854e+09,-2.844269301386718671e-02,9.276483110450073344e-01,1.839260948334200840e+00,1.858787570581151183e+00,-2.455254835361169174e+00,2.373902973048983012e-01
1.763579408893040657e+09,-2.002710616743601235e-02,9.196523381852060863e-01,1.841120555349187171e+00,1.863410478230764555e+00,-2.451551277940714257e+00,2.346468471621214746e-01
1.763579408906729698e+09,-1.153779308067989957e-02,9.113382377721366279e-01,1.842979303873549357e+00,1.867973698551220307e+00,-2.447876894532629244e+00,2.318549558870676985e-01
1.763579408920418501e+09,-2.975152541780607795e-03,9.027024968761354629e-01,1.844836973364109900e+00,1.872474819616884112e+00,-2.444233222848943399e+00,2.290142489259173741e-01
1.763579408934107542e+09,5.661010624773998336e-03,8.937410121085013204e-01,1.846693472730907004e+00,1.876911745205893878e+00,-2.440621545713528295e+00,2.261241555232594291e-01
1.763579408947796345e+09,1.437029253170604010e-02,8.844502930398902008e-01,1.848548581509223521e+00,1.881282067782444001e+00,-2.437043398658791826e+00,2.231843045334193643e-01
1.763579408961485147e+09,2.315273983230530311e-02,8.748263841012868802e-01,1.850402176249626995e+00,1.885583612277427656e+00,-2.433500128184047373e+00,2.201941742900945798e-01
1.763579408975174189e+09,3.200840439362762774e-02,8.648653061491212712e-01,1.852254133398016922e+00,1.889814198762107766e+00,-2.429993083251869468e+00,2.171532395337212595e-01
1.763579408988862991e+09,4.093687452637100738e-02,8.545636040580432136e-01,1.854104232646811123e+00,1.893971426979260020e+00,-2.426523795705127551e+00,2.140611344940596406e-01
1.763579409002552032e+09,4.993835839483346667e-02,8.439171156446557687e-01,1.855952382644053156e+00,1.898053188584562623e+00,-2.423093554512739001e+00,2.109172794679647633e-01
1.763579409016240835e+09,5.901243896373955383e-02,8.329224104869438206e-01,1.857798363212925574e+00,1.902057088660483508e+00,-2.419703888765622590e+00,2.077213124771836172e-01
1.763579409029929638e+09,6.815916996561992292e-02,8.215755016222618945e-01,1.859642050770311972e+00,1.905980945634589752e+00,-2.416356148266356474e+00,2.044727069035674472e-01
1.763579409043618679e+09,7.737860842912722137e-02,8.098723830342483554e-01,1.861483321561071103e+00,1.909822573388382905e+00,-2.413051685231083709e+00,2.011709338319394025e-01
1.763579409057307482e+09,8.667033185553114916e-02,7.978096544945437740e-01,1.863321955662814444e+00,1.913579584126536837e+00,-2.409792024981150416e+00,1.978156351326407214e-01
1.763579409070996523e+09,9.603455821819645299e-02,7.853831013122144489e-01,1.865157861304424181e+00,1.917249857223856324e+00,-2.406578462970210719e+00,1.944062241423038795e-01
1.763579409084685326e+09,1.054708619414711085e-01,7.725893423497924850e-01,1.866990818764074467e+00,1.920831009706029935e+00,-2.403412521918337319e+00,1.909423449542662077e-01
1.763579409098374128e+09,1.149792977264515459e-01,7.594243764380027573e-01,1.868820704214946282e+00,1.924320856056882523e+00,-2.400295553802065829e+00,1.874234705012884916e-01
1.763579409112063169e+09,1.245599346466586960e-01,7.458841475104130980e-01,1.870647393681198034e+00,1.927717198943205146e+00,-2.397228916695893108e+00,1.838490626295994912e-01
1.763579409125751972e+09,1.342123345063454265e-01,7.319653290087050346e-01,1.872470667726694460e+00,1.931017667898838885e+00,-2.394214126741628146e+00,1.802187751243512215e-01
1.763579409139441013e+09,1.439367206125243548e-01,7.176636640465211547e-01,1.874290433994984628e+00,1.934220130615607269e+00,-2.391252485845007048e+00,1.765320173551714611e-01
1.763579409153129816e+09,1.537326864822919081e-01,7.029757385219366217e-01,1.876106473546450992e+00,1.937322201947448086e+00,-2.388345517042797628e+00,1.727884185190527999e-01
1.763579409166818619e+09,1.636002361478561262e-01,6.878976956700296741e-01,1.877918661883948293e+00,1.940321721567865643e+00,-2.385494560273047515e+00,1.689874909397290625e-01
1.763579409180507660e+09,1.735386486015731700e-01,6.724279192963329432e-01,1.879726869165293524e+00,1.943216948120277898e+00,-2.382700749586652567e+00,1.651293095846107506e-01
1.763579409194196463e+09,1.835386197022786103e-01,6.565906524358190444e-01,1.881530815029529569e+00,1.946010696345229274e+00,-2.379963047377502416e+00,1.612204100847141885e-01
1.763579409207885504e+09,1.935870533728265286e-01,6.404229842013624552e-01,1.883330313737475947e+00,1.948708597834509115e+00,-2.377278934104031460e+00,1.572705398389993015e-01
1.763579409221574306e+09,2.036701425092713458e-01,6.239631579964968200e-01,1.885125053943813356e+00,1.951316100330921843e+00,-2.374646075414211577e+00,1.532897298402207953e-01
1.763579409235263109e+09,2.137746012035869614e-01,6.072485860203306052e-01,1.886914818345409195e+00,1.953838795412960794e+00,-2.372061995236428356e+00,1.492878077172371531e-01
1.763579409248952150e+09,2.238871328780480396e-01,5.903167004932233786e-01,1.888699389207926238e+00,1.956282275847587737e+00,-2.369524217403387922e+00,1.452746090653183331e-01
1.763579409262640953e+09,2.339939250561521300e-01,5.732057811925128643e-01,1.890478455684197590e+00,1.958652000072671040e+00,-2.367030401563393394e+00,1.412601695202411189e-01
1.763579409276329994e+09,2.440818593824446159e-01,5.559529536286057505e-01,1.892251830987586425e+00,1.960953600085231230e+00,-2.364578029198960873e+00,1.372542529849187232e-01
1.763579409290018797e+09,2.541371212644961131e-01,5.385965179928612345e-01,1.894019204640233545e+00,1.963192541000505997e+00,-2.362164756129138787e+00,1.332668971488680798e-01
1.763579409303707600e+09,2.641464190678042834e-01,5.211738876897422656e-01,1.895780358846167912e+00,1.965374411339520178e+00,-2.359788108412480767e+00,1.293079336676448976e-01
1.763579409317396641e+09,2.740964608142693604e-01,5.037224626319379839e-01,1.897535075395997417e+00,1.967504793978689603e+00,-2.357445615480668888e+00,1.253871939560085580e-01
1.763579409331085443e+09,2.839734332903513514e-01,4.862805605661503772e-01,1.899283044437998669e+00,1.969589161996160076e+00,-2.355134928341193756e+00,1.215147153944386993e-01
1.763579409344774485e+09,2.937642146565126455e-01,4.688852814278152148e-01,1.901024078133727535e+00,1.971633134809649190e+00,-2.352853536155042669e+00,1.177002633214164207e-01
1.763579409358463287e+09,3.034549976804800653e-01,4.515749396607227628e-01,1.902757867111099621e+00,1.973642188254125074e+00,-2.350599087925978381e+00,1.139538710784418069e-01
1.763579409372152090e+09,3.130324880311698421e-01,4.343869386675093813e-01,1.904484193034847284e+00,1.975621905017404867e+00,-2.348369113340154524e+00,1.102853717557275709e-01
1.763579409385841131e+09,3.224833832919090648e-01,4.173586909725740535e-01,1.906202837048424970e+00,1.977577865855911110e+00,-2.346161143733401122e+00,1.067046040197111301e-01
1.763579409399529934e+09,3.317938883271476791e-01,4.005284974354452743e-01,1.907913490561445657e+00,1.979515549520191708e+00,-2.343972825625858736e+00,1.032215928721322423e-01
1.763579409413218975e+09,3.409508611619955776e-01,3.839334805516434468e-01,1.909615964432813673e+00,1.981440570553557379e+00,-2.341801652325325556e+00,9.984611753100257336e-02
1.763579409426907778e+09,3.499405168723634940e-01,3.676119261732710419e-01,1.911309950635212918e+00,1.983358408799992034e+00,-2.339645269062472721e+00,9.658819586787543987e-02
1.763579409440596581e+09,3.587495505452332756e-01,3.516012504009713990e-01,1.912995230171727234e+00,1.985274644709554392e+00,-2.337501207511750501e+00,9.345766828786586378e-02
1.763579409454285622e+09,3.673646446920661446e-01,3.359388909685372959e-01,1.914671583438908531e+00,1.987194858615918047e+00,-2.335367000208384169e+00,9.046438406511504715e-02
1.763579409467974424e+09,3.757720332524544515e-01,3.206631012771646305e-01,1.916338703319222514e+00,1.989124530537433433e+00,-2.333240291091988272e+00,8.761834776731033947e-02
1.763579409481663465e+09,3.839585428128706734e-01,3.058110579045331678e-01,1.917996399155310616e+00,1.991069274726277705e+00,-2.331118575622368017e+00,8.492936078495881558e-02
1.763579409495352268e+09,3.919104222431543105e-01,2.914209860223138104e-01,1.919644364479415222e+00,1.993034570345700640e+00,-2.328999497304354183e+00,8.240741708498917906e-02
1.763579409509041071e+09,3.996143503195931368e-01,2.775303304293171291e-01,1.921282379525948159e+00,1.995025997944546159e+00,-2.326880588781072845e+00,8.006236859407293849e-02
1.763579409522730112e+09,4.070569885447443692e-01,2.641765707174051347e-01,1.922910223834953802e+00,1.997049139892236758e+00,-2.324759382707871413e+00,7.790407956126409184e-02
1.763579409536418915e+09,4.142246116990572768e-01,2.513978798685312932e-01,1.924527591980337515e+00,1.999109472621132699e+00,-2.322633522571221576e+00,7.594252547001359432e-02
1.763579409550107956e+09,4.211040031847879672e-01,2.392315214433629045e-01,1.926134291568185608e+00,2.001212614934942291e+00,-2.320500503861656405e+00,7.418753851608390903e-02
1.763579409563796759e+09,4.276814573984864531e-01,2.277156270672408278e-01,1.927730017914107918e+00,2.003364040479767016e+00,-2.318357970475147134e+00,7.264908014245988199e-02
1.763579409577485561e+09,4.339436309468051589e-01,2.168876866609706078e-01,1.929314550361504121e+00,2.005569332320645604e+00,-2.316203454968960962e+00,7.133701809104747715e-02
1.763579409591174603e+09,4.398771584432893955e-01,2.067852381091105918e-01,1.930887667512535932e+00,2.007834077278592755e+00,-2.314034489050829535e+00,7.026123593590175020e-02
1.763579409604863405e+09,4.454683672714825349e-01,1.974463410946738773e-01,1.932449065798411691e+00,2.010163743366052191e+00,-2.311848717889596561e+00,6.943167137751253548e-02
1.763579409618552208e+09,4.507038978433404730e-01,1.889085205908460352e-01,1.933998524084434401e+00,2.012563916326014724e+00,-2.309643673441617917e+00,6.885820388305663453e-02
1.763579409632241249e+09,4.555703659680134798e-01,1.812093571593598185e-01,1.935535820159911768e+00,2.015040186793445987e+00,-2.307416886413793389e+00,6.855073038583335554e-02
1.763579409645930052e+09,4.600541359622238868e-01,1.743868270640892282e-01,1.937060652030104357e+00,2.017598015439526993e+00,-2.305166003864413948e+00,6.851916232563699805e-02
1.763579409659619093e+09,4.641418980880585576e-01,1.684784009058285792e-01,1.938572823595018590e+00,2.020243038357981025e+00,-2.302888517113380384e+00,6.877339838469261057e-02
1.763579409673307896e+09,4.678200433880987386e-01,1.635219930704629732e-01,1.940072034286454361e+00,2.022980710387221048e+00,-2.300582074774366603e+00,6.932333128510667630e-02
1.763579409686996698e+09,4.710751817799591068e-01,1.595551986005676603e-01,1.941558060445947032e+00,2.025816623530429794e+00,-2.298244207582323284e+00,7.017886096025544029e-02
1.763579409700685740e+09,4.738938910772283464e-01,1.566156847801701557e-01,1.943030681134255255e+00,2.028756376935110683e+00,-2.295872442692955318e+00,7.134991423294556601e-02
1.763579409714374542e+09,4.762626096871783177e-01,1.547412586234009346e-01,1.944489592797446598e+00,2.031805414813323107e+00,-2.293464433671152936e+00,7.284634517350471739e-02
1.763579409728063583e+09,4.781679500139379146e-01,1.539695683282884253e-01,1.945934602815514225e+00,2.034969390846006476e+00,-2.291017664156464573e+00,7.467811458097646515e-02
1.763579409741752386e+09,4.795963850680253771e-01,1.543383419072118234e-01,1.947365404746313811e+00,2.038253741117241002e+00,-2.288529791797452972e+00,7.685504758504689560e-02
1.763579409755441189e+09,4.805344797411873481e-01,1.558852717405736499e-01,1.948781784271721218e+00,2.041664067293054163e+00,-2.285998340474986623e+00,7.938708732310043037e-02
1.763579409769130230e+09,4.809687774586173248e-01,1.586481163997152943e-01,1.950183508534863996e+00,2.045205978369948330e+00,-2.283420837733215691e+00,8.228417468540667745e-02
1.763579409782819033e+09,4.808857969880233618e-01,1.626644876415386798e-01,1.951570280175859651e+00,2.048884897891965373e+00,-2.280794942880547627e+00,8.555610935117334559e-02
1.763579409796508074e+09,4.802720494797977357e-01,1.679722587030921810e-01,1.952941925959938319e+00,2.052706503286781725e+00,-2.278118123599854883e+00,8.921294766919184160e-02
1.763579409810196877e+09,4.791141616977375173e-01,1.746088632256783402e-01,1.954298050796979380e+00,2.056676200214108796e+00,-2.275388080399924462e+00,9.326431084033240393e-02
1.763579409823885679e+09,4.773984704993538553e-01,1.826123289698650121e-01,1.955638694569003633e+00,2.060799622582536461e+00,-2.272602235653550018e+00,9.772056641273837996e-02
1.763579409837574720e+09,4.751119125694492906e-01,1.920199803843720132e-01,1.956963011356397608e+00,2.065082342381484803e+00,-2.269758345867038063e+00,1.025907496588421980e-01
1.763579409851263523e+09,4.722401707970235174e-01,2.028703567586346845e-01,1.958272009025988636e+00,2.069529862529315700e+00,-2.266853582047189786e+00,1.078865882036103008e-01
1.763579409864952564e+09,4.687712195234553514e-01,2.151996581053971791e-01,1.959563234835442813e+00,2.074147715411199577e+00,-2.263886271445634257e+00,1.136147620551045123e-01
1.763579409878641367e+09,4.646965063880517111e-01,2.290385324008933632e-01,1.960831616641142139e+00,2.078940651467751088e+00,-2.260855922376853400e+00,1.197767482802492151e-01
1.763579409892330170e+09,4.600912621292706506e-01,2.443082916935656324e-01,1.961970412230703786e+00,2.083903404255408098e+00,-2.257800834831887649e+00,1.262110179387462006e-01
1.763579409906019211e+09,4.550854662461604749e-01,2.608562418885297385e-01,1.962813333956610951e+00,2.089023692869115045e+00,-2.254782138923785428e+00,1.326568123254951714e-01
1.763579409919708014e+09,4.498103405136302246e-01,2.785308403562075097e-01,1.963183226694177330e+00,2.094289317713144527e+00,-2.251865209191447725e+00,1.388408461704424834e-01
1.763579409933397055e+09,4.444001229404033193e-01,2.971538961008444724e-01,1.962967615303566005e+00,2.099684712651389784e+00,-2.249090910306484670e+00,1.445570754749110343e-01
1.763579409947085857e+09,4.389988418850120921e-01,3.164745381900579413e-01,1.962216669121757961e+00,2.105184439502520988e+00,-2.246439209560769257e+00,1.497665716049045859e-01
1.763579409960774660e+09,4.337531860441849463e-01,3.362185251990525980e-01,1.961036691314966385e+00,2.110760072954326549e+00,-2.243868790932318280e+00,1.544886979261333726e-01
1.763579409974463701e+09,4.288094854671982703e-01,3.561161122132903700e-01,1.959523645720409935e+00,2.116383821937206200e+00,-2.241342290180554198e+00,1.587320724277310469e-01
1.763579409988152504e+09,4.243144227527513856e-01,3.758936323358390008e-01,1.957779883602105642e+00,2.122027163941781147e+00,-2.238819979828505335e+00,1.625116689388758362e-01
1.763579410001841545e+09,4.204145155302643766e-01,3.952808226282412130e-01,1.955903749820681270e+00,2.127662326790142444e+00,-2.236263634306821402e+00,1.658386417023097470e-01
1.763579410015530348e+09,4.172561125861985465e-01,4.140043452317215267e-01,1.953996237545588599e+00,2.133260770976346254e+00,-2.233633896307352984e+00,1.687266153257737655e-01
1.763579410029219151e+09,4.149862073857669142e-01,4.317937418333017696e-01,1.952156374201526878e+00,2.138794738186450051e+00,-2.230892568525126851e+00,1.711872917948679407e-01
1.763579410042908192e+09,4.137504356697707664e-01,4.483760562472777211e-01,1.950484916452647211e+00,2.144235762686478530e+00,-2.227999857860949895e+00,1.732343920136397153e-01
1.763579410056596994e+09,4.136967216958243321e-01,4.634809777595219615e-01,1.949080702644215402e+00,2.149556149318150311e+00,-2.224918338276169472e+00,1.748790534031339217e-01
1.763579410070286036e+09,4.149694049804679152e-01,4.768337889735356216e-01,1.948045304152030033e+00,2.154726910084146407e+00,-2.221606963608230512e+00,1.761361002137241394e-01
1.763579410083974838e+09,4.177369143807039276e-01,4.882023964742184252e-01,1.947459488181915610e+00,2.159731148161372349e+00,-2.218050543581556955e+00,1.769953515488321416e-01
1.763579410097663641e+09,4.222516279234001524e-01,4.975137026239250249e-01,1.947328871429585995e+00,2.164596731848499545e+00,-2.214325635253980185e+00,1.773585098487218681e-01
1.763579410111352682e+09,4.287971048921234152e-01,5.047528959494873568e-01,1.947631333349244098e+00,2.169367961308285686e+00,-2.210542750193873474e+00,1.770946007132906119e-01
1.763579410125041485e+09,4.376531405983919987e-01,5.099005253773843949e-01,1.948346885550502838e+00,2.174087463562905054e+00,-2.206809794682370818e+00,1.760756177391088195e-01
1.763579410138730526e+09,4.488712433387572198e-01,5.130213290270675408e-01,1.949441929102425641e+00,2.178768530261845360e+00,-2.203207378053879228e+00,1.742590850125743940e-01
1.763579410152419329e+09,4.620990610021464273e-01,5.143218114455633261e-01,1.950861113917831569e+00,2.183370866221056250e+00,-2.199766317808576233e+00,1.717550748058599142e-01
1.763579410166108131e+09,4.769501377607056058e-01,5.140214438416615961e-01,1.952547031433358171e+00,2.187849959341193085e+00,-2.196513208406747797e+00,1.686865050173788627e-01
1.763579410179797173e+09,4.930334903859889817e-01,5.123410406482858948e-01,1.954442128166927750e+00,2.192160607797017047e+00,-2.193473953274259536e+00,1.651780702002705048e-01
1.763579410193485975e+09,5.099587595115644412e-01,5.095010674127727901e-01,1.956488779078043194e+00,2.196257670542338669e+00,-2.190674933478049979e+00,1.613540588408192145e-01
1.763579410207175016e+09,5.273379523154487769e-01,5.057213645187308426e-01,1.958629619197327809e+00,2.200096294210188930e+00,-2.188142242638058566e+00,1.573380845158431907e-01
1.763579410220863819e+09,5.447783237390788624e-01,5.012233116252191589e-01,1.960806841494654229e+00,2.203631206245483476e+00,-2.185902179100956300e+00,1.532553048701608966e-01
1.763579410234552622e+09,5.618948137481132310e-01,4.962255944169631783e-01,1.962963321865507593e+00,2.206817595673847610e+00,-2.183980847299259676e+00,1.492282516827738159e-01
1.763579410248241663e+09,5.782900739511473986e-01,4.909514093549054992e-01,1.965040883068979838e+00,2.209610209290534311e+00,-2.182404548782979070e+00,1.453838213546852498e-01
1.763579410261930466e+09,5.935872213444886025e-01,4.856163192367292103e-01,1.966983077885244180e+00,2.211964323569937552e+00,-2.181199302033860921e+00,1.418415406550763980e-01
1.763579410275619507e+09,6.073867110345566589e-01,4.804442904937132330e-01,1.968731645737582081e+00,2.213834769892631282e+00,-2.180391357426894050e+00,1.387291592553293873e-01
1.763579410289308310e+09,6.196320233868392036e-01,4.755307400710801491e-01,1.970259921788329871e+00,2.215188550468365491e+00,-2.179998648714664533e+00,1.360534765223526121e-01
1.763579410302997112e+09,6.306426592680772769e-01,4.708294341143712258e-01,1.971577319826166130e+00,2.216007663901514935e+00,-2.180028578016226515e+00,1.336895579878858709e-01
1.763579410316686153e+09,6.407869596443492854e-01,4.662766222150219186e-01,1.972696251580756677e+00,2.216274249903714022e+00,-2.180488792836501766e+00,1.314945895873924631e-01
1.763579410330374956e+09,6.503859125662828644e-01,4.618223138724624754e-01,1.973634617826629523e+00,2.215975287499191815e+00,-2.181380274177460166e+00,1.293464002484844555e-01
1.763579410344063997e+09,6.595491338139360948e-01,4.574741539173515226e-01,1.974452519472580603e+00,2.215119683602227774e+00,-2.182664881677704560e+00,1.272215398749454163e-01
1.763579410357752800e+09,6.682348246276648140e-01,4.532817045787485011e-01,1.975233746735361118e+00,2.213734415895563856e+00,-2.184278954171669174e+00,1.251650712131336940e-01
1.763579410371441603e+09,6.764189721962268198e-01,4.492894732126410662e-01,1.976064782754747062e+00,2.211841271771288309e+00,-2.186160099503561938e+00,1.232156808818730548e-01
1.763579410385130644e+09,6.840737599040414008e-01,4.455426876485418242e-01,1.976988242819150088e+00,2.209491096336718030e+00,-2.188257184978031678e+00,1.214013244859171309e-01
1.763579410398819447e+09,6.911988745884048990e-01,4.420780471047474069e-01,1.977932014789535176e+00,2.206803925193725924e+00,-2.190551625041667894e+00,1.197069591815152073e-01
1.763579410412508488e+09,6.977964784011846389e-01,4.389312164126801252e-01,1.978793989772793971e+00,2.203918353389208828e+00,-2.193033598293991915e+00,1.181080954854746567e-01
1.763579410426197290e+09,7.038680542352596659e-01,4.361374196773590284e-01,1.979477529901664701e+00,2.200971126000883515e+00,-2.195689237825512397e+00,1.165823687678534115e-01
1.763579410439886093e+09,7.093670333289638918e-01,4.337222860547674252e-01,1.979959632402342962e+00,2.198094822184728514e+00,-2.198423687199271281e+00,1.151539599779426576e-01
1.763579410453575134e+09,7.141823404638880657e-01,4.316982565884581735e-01,1.980318671677613995e+00,2.195415015916837742e+00,-2.201032173366860523e+00,1.139100935176777657e-01
1.763579410467263937e+09,7.182033700230465723e-01,4.300782139235516111e-01,1.980633885506927205e+00,2.193057811469160789e+00,-2.203308262641516801e+00,1.129386812320359867e-01
1.763579410480952740e+09,7.213463509882519498e-01,4.288798378466079919e-01,1.980977790690167772e+00,2.191151637135917873e+00,-2.205049989000419597e+00,1.123210381719238760e-01
1.763579410494641781e+09,7.238023511123159448e-01,4.281762746531006525e-01,1.981325894905920482e+00,2.189855119532303718e+00,-2.206127371675052462e+00,1.120586659637850119e-01
1.763579410508330584e+09,7.259068011487223027e-01,4.280674862340644871e-01,1.981604198625976698e+00,2.189340716160927069e+00,-2.206448632596119896e+00,1.121105299571692471e-01
1.763579410522019625e+09,7.279993846794594603e-01,4.286584186163653332e-01,1.981736482730938942e+00,2.189784927722497443e+00,-2.205920262572832691e+00,1.124364823621887000e-01
1.763579410535708427e+09,7.303740144464591078e-01,4.299791405503268771e-01,1.981681079978779181e+00,2.191312089891336967e+00,-2.204464460828528427e+00,1.129790007868039931e-01
1.763579410549397230e+09,7.332241324443108388e-01,4.318692453597692271e-01,1.981485434618577068e+00,2.193920133776152692e+00,-2.202035209771970425e+00,1.136327598472989392e-01
1.763579410563086271e+09,7.367039052089979778e-01,4.341223222550915084e-01,1.981217787903162053e+00,2.197570943286047296e+00,-2.198601004293889716e+00,1.142845424572931368e-01
1.763579410576775074e+09,7.409810777376344415e-01,4.365369045998543363e-01,1.980944601723995779e+00,2.202233585641451441e+00,-2.194124628320416104e+00,1.148196489615160576e-01
1.763579410590464115e+09,7.459888634167535226e-01,4.389308180143284832e-01,1.980710972724912811e+00,2.207795954418389162e+00,-2.188681638727781209e+00,1.151874378484264438e-01
1.763579410604152918e+09,7.514422856373359494e-01,4.411471004943062213e-01,1.980538742160487864e+00,2.214072576832315509e+00,-2.182453965236395454e+00,1.153993834062609636e-01
1.763579410617841721e+09,7.570349022966949004e-01,4.430276902643427994e-01,1.980448830999153031e+00,2.220870321418274340e+00,-2.175633075326365073e+00,1.154719131730135712e-01
1.763579410631530762e+09,7.624678719630918478e-01,4.444178847446350056e-01,1.980461645892622746e+00,2.227998831443747996e+00,-2.168407739879472107e+00,1.154206329784992630e-01
1.763579410645219564e+09,7.674338112402268042e-01,4.451576979439508808e-01,1.980598401834702482e+00,2.235264803801918720e+00,-2.160969472487588749e+00,1.152616195411077793e-01
1.763579410658908606e+09,7.716368521475336362e-01,4.450956543711386271e-01,1.980879009310858807e+00,2.242478521778284772e+00,-2.153506573793678047e+00,1.150106875480951529e-01
1.763579410672597408e+09,7.747653689428168899e-01,4.440677127474987884e-01,1.981325310708228704e+00,2.249445731060222275e+00,-2.146211305372656586e+00,1.146837850779918316e-01
1.763579410686286211e+09,7.766463713318008111e-01,4.420274926749034328e-01,1.981940910654345300e+00,2.256007216670662618e+00,-2.139246545455214754e+00,1.142971859474236213e-01
1.763579410699975252e+09,7.773663702687776400e-01,4.391500981417681970e-01,1.982695059735335219e+00,2.262068441756118986e+00,-2.132721182170386420e+00,1.138680308030983745e-01
1.763579410713664055e+09,7.770622836435621128e-01,4.356536672354257012e-01,1.983550316075101128e+00,2.267547216004150989e+00,-2.126733847959657364e+00,1.134136083309153220e-01
1.763579410727353096e+09,7.758659668712831747e-01,4.317518777579995026e-01,1.984469952509595680e+00,2.272360405254859383e+00,-2.121383882396732812e+00,1.129511827302382282e-01
1.763579410741041899e+09,7.739114791823901163e-01,4.276604282217505992e-01,1.985416905060314097e+00,2.276425140416200588e+00,-2.116770480359915663e+00,1.124980403421130537e-01
1.763579410754730701e+09,7.713318013485772617e-01,4.235939956126980599e-01,1.986354286222152821e+00,2.279658478525222964e+00,-2.112992843701874790e+00,1.120714518935457815e-01
1.763579410768419743e+09,7.682603920962866040e-01,4.197676879780879444e-01,1.987245140921952258e+00,2.281977565399680330e+00,-2.110150106280168192e+00,1.116886879320284354e-01
1.763579410782108545e+09,7.648304969088148830e-01,4.163963944829841002e-01,1.988052528554315801e+00,2.283299530001238864e+00,-2.108341425298367433e+00,1.113670182994634938e-01
1.763579410795797586e+09,7.611757272432753130e-01,4.136956482004969238e-01,1.988739444488638153e+00,2.283541017979659138e+00,-2.107666452190062323e+00,1.111237698016435405e-01
1.763579410809486389e+09,7.574285469024749640e-01,4.118788867036304868e-01,1.989269145120799331e+00,2.282620444139395133e+00,-2.108222981581746591e+00,1.109760555430391177e-01
1.763579410823175192e+09,7.537238804048451701e-01,4.111638567238151132e-01,1.989604322282274351e+00,2.280452634744868146e+00,-2.110112603847453361e+00,1.109414346697142340e-01
1.763579410836864233e+09,7.501322976230091477e-01,4.116596926401512868e-01,1.989722479768488261e+00,2.277040619918920594e+00,-2.113342982139561954e+00,1.110263235678162624e-01
1.763579410850553036e+09,7.465982076182388072e-01,4.132621099462677194e-01,1.989630288510094491e+00,2.272560858179082377e+00,-2.117737067756722436e+00,1.112152828429532475e-01
1.763579410864242077e+09,7.430455431353024665e-01,4.158327174626698097e-01,1.989339017361535289e+00,2.267217418588219680e+00,-2.123088433966648036e+00,1.114893333266488151e-01
1.763579410877930880e+09,7.394003048896723440e-01,4.192360885234344692e-01,1.988859663742608141e+00,2.261211935316479682e+00,-2.129193162351253221e+00,1.118298897556356392e-01
1.763579410891619682e+09,7.355868617237109053e-01,4.233344109666738464e-01,1.988203281430818814e+00,2.254748295290690763e+00,-2.135845131578899547e+00,1.122179450520287836e-01
1.763579410905308723e+09,7.315309636539216731e-01,4.279924239969353783e-01,1.987381101389627869e+00,2.248027381207585496e+00,-2.142841005481789907e+00,1.126350967662315267e-01
1.763579410918997526e+09,7.271571100916757180e-01,4.330717299719080149e-01,1.986403728661159107e+00,2.241254620976396161e+00,-2.149973462226528298e+00,1.130619427209106631e-01
1.763579410932686567e+09,7.223877261683185891e-01,4.384452498131102827e-01,1.985289205657827960e+00,2.234613881469512453e+00,-2.157050199061917084e+00,1.134851416387153145e-01
1.763579410946375370e+09,7.171216841704175504e-01,4.440201730593601459e-01,1.984088069682545141e+00,2.228216712259050158e+00,-2.163921902578324286e+00,1.139137228548557090e-01
1.763579410960064173e+09,7.112577858714077550e-01,4.497224294494449603e-01,1.982862777711930091e+00,2.222138282429628742e+00,-2.170465544531220647e+00,1.143668911537154137e-01
1.763579410973753214e+09,7.046831413632785868e-01,4.554734280431482207e-01,1.981677396657508750e+00,2.216460543121345328e+00,-2.176548983851061436e+00,1.148628065904824386e-01
1.763579410987442017e+09,6.974021223309495587e-01,4.612123426398547776e-01,1.980563654172013965e+00,2.211248006681215017e+00,-2.182094594114273978e+00,1.154154970989885454e-01
1.763579411001131058e+09,6.896086871051099187e-01,4.669037132199030937e-01,1.979498378361768340e+00,2.206542976069864270e+00,-2.187109003400687701e+00,1.160299679102496373e-01
1.763579411014819860e+09,6.815313811784068365e-01,4.725174203114424487e-01,1.978448872799863256e+00,2.202383064912283306e+00,-2.191614543632474987e+00,1.167102681559695349e-01
1.763579411028508663e+09,6.733935880784253092e-01,4.780219506054438905e-01,1.977383900101966629e+00,2.198806374191602409e+00,-2.195631237265779134e+00,1.174600854780616099e-01
1.763579411042197704e+09,6.654210180770108174e-01,4.833873592760314919e-01,1.976271126317726834e+00,2.195851124549038857e+00,-2.199180361931056815e+00,1.182837543118322454e-01
1.763579411055886507e+09,6.578385642546972223e-01,4.885815745532468002e-01,1.975079360196811962e+00,2.193554978350056750e+00,-2.202282332466489745e+00,1.191846132115480655e-01
1.763579411069575548e+09,6.508713569758878270e-01,4.935755494680288957e-01,1.973775897491911069e+00,2.191956925672545520e+00,-2.204958170956313523e+00,1.201675721226481142e-01
1.763579411083264351e+09,6.447398705500813065e-01,4.983144871795654463e-01,1.972341568789291566e+00,2.191078205807641233e+00,-2.207227977797281415e+00,1.212224651819818894e-01
1.763579411096953154e+09,6.396438124740717601e-01,5.026433392855345073e-01,1.970810379326785933e+00,2.190868126441317898e+00,-2.209109827300940410e+00,1.222796515380724924e-01
1.763579411110642195e+09,6.357741961111852413e-01,5.063708564243086796e-01,1.969235690480462209e+00,2.191249852918237817e+00,-2.210620784153669582e+00,1.232481661892019520e-01
1.763579411124330997e+09,6.333240216763081909e-01,5.093072608820587988e-01,1.967669880108621872e+00,2.192148128968347542e+00,-2.211777986875882451e+00,1.240379786143436386e-01
1.763579411138020039e+09,6.323152479219373845e-01,5.112761303823815107e-01,1.966184287214737925e+00,2.193443917915329777e+00,-2.212580153478966860e+00,1.245818699019921455e-01
1.763579411151708841e+09,6.324843863248436060e-01,5.121218064262095249e-01,1.964883086605188289e+00,2.194944149455026583e+00,-2.212994326355740338e+00,1.248513639849910956e-01
1.763579411165397644e+09,6.335398039944386550e-01,5.116935967748141856e-01,1.963871780947765266e+00,2.196450412194058011e+00,-2.212985221360547428e+00,1.248220226142316147e-01
1.763579411179086685e+09,6.351905138389321026e-01,5.098469887757134389e-01,1.963252650139402089e+00,2.197768083485518886e+00,-2.212518974536069827e+00,1.244705291922581225e-01
1.763579411192775488e+09,6.371513642945535461e-01,5.065542357831450682e-01,1.963059697984300467e+00,2.198777138142133936e+00,-2.211590140067461352e+00,1.237891691203377442e-01
1.763579411206464529e+09,6.391486499469674065e-01,5.018659145082209339e-01,1.963282106457576059e+00,2.199408589996205254e+00,-2.210212761760447453e+00,1.227813586075410940e-01
1.763579411220153332e+09,6.408974829404129325e-01,4.958277130315076331e-01,1.963910279735709530e+00,2.199589095691856233e+00,-2.208399081699393918e+00,1.214488277731263222e-01
1.763579411233842134e+09,6.421996433513906810e-01,4.885512515330722727e-01,1.964914000752296941e+00,2.199291547383078527e+00,-2.206182285158724721e+00,1.198124909531941840e-01
1.763579411247531176e+09,6.431047253894985882e-01,4.803518006503494919e-01,1.966199679213803231e+00,2.198625905154826476e+00,-2.203659685449352867e+00,1.179520585602852750e-01
1.763579411261219978e+09,6.437461023427680784e-01,4.716042656957810664e-01,1.967655119687807819e+00,2.197745479690739856e+00,-2.200947531787294409e+00,1.159647920835336216e-01
1.763579411274909019e+09,6.442474495269863155e-01,4.626851402821359205e-01,1.969167690433879736e+00,2.196801267865681861e+00,-2.198162459006238745e+00,1.139480483904233010e-01
1.763579411288597822e+09,6.446883452513139101e-01,4.538221051888722823e-01,1.970669288701475175e+00,2.195885821932538118e+00,-2.195375110090861170e+00,1.119607867145149954e-01
1.763579411302286625e+09,6.450753652637390978e-01,4.450374623728139967e-01,1.972153239540363368e+00,2.195007635329079498e+00,-2.192592522274964928e+00,1.100086111919478804e-01
1.763579411315975666e+09,6.454090231867138927e-01,4.363288796330050956e-01,1.973620212565559751e+00,2.194165917685605649e+00,-2.189814130138762138e+00,1.080908124729622471e-01
1.763579411329664469e+09,6.456894756886623066e-01,4.276973307177366901e-01,1.975069962624868225e+00,2.193360685308989755e+00,-2.187040382689052542e+00,1.062074787875436632e-01
1.763579411343353271e+09,6.459171606223911288e-01,4.191419316688305141e-01,1.976502732410366336e+00,2.192591563848208747e+00,-2.184271157304136679e+00,1.043582579155335616e-01
1.763579411357042313e+09,6.460923567742895557e-01,4.106625557635181223e-01,1.977918543140392504e+00,2.191858362983507558e+00,-2.181506560229035330e+00,1.025429818807348098e-01
1.763579411370731115e+09,6.462154205528874984e-01,4.022591123611498065e-01,1.979317461211596463e+00,2.191160833013166886e+00,-2.178746718646717540e+00,1.007614790619461992e-01
1.763579411384420156e+09,6.462866722123118413e-01,3.939311401234493193e-01,1.980699587397327877e+00,2.190498726386049810e+00,-2.175991633367809541e+00,9.901350507406256329e-02
1.763579411398108959e+09,6.463064497973981526e-01,3.856786460596193233e-01,1.982064959122471048e+00,2.189871815555713308e+00,-2.173241462520691503e+00,9.729891082257227652e-02
1.763579411411797762e+09,6.462750828237288081e-01,3.775012605172679003e-01,1.983413668855440459e+00,2.189279852207279831e+00,-2.170496238205002815e+00,9.561746987878252946e-02
1.763579411425486803e+09,6.461929036584973529e-01,3.693985892089158840e-01,1.984745816651343642e+00,2.188722583323132298e+00,-2.167755983789057428e+00,9.396895090744897261e-02
1.763579411439175606e+09,6.460602462536824131e-01,3.613706752464608263e-01,1.986061428803925555e+00,2.188199788208421204e+00,-2.165020870239974915e+00,9.235321196859785919e-02
1.763579411452864647e+09,6.458774385851027144e-01,3.534169928641864855e-01,1.987360625885150389e+00,2.187711206871423286e+00,-2.162290875676978974e+00,9.076999572410303363e-02
1.763579411466553450e+09,6.456448189284107464e-01,3.455375761737087270e-01,1.988643436452541602e+00,2.187256615314090435e+00,-2.159566169551911052e+00,8.921915703862870473e-02
1.763579411480242252e+09,6.453627167277274923e-01,3.377320417144996645e-01,1.989909957483315672e+00,2.186835763394196608e+00,-2.156846778218163951e+00,8.770046744801317240e-02
1.763579411493931293e+09,6.450314578703929547e-01,3.300000116826747321e-01,1.991160284670635550e+00,2.186448403441829669e+00,-2.154132728554187359e+00,8.621370085094387514e-02
1.763579411507620096e+09,6.446513860148365138e-01,3.223415114832695605e-01,1.992394448563005627e+00,2.186094307697509009e+00,-2.151424189156894151e+00,8.475870851426536845e-02
1.763579411521309137e+09,6.442228200472148725e-01,3.147560304125930908e-01,1.993612566252699558e+00,2.185773222570249530e+00,-2.148721139737836072e+00,8.333523922936031392e-02
1.763579411534997940e+09,6.437461070060459534e-01,3.072435888149043781e-01,1.994814669397292795e+00,2.185484918002511545e+00,-2.146023748524128472e+00,8.194314206884595331e-02
1.763579411548686743e+09,6.432215719626560579e-01,2.998038100164330810e-01,1.996000853452244650e+00,2.185229146866619399e+00,-2.143332042445622587e+00,8.058219144733237693e-02
1.763579411562375784e+09,6.426495366492203098e-01,2.924363224404562533e-01,1.997171212753778180e+00,2.185005664309756845e+00,-2.140646048838799498e+00,7.925216395775565303e-02
1.763579411576064587e+09,6.420303531087612203e-01,2.851411388053339824e-01,1.998325780632558502e+00,2.184814236866793546e+00,-2.137965935326808786e+00,7.795290540999479101e-02
1.763579411589753628e+09,6.413643318936889104e-01,2.779177610841491730e-01,1.999464671402059412e+00,2.184654616618158851e+00,-2.135291682617761477e+00,7.668417002534529126e-02
1.763579411603442430e+09,6.406518283195761221e-01,2.707661969814955105e-01,2.000587919487320399e+00,2.184526567875629599e+00,-2.132623457927678601e+00,7.544580148013778353e-02
1.763579411617131233e+09,6.398931633027866717e-01,2.636860761632431327e-01,2.001695618954152600e+00,2.184429846339572823e+00,-2.129961288691526011e+00,7.423757689807634896e-02
1.763579411630820274e+09,6.390886545445486622e-01,2.566770332685902045e-01,2.002787862786290507e+00,2.184364209891914488e+00,-2.127305202764920633e+00,7.305927550197900688e-02
1.763579411644509077e+09,6.382386621833603391e-01,2.497390685411281508e-01,2.003864687032180569e+00,2.184329419571848785e+00,-2.124655366732599138e+00,7.191073781925953756e-02
1.763579411658198118e+09,6.373434887331499432e-01,2.428716963901859927e-01,2.004926203299258969e+00,2.184325232914408055e+00,-2.122011762355189735e+00,7.079172331971098076e-02
1.763579411671886921e+09,6.364034974907111231e-01,2.360749121238773229e-01,2.005972448706495381e+00,2.184351408818135276e+00,-2.119374555782473024e+00,6.970207046543447360e-02
1.763579411685575724e+09,6.354190053674340088e-01,2.293483516164760150e-01,2.007003515969639995e+00,2.184407705700408986e+00,-2.116743774979170212e+00,6.864155899586955878e-02
1.763579411699264765e+09,6.343903261743492061e-01,2.226916556348721710e-01,2.008019496746939581e+00,2.184493884077145065e+00,-2.114119448357743014e+00,6.760997068074853233e-02
1.763579411712953568e+09,6.333178278587900945e-01,2.161048121482747331e-01,2.009020429743615832e+00,2.184609699699083585e+00,-2.111501741396369258e+00,6.660714093673622549e-02
1.763579411726642609e+09,6.322018051837795527e-01,2.095873477975198351e-01,2.010006423923352159e+00,2.184754915347601578e+00,-2.108890636975017774e+00,6.563283430935518137e-02
1.763579411740331411e+09,6.310426291391231235e-01,2.031392457019233488e-01,2.010977519035896943e+00,2.184929284716969455e+00,-2.106286300111296583e+00,6.468688421995642812e-02
1.763579411754020214e+09,6.298406127752408379e-01,1.967601478407915438e-01,2.011933806478382714e+00,2.185132568837210076e+00,-2.103688759332790426e+00,6.376907293708873603e-02
1.763579411767709255e+09,6.285960661579342856e-01,1.904497010008446012e-01,2.012875376616315215e+00,2.185364530752790024e+00,-2.101098043640558632e+00,6.287918468968753394e-02
1.763579411781398058e+09,6.273093647539442763e-01,1.842078810902673947e-01,2.013802270746883671e+00,2.185624921136308352e+00,-2.098514317342001778e+00,6.201704995851965718e-02
1.763579411795087099e+09,6.259807958647254367e-01,1.780342267684597302e-01,2.014714595254702534e+00,2.185913507805268274e+00,-2.095937564500768957e+00,6.118243819008657713e-02
1.763579411808775902e+09,6.246107378838087199e-01,1.719287091786439181e-01,2.015612392455687463e+00,2.186230039459828411e+00,-2.093367948937883138e+00,6.037517793968177199e-02
1.763579411822464705e+09,6.231995001452910188e-01,1.658909762987935410e-01,2.016495752460661262e+00,2.186574279637572893e+00,-2.090805499776000609e+00,5.959505391761385495e-02
1.763579411836153746e+09,6.217473891143368014e-01,1.599206808293417159e-01,2.017364764374626862e+00,2.186945993806494570e+00,-2.088250246637043617e+00,5.884185272473187872e-02
1.763579411849842548e+09,6.202547874878813206e-01,1.540177868298107655e-01,2.018219472022229066e+00,2.187344927771130987e+00,-2.085702352593129305e+00,5.811540008051433587e-02
1.763579411863531590e+09,6.187219753950294887e-01,1.481818447657810567e-01,2.019059979273530647e+00,2.187770854175027146e+00,-2.083161802956089215e+00,5.741547015782662994e-02
1.763579411877220392e+09,6.171493383438165781e-01,1.424128140167759127e-01,2.019886330946092379e+00,2.188223516934318269e+00,-2.080628760285864409e+00,5.674188682052263427e-02
1.763579411890909195e+09,6.155371820966266672e-01,1.367103484532386226e-01,2.020698615896689088e+00,2.188702681989103560e+00,-2.078103254332426264e+00,5.609443713336169368e-02
1.763579411904598236e+09,6.138858096625996463e-01,1.310741065831092789e-01,2.021496922002083529e+00,2.189208117125857722e+00,-2.075585315370816808e+00,5.547290998179548599e-02
1.763579411918287039e+09,6.121956106796417885e-01,1.255040408296557441e-01,2.022281295549853031e+00,2.189739563491148289e+00,-2.073075105173366683e+00,5.487712649863538822e-02
1.763579411931976080e+09,6.104668583937317150e-01,1.199997132522313131e-01,2.023051837960033073e+00,2.190296798344470108e+00,-2.070572610364592059e+00,5.430686540848966154e-02
1.763579411945664883e+09,6.086999451381867043e-01,1.145610716790677608e-01,2.023808596487306932e+00,2.190879561028027833e+00,-2.068077992178851687e+00,5.376194605839352408e-02
1.763579411959353685e+09,6.068951732482875672e-01,1.091877757668742177e-01,2.024551658766657436e+00,2.191487619779386442e+00,-2.065591281025678683e+00,5.324215778024653928e-02
1.763579411973042727e+09,6.050528424217601620e-01,1.038794897248945109e-01,2.025281111478871132e+00,2.192120744598453630e+00,-2.063112507865479728e+00,5.274729165679257342e-02
1.763579411986731529e+09,6.031733489482595800e-01,9.863615455254834408e-02,2.025997003309929045e+00,2.192778672183919308e+00,-2.060641833106303000e+00,5.227716440879656701e-02
1.763579412000420570e+09,6.012569594798606865e-01,9.345734369055572199e-02,2.026699433294366859e+00,2.193461184201137559e+00,-2.058179244749847481e+00,5.183155913798898062e-02
1.763579412014109373e+09,5.993040728859387878e-01,8.834299362826304736e-02,2.027388451059459751e+00,2.194168015628468638e+00,-2.055724902640386542e+00,5.141029084920702152e-02
1.763579412027798176e+09,5.973149882192841931e-01,8.329276970244231526e-02,2.028064143050666956e+00,2.194898936895902430e+00,-2.053278837879271013e+00,5.101315105418020163e-02
1.763579412041487217e+09,5.952900020108214951e-01,7.830634171743779126e-02,2.028726594785063675e+00,2.195653720111736540e+00,-2.050841082144519767e+00,5.063993294563423619e-02
1.763579412055176020e+09,5.932295169127305146e-01,7.338363946122768156e-02,2.029375857282506246e+00,2.196432097736871203e+00,-2.048411794415402998e+00,5.029044900690837067e-02
1.763579412068865061e+09,5.911337932724045618e-01,6.852424754349188685e-02,2.030012027256556273e+00,2.197233855632427790e+00,-2.045990964135294909e+00,4.996448654223445418e-02
1.763579412082553864e+09,5.890032362060555471e-01,6.372809132709836288e-02,2.030635156642556893e+00,2.198058724623016769e+00,-2.043578749693890639e+00,4.966185638887252174e-02
1.763579412096242666e+09,5.868381416285942676e-01,5.899484172267853432e-02,2.031245330728706833e+00,2.198906477226006739e+00,-2.041175182916604047e+00,4.938235215107160403e-02
1.763579412109931707e+09,5.846388030487549292e-01,5.432417402347373275e-02,2.031842633900630801e+00,2.199776887553039906e+00,-2.038780296231319955e+00,4.912576904422887025e-02
1.763579412123620510e+09,5.824056291920191031e-01,4.971600701842747438e-02,2.032427119447533403e+00,2.200669684037316109e+00,-2.036394247124025281e+00,4.889191548887866084e-02
1.763579412137309551e+09,5.801388743903223011e-01,4.516993627377287324e-02,2.032998881826531434e+00,2.201584656525635175e+00,-2.034017026544272078e+00,4.868058281713348590e-02
1.763579412150998354e+09,5.778389497174886147e-01,4.068587623830591943e-02,2.033557975216504055e+00,2.202521531898942619e+00,-2.031648791362676398e+00,4.849157787329678310e-02
1.763579412164687157e+09,5.755061480951616515e-01,3.626350329031426123e-02,2.034104483780655226e+00,2.203480084656944449e+00,-2.029289574160964005e+00,4.832469626682688035e-02
1.763579412178376198e+09,5.731407601544953323e-01,3.190249810573279887e-02,2.034638490805417810e+00,2.204460090809573725e+00,-2.026939408149130983e+00,4.817973514848185312e-02
1.763579412192065001e+09,5.707432004050508878e-01,2.760276868687714866e-02,2.035160051784823843e+00,2.205461274972426722e+00,-2.024598449255387234e+00,4.805649905061201016e-02
1.763579412205754042e+09,5.683137174525281221e-01,2.336392134412685825e-02,2.035669258984063923e+00,2.206483430767887555e+00,-2.022266689999958178e+00,4.795478315858958673e-02
1.763579412219442844e+09,5.658527280391413283e-01,1.918585982461286366e-02,2.036166168761034179e+00,2.207526281343331398e+00,-2.019944285669882156e+00,4.787439049838244226e-02
1.763579412233131647e+09,5.633605222378763600e-01,1.506826586807549426e-02,2.036650864186201115e+00,2.208589603075749697e+00,-2.017631269635447033e+00,4.781511859734756398e-02
1.763579412246820688e+09,5.608373879469202850e-01,1.101082542694003900e-02,2.037123427479071935e+00,2.209673173768327725e+00,-2.015327675921008144e+00,4.777676645429371205e-02
1.763579412260509491e+09,5.582837451706907927e-01,7.013435929300862980e-03,2.037583916273979057e+00,2.210776714429146139e+00,-2.013033658832500628e+00,4.775913488800787726e-02
1.763579412274198294e+09,5.556998823423957568e-01,3.075782280788739477e-03,2.038032413001233945e+00,2.211900002511145935e+00,-2.010749252228828166e+00,4.776202253467604769e-02
1.763579412287887335e+09,5.530860857898562966e-01,-8.024464512580345823e-04,2.038468999255677705e+00,2.213042816843043603e+00,-2.008474490638444632e+00,4.778522946002720928e-02
1.763579412301576138e+09,5.504427786755738961e-01,-4.621359081315439855e-03,2.038893733924845186e+00,2.214204876369252339e+00,-2.006209527362958323e+00,4.782855433853071270e-02
1.763579412315265179e+09,5.477702010448592951e-01,-8.381332550182573130e-03,2.039306705901073435e+00,2.215385980316107783e+00,-2.003954357569835310e+00,4.789179815756097747e-02
1.763579412328953981e+09,5.450687781077637739e-01,-1.208247979157963878e-02,2.039707974894462428e+00,2.216585846294260698e+00,-2.001709133878232461e+00,4.797475819696237626e-02
1.763579412342642784e+09,5.423387956802162568e-01,-1.572511070834831104e-02,2.040097622294211099e+00,2.217804253465870179e+00,-1.999473890987214952e+00,4.807723487112313537e-02
1.763579412356331825e+09,5.395805375884498156e-01,-1.930953112658521237e-02,2.040475728679858047e+00,2.219040982284830044e+00,-1.997248664291199516e+00,4.819902995412635865e-02
1.763579412370020628e+09,5.367944320270652270e-01,-2.283586009513700540e-02,2.040842354975996198e+00,2.220295748424186755e+00,-1.995033605366319129e+00,4.833993868627120549e-02
1.763579412383709669e+09,5.339807140671180008e-01,-2.630446436291352177e-02,2.041197588050806200e+00,2.221568354339623408e+00,-1.992828711118412865e+00,4.849976545417803570e-02
1.763579412397398472e+09,5.311398138350699183e-01,-2.971546701304281571e-02,2.041541489625639638e+00,2.222858514454460366e+00,-1.990634132415364022e+00,4.867830417336947019e-02
1.763579412411087275e+09,5.282720146741833878e-01,-3.306917286304235370e-02,2.041874140080840228e+00,2.224166009535023747e+00,-1.988449904828649473e+00,4.887535694912557155e-02
1.763579412424776316e+09,5.253775980537133128e-01,-3.636588273864701376e-02,2.042195619012908470e+00,2.225490621555343829e+00,-1.986276064650894568e+00,4.909072717657313178e-02
1.763579412438465118e+09,5.224569969111380052e-01,-3.960572571066744985e-02,2.042505989318968318e+00,2.226832063127185179e+00,-1.984112761668259894e+00,4.932420683646188131e-02
1.763579412452154160e+09,5.195104416324793917e-01,-4.278905854853088525e-02,2.042805335907571518e+00,2.228190139725491736e+00,-1.981959994589455487e+00,4.957560354003737180e-02
1.763579412465842962e+09,5.165383669713876635e-01,-4.591601427236655097e-02,2.043093722446791993e+00,2.229564562796340521e+00,-1.979817912466591112e+00,4.984470801312117921e-02
1.763579412479531765e+09,5.135410539430695920e-01,-4.898689272057101668e-02,2.043371228340384427e+00,2.230955114605180700e+00,-1.977686551775803991e+00,5.013132396457481432e-02
1.763579412493220806e+09,5.105187818044131243e-01,-5.200198982472072073e-02,2.043637932234069421e+00,2.232361578541130598e+00,-1.975565949740178295e+00,5.043525632325836228e-02
1.763579412506909609e+09,5.074719879465509065e-01,-5.496144446518363286e-02,2.043893898932976239e+00,2.233783664364764387e+00,-1.973456254291401368e+00,5.075629398499290068e-02
1.763579412520598650e+09,5.044008983596944828e-01,-5.786560364431100195e-02,2.044139211450554772e+00,2.235221180360195348e+00,-1.971357466005552395e+00,5.109424761102831364e-02
1.763579412534287453e+09,5.013059521354596981e-01,-6.071461010682661225e-02,2.044373935337074233e+00,2.236673835206347327e+00,-1.969269732054473421e+00,5.144890491210606792e-02
1.763579412547976255e+09,4.981874281056097864e-01,-6.350875881820952640e-02,2.044598149051966907e+00,2.238141412562754340e+00,-1.967193089851211774e+00,5.182007111335874133e-02
1.763579412561665297e+09,4.950456034592778387e-01,-6.624834092208116421e-02,2.044811930322439242e+00,2.239623697128577007e+00,-1.965127577581560425e+00,5.220755259006937959e-02
1.763579412575354099e+09,4.918809197520282450e-01,-6.893350489596006270e-02,2.045015345797099648e+00,2.241120396023292827e+00,-1.963073341258238180e+00,5.261113532775116286e-02
1.763579412589043140e+09,4.886935988674854792e-01,-7.156458818752829687e-02,2.045208476658824548e+00,2.242631320130093364e+00,-1.961030383389193776e+00,5.303063286303766333e-02
1.763579412602731943e+09,4.854840839460072832e-01,-7.414174305369736206e-02,2.045391390275550503e+00,2.244156175570841238e+00,-1.958998849201497583e+00,5.346583006621084128e-02
1.763579412616420746e+09,4.822526517805245105e-01,-7.666525969323215173e-02,2.045564164194646928e+00,2.245694747294101568e+00,-1.956978777077354570e+00,5.391653359136394652e-02
1.763579412630109787e+09,4.789995776370267744e-01,-7.913542456800241875e-02,2.045726875257070976e+00,2.247246821204036848e+00,-1.954970206197517824e+00,5.438255117289259727e-02
1.763579412643798590e+09,4.757253069462875628e-01,-8.155239554027061966e-02,2.045879591890386262e+00,2.248812101989115853e+00,-1.952973280591239424e+00,5.486366606062292872e-02
1.763579412657487631e+09,4.724300577745669805e-01,-8.391650071545629641e-02,2.046022393511418791e+00,2.250390402921520039e+00,-1.950988004762834072e+00,5.535969449195135561e-02
1.763579412671176434e+09,4.691142770217421876e-01,-8.622790165025202846e-02,2.046155349241246757e+00,2.251981427776139633e+00,-1.949014521930105381e+00,5.587041867132117728e-02
1.763579412684865236e+09,4.657782395865234792e-01,-8.848688388291194029e-02,2.046278535747445115e+00,2.253584962685532656e+00,-1.947052871476667724e+00,5.639564659447596912e-02
1.763579412698554277e+09,4.624222189563679808e-01,-9.069372929975728914e-02,2.046392029016979031e+00,2.255200794653809737e+00,-1.945103093610479617e+00,5.693518726761342963e-02
1.763579412712243080e+09,4.590466641480346333e-01,-9.284860493538771298e-02,2.046495899191839829e+00,2.256828626148523309e+00,-1.943165330312825123e+00,5.748882137949336280e-02
1.763579412725932121e+09,4.556517896996427619e-01,-9.495182976536697961e-02,2.046590223987329704e+00,2.258468272620753670e+00,-1.941239588148886419e+00,5.805636769365429134e-02
1.763579412739620924e+09,4.522380459813655773e-01,-9.700357443376204925e-02,2.046675074213144985e+00,2.260119435708510149e+00,-1.939326008262699741e+00,5.863760592332159516e-02
1.763579412753309727e+09,4.488057061423040839e-01,-9.900411992451955967e-02,2.046750525689323918e+00,2.261781902623293483e+00,-1.937424631071538172e+00,5.923234531857879404e-02
1.763579412766998768e+09,4.453550420359946860e-01,-1.009537436546157074e-01,2.046816653581107648e+00,2.263455461364123789e+00,-1.935535497842816088e+00,5.984039607011537587e-02
1.763579412780687571e+09,4.418865059759595204e-01,-1.028526216185806641e-01,2.046873529680387716e+00,2.265139812387726881e+00,-1.933658748445352460e+00,6.046153648024555488e-02
1.763579412794376612e+09,4.384003092613983354e-01,-1.047010638745289046e-01,2.046921230065467334e+00,2.266834773113985513e+00,-1.931794391569690239e+00,6.109558766402907459e-02
1.763579412808065414e+09,4.348969054435589121e-01,-1.064992499414952054e-01,2.046959827170136137e+00,2.268540043254123173e+00,-1.929942566221603650e+00,6.174232701809429652e-02
1.763579412821754217e+09,4.313765660665436763e-01,-1.082474563553219582e-01,2.046989395999158301e+00,2.270255410993536671e+00,-1.928103313884269809e+00,6.240156495955415800e-02
1.763579412835443258e+09,4.278395614945798009e-01,-1.099459561698436227e-01,2.047010010928312251e+00,2.271980665221107643e+00,-1.926276676916810038e+00,6.307311277627955515e-02
1.763579412849132061e+09,4.242863470487295285e-01,-1.115949341271143119e-01,2.047021745334864029e+00,2.273715504592828118e+00,-1.924462793011079809e+00,6.375674655875990249e-02
1.763579412862821102e+09,4.207171310784972862e-01,-1.131946915802059528e-01,2.047024673724648469e+00,2.275459748287297579e+00,-1.922661673047485476e+00,6.445228959895557552e-02
1.763579412876509905e+09,4.171323700269811141e-01,-1.147454167107143375e-01,2.047018870091016129e+00,2.277213094299036733e+00,-1.920873453829035959e+00,6.515951715151849233e-02
1.763579412890198708e+09,4.135323339778966267e-01,-1.162473817125809772e-01,2.047004408655722418e+00,2.278975331682296712e+00,-1.919098177937064165e+00,6.587824071328067521e-02
1.763579412903887749e+09,4.099172919507737545e-01,-1.177008553827020854e-01,2.046981363037348345e+00,2.280746250110778028e+00,-1.917335888854648562e+00,6.660827258198408207e-02
1.763579412917576551e+09,4.062877019849920335e-01,-1.191060309982488880e-01,2.046949808134008286e+00,2.282525546649827319e+00,-1.915586722032180722e+00,6.734938681091413859e-02
1.763579412931265593e+09,4.026437697695826046e-01,-1.204632014196574535e-01,2.046909816943592197e+00,2.284313042026666629e+00,-1.913850690604427474e+00,6.810140869431086097e-02
1.763579412944954395e+09,3.989859543502713435e-01,-1.217725632786778034e-01,2.046861464954485843e+00,2.286108432729209383e+00,-1.912127929107135138e+00,6.886411151947062492e-02
1.763579412958643198e+09,3.953145244949985426e-01,-1.230343845335539615e-01,2.046804825637698944e+00,2.287911508575512620e+00,-1.910418481252042167e+00,6.963730777563417740e-02
1.763579412972332239e+09,3.916297480232073802e-01,-1.242489298304469414e-01,2.046739971886874176e+00,2.289722059919044650e+00,-1.908722391678427055e+00,7.042081068310397651e-02
1.763579412986021042e+09,3.879320854033712629e-01,-1.254164007692383787e-01,2.046666980056447205e+00,2.291539782444597328e+00,-1.907039793530721061e+00,7.121439243258216589e-02
1.763579412999710083e+09,3.842217399532719124e-01,-1.265370819301352145e-01,2.046585921700888822e+00,2.293364498217929537e+00,-1.905370702262550342e+00,7.201788014596781362e-02
1.763579413013398886e+09,3.804991730320395615e-01,-1.276111781826351765e-01,2.046496873739098721e+00,2.295195902430434920e+00,-1.903715250077900212e+00,7.283104531782239044e-02
1.763579413027087688e+09,3.767646522364510586e-01,-1.286389533554880837e-01,2.046399908923601796e+00,2.297033785558932006e+00,-1.902073481851162873e+00,7.365370134248501455e-02
1.763579413040776730e+09,3.730184443304745967e-01,-1.296206680503232955e-01,2.046295099455367694e+00,2.298877938531616039e+00,-1.900445443410072599e+00,7.448566227550838803e-02
1.763579413054465532e+09,3.692610119224553067e-01,-1.305565319773262234e-01,2.046182523080628535e+00,2.300728055862816479e+00,-1.898831265528599710e+00,7.532669861963220415e-02
1.763579413068154573e+09,3.654925562481474710e-01,-1.314468216488813845e-01,2.046062249974963443e+00,2.302583960746733105e+00,-1.897230966043728539e+00,7.617663914979368178e-02
1.763579413081843376e+09,3.617135406908641437e-01,-1.322917499598274538e-01,2.045934358423258104e+00,2.304445347288335277e+00,-1.895644674763186543e+00,7.703525374244031554e-02
1.763579413095532179e+09,3.579242318208296081e-01,-1.330915767156234386e-01,2.045798920491816997e+00,2.306312006518159929e+00,-1.894072437756269212e+00,7.790235660969919984e-02
1.763579413109221220e+09,3.541248954911487279e-01,-1.338465585795704793e-01,2.045656007721201597e+00,2.308183729834083486e+00,-1.892514302071414800e+00,7.877776255506288572e-02
1.763579413122910023e+09,3.503159961608154349e-01,-1.345569131597509349e-01,2.045505699184913873e+00,2.310060210790060076e+00,-1.890970396047635393e+00,7.966124056792935060e-02
1.763579413136598825e+09,3.464977998535367920e-01,-1.352228978986299013e-01,2.045348066553014377e+00,2.311941240698433653e+00,-1.889440766486649048e+00,8.055260530918903483e-02
1.763579413150287867e+09,3.426705719453134735e-01,-1.358447671474914964e-01,2.045183180985302940e+00,2.313826611188466664e+00,-1.887925461184792431e+00,8.145167198918880358e-02
1.763579413163976669e+09,3.388347778667002430e-01,-1.364227431511960409e-01,2.045011122320671504e+00,2.315716015338736167e+00,-1.886424606989146380e+00,8.235820877314063704e-02
1.763579413177665710e+09,3.349906161237932167e-01,-1.369570899554233001e-01,2.044831958662685967e+00,2.317609277711963678e+00,-1.884938225684223978e+00,8.327204671763073496e-02
1.763579413191354513e+09,3.311385527370115933e-01,-1.374480328537462936e-01,2.044645770347594649e+00,2.319506091111824819e+00,-1.883466443109580668e+00,8.419295347333623225e-02
1.763579413205043316e+09,3.272788529348886200e-01,-1.378958254352643520e-01,2.044452628410856398e+00,2.321406247236306175e+00,-1.882009307313437851e+00,8.512074437923888848e-02
1.763579413218732357e+09,3.234117814139396696e-01,-1.383007182828586423e-01,2.044252603403482915e+00,2.323309538016277820e+00,-1.880566867364433126e+00,8.605523525392889950e-02
1.763579413232421160e+09,3.195378049926121400e-01,-1.386629411994359518e-01,2.044045776388395463e+00,2.325215655906090362e+00,-1.879139247571492533e+00,8.699619302866964943e-02
1.763579413246110201e+09,3.156571208469534096e-01,-1.389827507151108754e-01,2.043832214258032742e+00,2.327124426050669825e+00,-1.877726472270180746e+00,8.794344995907157903e-02
1.763579413259799004e+09,3.117701962695860751e-01,-1.392603795965398905e-01,2.043611998546861042e+00,2.329035540713501273e+00,-1.876328664736099494e+00,8.889677253171163196e-02
1.763579413273487806e+09,3.078772958384805580e-01,-1.394960776856603302e-01,2.043385199688003695e+00,2.330948791873170833e+00,-1.874945874296220172e+00,8.985597667635261687e-02
1.763579413287176847e+09,3.039786837152781973e-01,-1.396900919031534849e-01,2.043151887655944243e+00,2.332863971657108237e+00,-1.873578151323731511e+00,9.082087873251755428e-02
1.763579413300865650e+09,3.000748278170957128e-01,-1.398426593975660159e-01,2.042912144673106223e+00,2.334780772105529589e+00,-1.872225617524905017e+00,9.179124457214199451e-02
1.763579413314554691e+09,2.961659242791556124e-01,-1.399540293958538018e-01,2.042666036485330405e+00,2.336699018735474365e+00,-1.870888299850857139e+00,9.276690747523988478e-02
1.763579413328243494e+09,2.922524413770603569e-01,-1.400244419253504624e-01,2.042413645760772667e+00,2.338618403480329455e+00,-1.869566318948735040e+00,9.374763293890883697e-02
1.763579413341932297e+09,2.883346431828290868e-01,-1.400541431870343800e-01,2.042155042362484352e+00,2.340538718494232118e+00,-1.868259725456511422e+00,9.473323739638214724e-02
1.763579413355621338e+09,2.844127934678412073e-01,-1.400433765455905699e-01,2.041890295720686144e+00,2.342459755996130877e+00,-1.866968571084175466e+00,9.572353762080547390e-02
1.763579413369310141e+09,2.804873609586592265e-01,-1.399923862827987253e-01,2.041619489152776801e+00,2.344381207822193058e+00,-1.865692974870844845e+00,9.671829859940724028e-02
1.763579413382999182e+09,2.765585410389040932e-01,-1.399014145348629334e-01,2.041342687322525329e+00,2.346302899651487639e+00,-1.864432966447687523e+00,9.771735446198413777e-02
1.763579413396687984e+09,2.726268026779352094e-01,-1.397707083773871706e-01,2.041059973967253249e+00,2.348224523297389066e+00,-1.863188663768899023e+00,9.872046989077516710e-02
1.763579413410376787e+09,2.686924095864316464e-01,-1.396005104765940807e-01,2.040771418412198557e+00,2.350145870984541308e+00,-1.861960118815700005e+00,9.972746173517378632e-02
1.763579413424065828e+09,2.647556252901215879e-01,-1.393910607473755336e-01,2.040477089575580827e+00,2.352066734918361934e+00,-1.860747384667127857e+00,1.007381471146376606e-01
1.763579413437754631e+09,2.608169190357911282e-01,-1.391426103923376623e-01,2.040177071805249209e+00,2.353986806941064103e+00,-1.859550577630647350e+00,1.017522903063088763e-01
1.763579413451443672e+09,2.568764857446824146e-01,-1.388553946693395491e-01,2.039871428747424442e+00,2.355905912683651682e+00,-1.858369730081979032e+00,1.027697261151462593e-01
1.763579413465132475e+09,2.529347947906887550e-01,-1.385296674898486846e-01,2.039560245144070638e+00,2.357823744049580394e+00,-1.857204957217866159e+00,1.037902185831508922e-01
1.763579413478821278e+09,2.489921096677612800e-01,-1.381656680915356872e-01,2.039243589814878632e+00,2.359740093228959168e+00,-1.856056312395028662e+00,1.048135848885661386e-01
1.763579413492510319e+09,2.450486938005886628e-01,-1.377636330457026881e-01,2.038921531198329973e+00,2.361654752308631533e+00,-1.854923850093803894e+00,1.058396424098513450e-01
1.763579413506199121e+09,2.411050166669579664e-01,-1.373238202633757510e-01,2.038594154608201592e+00,2.363567413346947088e+00,-1.853807683825509312e+00,1.068681548886832589e-01
1.763579413519888163e+09,2.371612730149545711e-01,-1.368464583364752130e-01,2.038261522737691234e+00,2.365477901716751763e+00,-1.852707848774909127e+00,1.078989576305616760e-01
1.763579413533576965e+09,2.332179323337832955e-01,-1.363318077999255973e-01,2.037923721268874555e+00,2.367385909621672724e+00,-1.851624457316797923e+00,1.089318142118706340e-01
1.763579413547265768e+09,2.292752580452785127e-01,-1.357801045690486819e-01,2.037580818548158756e+00,2.369291229112237662e+00,-1.850557564215646433e+00,1.099665420523930487e-01
1.763579413560954809e+09,2.253335136177008480e-01,-1.351915819777604055e-01,2.037232882566554881e+00,2.371193652051670764e+00,-1.849507225385338849e+00,1.110029587022795250e-01
1.763579413574643612e+09,2.213931684706151592e-01,-1.345665044330996984e-01,2.036879999539234376e+00,2.373092870924547793e+00,-1.848473551476544019e+00,1.120408275423621230e-01
1.763579413588332653e+09,2.174544174681735109e-01,-1.339050940734552997e-01,2.036522231270899930e+00,2.374988710635467015e+00,-1.847456580547573113e+00,1.130799842040609848e-01
1.763579413602021456e+09,2.135177299256693084e-01,-1.332076178448019232e-01,2.036159664319219242e+00,2.376880863898323426e+00,-1.846456422086773630e+00,1.141201919727640596e-01
1.763579413615710258e+09,2.095833693374313245e-01,-1.324743084463159137e-01,2.035792366589575852e+00,2.378769122519009738e+00,-1.845473132298613095e+00,1.151612684224831012e-01
1.763579413629399300e+09,2.056515993599036252e-01,-1.317053960807299806e-01,2.035420405657767606e+00,2.380653278032088149e+00,-1.844506768562772736e+00,1.162030311877496613e-01
1.763579413643088102e+09,2.017228890652061069e-01,-1.309011514386897446e-01,2.035043868575840520e+00,2.382533023558453422e+00,-1.843557438604775722e+00,1.172452434631719581e-01
1.763579413656777143e+09,1.977974337227805246e-01,-1.300617904174586337e-01,2.034662816324529278e+00,2.384408183324366437e+00,-1.842625183420977697e+00,1.182877410314697592e-01
1.763579413670465946e+09,1.938757021847858364e-01,-1.291875861616551824e-01,2.034277336272563019e+00,2.386278450764075298e+00,-1.841710109548782670e+00,1.193302870616555489e-01
1.763579413684154749e+09,1.899579581626568703e-01,-1.282787682605135704e-01,2.033887495916568255e+00,2.388143617333800428e+00,-1.840812274664904047e+00,1.203726991946598157e-01
1.763579413697843790e+09,1.860444656456326229e-01,-1.273355638917868515e-01,2.033493362449394493e+00,2.390003474134395844e+00,-1.839931737647069188e+00,1.214147950620846073e-01
1.763579413711532593e+09,1.821356930691651055e-01,-1.263582498173202728e-01,2.033095023695433934e+00,2.391857715133160145e+00,-1.839068603231156507e+00,1.224563378469349234e-01
1.763579413725221634e+09,1.782318363972086039e-01,-1.253470359056590711e-01,2.032692539875980309e+00,2.393706163667931097e+00,-1.838222915416066527e+00,1.234971633086095338e-01
1.763579413738910437e+09,1.743333637295646221e-01,-1.243022012876584675e-01,2.032285999106295371e+00,2.395548514103396531e+00,-1.837394777723755146e+00,1.245370346743659984e-01
1.763579413752599239e+09,1.704405391393857550e-01,-1.232239725488139676e-01,2.031875468506512572e+00,2.397384557441063713e+00,-1.836584249335435626e+00,1.255757695647432004e-01
1.763579413766288280e+09,1.665536270933170304e-01,-1.221125739481022238e-01,2.031461014918796160e+00,2.399214084243023404e+00,-1.835791390659129219e+00,1.266131855211032886e-01
1.763579413779977083e+09,1.626730951009197346e-01,-1.209682881061615173e-01,2.031042726875357030e+00,2.401036789533079752e+00,-1.835016303376569402e+00,1.276490458894688484e-01
1.763579413793666124e+09,1.587991401098832744e-01,-1.197913190752252222e-01,2.030620663902570566e+00,2.402852495550543033e+00,-1.834259034553699541e+00,1.286831862312965702e-01
1.763579413807354927e+09,1.549322291784290540e-01,-1.185819517599787792e-01,2.030194914797710304e+00,2.404660897800641184e+00,-1.833519684632530566e+00,1.297153700067101012e-01
1.763579413821043730e+09,1.510726268860385357e-01,-1.173404098483822738e-01,2.029765546336673943e+00,2.406461786725113239e+00,-1.832798314331020251e+00,1.307454147285462276e-01
1.763579413834732771e+09,1.472205983213747682e-01,-1.160669147868394618e-01,2.029332625043206662e+00,2.408254952242253388e+00,-1.832094985619738603e+00,1.317731377606169152e-01
1.763579413848421574e+09,1.433766097788852500e-01,-1.147617548423749134e-01,2.028896240092813663e+00,2.410040090642453947e+00,-1.831409797061775757e+00,1.327983027865831112e-01
1.763579413862110615e+09,1.395408594792175438e-01,-1.134251284633169821e-01,2.028456450381478593e+00,2.411817022856416415e+00,-1.830742798854614106e+00,1.338207449953388584e-01
1.763579413875799417e+09,1.357138131497902522e-01,-1.120573261157747358e-01,2.028013345323961047e+00,2.413585445739995006e+00,-1.830094088295825427e+00,1.348402282544945152e-01
1.763579413889488220e+09,1.318957360210249452e-01,-1.106585686963759974e-01,2.027566991384186945e+00,2.415345149070116104e+00,-1.829463727672359319e+00,1.358565698818743894e-01
1.763579413903177261e+09,1.280868939482137925e-01,-1.092290749451547555e-01,2.027117454799739704e+00,2.417095922016227139e+00,-1.828851780549578754e+00,1.368695869764295914e-01
1.763579413916866064e+09,1.242877517214677902e-01,-1.077691385631154020e-01,2.026664825324894004e+00,2.418837462345399647e+00,-1.828258342307433892e+00,1.378790437340803310e-01
1.763579413930555105e+09,1.204985091236156769e-01,-1.062789526070878204e-01,2.026209161289770133e+00,2.420569589469637073e+00,-1.827683466339445895e+00,1.388847747965371027e-01
1.763579413944243908e+09,1.167196302620501502e-01,-1.047588128921980027e-01,2.025750552662083148e+00,2.422292001805507411e+00,-1.827127246734246757e+00,1.398865446135180435e-01
1.763579413957932711e+09,1.129513811627445991e-01,-1.032089376299450134e-01,2.025289065626054263e+00,2.424004488360084419e+00,-1.826589747380031437e+00,1.408841702205244073e-01
1.763579413971621752e+09,1.091940285922319842e-01,-1.016295429601966477e-01,2.024824766165371326e+00,2.425706837448924347e+00,-1.826071033469205407e+00,1.418774683643363177e-01
1.763579413985310555e+09,1.054480355470638897e-01,-1.000209278055301798e-01,2.024357744548552773e+00,2.427398748525870342e+00,-1.825571197134080226e+00,1.428662039277541207e-01
1.763579413998999357e+09,1.017136685999576601e-01,-9.838330881734691502e-02,2.023888066807483010e+00,2.429080010085660657e+00,-1.825090303239076617e+00,1.438501937349764837e-01
1.763579414012688398e+09,9.799119513360349254e-02,-9.671690062639426433e-02,2.023415798789000242e+00,2.430750409881096807e+00,-1.824628417968305882e+00,1.448292542795724391e-01
1.763579414026377201e+09,9.428107692959177000e-02,-9.502200518623454828e-02,2.022941031039190651e+00,2.432409648478925934e+00,-1.824185631474537272e+00,1.458031509402874515e-01
1.763579414040066242e+09,9.058351687182317202e-02,-9.329880736910990680e-02,2.022463821117011840e+00,2.434057542424245657e+00,-1.823762002399113014e+00,1.467717171201279591e-01
1.763579414053755045e+09,8.689897587406690549e-02,-9.154761110676379321e-02,2.021984259740692291e+00,2.435693793067759572e+00,-1.823357619562203880e+00,1.477347185633947901e-01
1.763579414067443848e+09,8.322772153597035594e-02,-8.976863053539407833e-02,2.021502412714034413e+00,2.437318187966278416e+00,-1.822972549481073790e+00,1.486919716722672480e-01
1.763579414081132889e+09,7.957002238284263673e-02,-8.796207785550713698e-02,2.021018345681599548e+00,2.438930513850639414e+00,-1.822606860018476382e+00,1.496432924484468463e-01
1.763579414094821692e+09,7.592633793995838543e-02,-8.612825990238787144e-02,2.020532149600480221e+00,2.440530473310508874e+00,-1.822260637976347963e+00,1.505884472369521665e-01
1.763579414108510733e+09,7.229687340537871432e-02,-8.426735670903727493e-02,2.020043881631532035e+00,2.442117880826046417e+00,-1.821933945359762497e+00,1.515272684395923275e-01
1.763579414122199535e+09,6.868208732086768242e-02,-8.237967700395849857e-02,2.019553632878175797e+00,2.443692439854910248e+00,-1.821626867612256451e+00,1.524595228367895128e-01
1.763579414135888338e+09,6.508224845761410859e-02,-8.046543251434910837e-02,2.019061468948390559e+00,2.445253936910935177e+00,-1.821339472936184700e+00,1.533850263213932807e-01
1.763579414149577379e+09,6.149762662815754649e-02,-7.852483311667803056e-02,2.018567455316727433e+00,2.446802157597951943e+00,-1.821071830905194533e+00,1.543035943159271062e-01
1.763579414163266182e+09,5.792867881223382615e-02,-7.655819031554572662e-02,2.018071683286748907e+00,2.448336806738629523e+00,-1.820824024905882244e+00,1.552149943063032833e-01
1.763579414176955223e+09,5.437561281128732577e-02,-7.456567951711870479e-02,2.017574209685740527e+00,2.449857696538101148e+00,-1.820596120371556603e+00,1.561190575185126272e-01
1.763579414190644026e+09,5.083888450585414415e-02,-7.254761403425315225e-02,2.017075125937788371e+00,2.451364532771068472e+00,-1.820388199304620924e+00,1.570155519437198277e-01
1.763579414204332829e+09,4.731876398327605759e-02,-7.050420329134995945e-02,2.016574497487311657e+00,2.452857100803349066e+00,-1.820200331624770795e+00,1.579042928781341781e-01
1.763579414218021870e+09,4.381552248793434134e-02,-6.843565494704359486e-02,2.016072389671114351e+00,2.454335185006718767e+00,-1.820032588648794025e+00,1.587850950777907055e-01
1.763579414231710672e+09,4.032961416480334432e-02,-6.634228496284361176e-02,2.015568894074703632e+00,2.455798492646944275e+00,-1.819885050283452932e+00,1.596577273441163458e-01
1.763579414245399714e+09,3.686124970793361322e-02,-6.422426433048891714e-02,2.015064067256325142e+00,2.457246833444040490e+00,-1.819757785454790389e+00,1.605220195526630700e-01
1.763579414259088516e+09,3.341088204741027995e-02,-6.208191073478185051e-02,2.014558000896199186e+00,2.458679915699843566e+00,-1.819650872659572149e+00,1.613777410799584755e-01
1.763579414272777319e+09,2.997878273133951915e-02,-5.991543140352983965e-02,2.014050760307448229e+00,2.460097523527104091e+00,-1.819564383567086496e+00,1.622247065382610709e-01
1.763579414286466360e+09,2.656522458055586913e-02,-5.772503188373633021e-02,2.013542410721389064e+00,2.461499439960497693e+00,-1.819498391269510851e+00,1.630627299298071653e-01
1.763579414300155163e+09,2.317065861604917718e-02,-5.551103238141339574e-02,2.013033043940952727e+00,2.462885374918980297e+00,-1.819452972129274704e+00,1.638915815461590986e-01
1.763579414313844204e+09,1.979529871369912000e-02,-5.327359968627876086e-02,2.012522716319863569e+00,2.464255135427358301e+00,-1.819428198629651439e+00,1.647110897378090688e-01
1.763579414327533007e+09,1.643959456391701907e-02,-5.101305564267437365e-02,2.012011519729953957e+00,2.465608432524688531e+00,-1.819424145697274620e+00,1.655210254412684268e-01
1.763579414341221809e+09,1.310381932018488994e-02,-4.872960538801755781e-02,2.011499519385312684e+00,2.466945048965615062e+00,-1.819440886783270761e+00,1.663212024975344872e-01
1.763579414354910851e+09,9.788247524401914174e-03,-4.642345246388413643e-02,2.010986780444032451e+00,2.468264766342665339e+00,-1.819478496787456878e+00,1.671114340677345711e-01
1.763579414368599653e+09,6.493326784350657126e-03,-4.409492110838186818e-02,2.010473394861941987e+00,2.469567297438076015e+00,-1.819537048463431672e+00,1.678914921081870737e-01
1.763579414382288694e+09,3.219274446962737488e-03,-4.174417412161416513e-02,2.009959418852772295e+00,2.470852446371353928e+00,-1.819616617916196777e+00,1.686612032697037411e-01
1.763579414395977497e+09,-3.346332624716244513e-05,-3.937153729505585287e-02,2.009444944415442080e+00,2.472119927128872519e+00,-1.819717276437756937e+00,1.694203402234003841e-01
1.763579414409666300e+09,-3.264611631809745309e-03,-3.697721378193755126e-02,2.008930036697269550e+00,2.473369521002120486e+00,-1.819839099293328877e+00,1.701687159517032699e-01
1.763579414423355341e+09,-6.473894062149702922e-03,-3.456140522461081249e-02,2.008414760815390387e+00,2.474601008036436678e+00,-1.819982163222617189e+00,1.709061426873199341e-01
1.763579414437044144e+09,-9.660866711914640678e-03,-3.212443968087241170e-02,2.007899208814000414e+00,2.475814104087426415e+00,-1.820146537305890933e+00,1.716323942259458391e-01
1.763579414450733185e+09,-1.282530847389808971e-02,-2.966647617361807196e-02,2.007383436831364776e+00,2.477008610159202373e+00,-1.820332301334379732e+00,1.723472953440913502e-01
1.763579414464421988e+09,-1.596677700470490804e-02,-2.718784422904891446e-02,2.006867536928963691e+00,2.478184243395553210e+00,-1.820539522900961327e+00,1.730506206220979171e-01
1.763579414478110790e+09,-1.908499550626707383e-02,-2.468874512241217567e-02,2.006351574219609191e+00,2.479340783519765612e+00,-1.820768279117191302e+00,1.737421820965099062e-01
1.763579414491799831e+09,-2.217968556072170624e-02,-2.216937870303845384e-02,2.005835613811739915e+00,2.480478008924939637e+00,-1.821018648594913580e+00,1.744217909843051029e-01
1.763579414505488634e+09,-2.525040725436944813e-02,-1.963007663600686847e-02,2.005319747773393946e+00,2.481595638750143884e+00,-1.821290696676566512e+00,1.750892230951764106e-01
1.763579414519177675e+09,-2.829693543050610174e-02,-1.707099437941225067e-02,2.004804032231901623e+00,2.482693470674013803e+00,-1.821584506904109446e+00,1.757443011567124402e-01
1.763579414532866478e+09,-3.131883185307891143e-02,-1.449246498177517335e-02,2.004288559246770962e+00,2.483771225207828781e+00,-1.821900143106789161e+00,1.763868018331004872e-01
1.763579414546555281e+09,-3.431581768480968658e-02,-1.189468794656285515e-02,2.003773393928570457e+00,2.484828680401631296e+00,-1.822237684274749636e+00,1.770165361276928306e-01
1.763579414560244322e+09,-3.728761235293656662e-02,-9.277861436288323271e-03,2.003258601409307449e+00,2.485865612891242638e+00,-1.822597210924222777e+00,1.776333141544269301e-01
1.763579414573933125e+09,-4.023378022463610509e-02,-6.642320510906377269e-03,2.002744273716338785e+00,2.486881745309282632e+00,-1.822978784595322699e+00,1.782369139116144197e-01
1.763579414587622166e+09,-4.315409180448348536e-02,-3.988217276117568544e-03,2.002230467030578165e+00,2.487876871798815337e+00,-1.823382492645232666e+00,1.788271559033009772e-01
1.763579414601310968e+09,-4.604811325299124763e-02,-1.315888090355324435e-03,2.001717273345044124e+00,2.488850716448709033e+00,-1.823808395075073863e+00,1.794038190521408949e-01
1.763579414614999771e+09,-4.891556354905955001e-02,1.374469208489818850e-03,2.001204757800323808e+00,2.489803055530716236e+00,-1.824256572785827757e+00,1.799667132409837333e-01
1.763579414628688812e+09,-5.175615982041608526e-02,4.082658038519077978e-03,2.000692985584251460e+00,2.490733663818328836e+00,-1.824727108230361328e+00,1.805156473934164674e-01
1.763579414642377615e+09,-5.456947100433618553e-02,6.808340157308660420e-03,2.000182048618977415e+00,2.491642267647812048e+00,-1.825220059081965607e+00,1.810504018709898078e-01
1.763579414656066656e+09,-5.735526297745157515e-02,9.551366599145606762e-03,1.999672003203527337e+00,2.492528657416563487e+00,-1.825735516577545070e+00,1.815707947795857646e-01
1.763579414669755459e+09,-6.011310658606289214e-02,1.231139790809031472e-02,1.999162941199900123e+00,2.493392561001132268e+00,-1.826273536825597787e+00,1.820766074749464725e-01
1.763579414683444262e+09,-6.284271848063728572e-02,1.508823780562559141e-02,1.998654927810966875e+00,2.494233752789936087e+00,-1.826834202670191587e+00,1.825676486321087255e-01
1.763579414697133303e+09,-6.554381334478055765e-02,1.788169118426354356e-02,1.998148028312653812e+00,2.495052005589093458e+00,-1.827417598533079390e+00,1.830437258969981051e-01
1.763579414710822105e+09,-6.821596497508965184e-02,2.069141683151807035e-02,1.997642334457376379e+00,2.495847049648601601e+00,-1.828023778156228074e+00,1.835046221690255219e-01
1.763579414724511147e+09,-7.085893433102993799e-02,2.351726870925710880e-02,1.997137902726799474e+00,2.496618671410107737e+00,-1.828652836720765062e+00,1.839501529812886393e-01
1.763579414738199949e+09,-7.347229723391318634e-02,2.635890447644158308e-02,1.996634824787378415e+00,2.497366602747930653e+00,-1.829304826378067128e+00,1.843801022972381132e-01
1.763579414751888752e+09,-7.605576786116197141e-02,2.921612930772428743e-02,1.996133165936529563e+00,2.498090616062108360e+00,-1.829979831947536661e+00,1.847942774967874235e-01
1.763579414765577793e+09,-7.860905830764872149e-02,3.208874946382486715e-02,1.995632991570533532e+00,2.498790482086339804e+00,-1.830677939852062730e+00,1.851924848608907104e-01
1.763579414779266596e+09,-8.113174751851492950e-02,3.497642097460158805e-02,1.995134393207544932e+00,2.499465935194445265e+00,-1.831399199837787428e+00,1.855745100014394577e-01
1.763579414792955637e+09,-8.362359124683671485e-02,3.787900051709655602e-02,1.994637427576392064e+00,2.500116757662226963e+00,-1.832143711094560201e+00,1.859401657041263589e-01
1.763579414806644440e+09,-8.608417057815957729e-02,4.079614307757787467e-02,1.994142186083458279e+00,2.500742685571864854e+00,-1.832911521752133011e+00,1.862892387147310203e-01
1.763579414820333242e+09,-8.851319707225020761e-02,4.372765517766497717e-02,1.993648734152965840e+00,2.501343489229964412e+00,-1.833702718637494122e+00,1.866215350307330045e-01
1.763579414834022284e+09,-9.091038009063616421e-02,4.667334434008172522e-02,1.993157137333816387e+00,2.501918937192764147e+00,-1.834517390206916065e+00,1.869368594808047679e-01
1.763579414847711086e+09,-9.327530401622645406e-02,4.963286404943739044e-02,1.992667486845376201e+00,2.502468768167998903e+00,-1.835355582146220854e+00,1.872350005639392134e-01
1.763579414861399889e+09,-9.560767876878259464e-02,5.260602158455295746e-02,1.992179848203440962e+00,2.502992751155798778e+00,-1.836217382502425943e+00,1.875157634062479817e-01
1.763579414875088930e+09,-9.790721200041377359e-02,5.559262517437634638e-02,1.991694287063965563e+00,2.503490653355502804e+00,-1.837102880967311558e+00,1.877789519231261028e-01
1.763579414888777733e+09,-1.001734914955123845e-01,5.859232687832430231e-02,1.991210894436074019e+00,2.503962216176035316e+00,-1.838012120759551449e+00,1.880243564296435188e-01
1.763579414902466774e+09,-1.024062640753521242e-01,6.160498727591022516e-02,1.990729727578272046e+00,2.504407214790863367e+00,-1.838945207617100674e+00,1.882517849524356079e-01
1.763579414916155577e+09,-1.046051198498322843e-01,6.463025751890114079e-02,1.990250877346615876e+00,2.504825392451728305e+00,-1.839902183100965205e+00,1.884610290522177878e-01
1.763579414929844379e+09,-1.067697658896802348e-01,6.766794606315938709e-02,1.989774409435328906e+00,2.505216515897260798e+00,-1.840883137317344431e+00,1.886518923329713326e-01
1.763579414943533421e+09,-1.088999068822822103e-01,7.071786222971182534e-02,1.989300389704607319e+00,2.505580349981264554e+00,-1.841888162043002319e+00,1.888241771181130291e-01
1.763579414957222223e+09,-1.109951365125544515e-01,7.377965587257681590e-02,1.988828908761546499e+00,2.505916640782725135e+00,-1.842917296333096200e+00,1.889776768892074688e-01
1.763579414970911264e+09,-1.130551956434020372e-01,7.685318973418468758e-02,1.988360024279584248e+00,2.506225158763028205e+00,-1.843970650101996567e+00,1.891121964714709003e-01
1.763579414984600067e+09,-1.150796804009373842e-01,7.993811284586681276e-02,1.987893826686935927e+00,2.506505651928010447e+00,-1.845048260721389166e+00,1.892275306619619346e-01
1.763579414998288870e+09,-1.170682948622424197e-01,8.303423473432369750e-02,1.987430381888520392e+00,2.506757884649760904e+00,-1.846150220388911078e+00,1.893234814552211542e-01
1.763579415011977911e+09,-1.190207406053689493e-01,8.614136570645773705e-02,1.986969755981036201e+00,2.506981619331501765e+00,-1.847276622998557993e+00,1.893998494953766654e-01
1.763579415025666714e+09,-1.209366175049799708e-01,8.925915362329563119e-02,1.986512039105026162e+00,2.507176606932371765e+00,-1.848427503377470638e+00,1.894564316051087494e-01
1.763579415039355755e+09,-1.228156601763890632e-01,9.238746317777796202e-02,1.986057289413385440e+00,2.507342612991584563e+00,-1.849602975680936012e+00,1.894930292335937627e-01
1.763579415053044558e+09,-1.246574710511448719e-01,9.552594149320731143e-02,1.985605596841967246e+00,2.507479390479168568e+00,-1.850803073026825452e+00,1.895094405888543554e-01
1.763579415066733360e+09,-1.264617510680720869e-01,9.867439906091865498e-02,1.985157027538642982e+00,2.507586701295616116e+00,-1.852027889736455712e+00,1.895054659686798704e-01
1.763579415080422401e+09,-1.282281985512765954e-01,1.018326470674867507e-01,1.984711647868876661e+00,2.507664305288526574e+00,-1.853277521853303522e+00,1.894809042505992691e-01
1.763579415094111204e+09,-1.299564198543910198e-01,1.050003315933530496e-01,1.984269547442129911e+00,2.507711958507278016e+00,-1.854551999911994375e+00,1.894355557730287853e-01
1.763579415107800245e+09,-1.316461430559147106e-01,1.081773190695619058e-01,1.983830784955284532e+00,2.507729421358825039e+00,-1.855851442373230631e+00,1.893692184344845930e-01
1.763579415121489048e+09,-1.332969771820552152e-01,1.113632549237937308e-01,1.983395449787303644e+00,2.507716451987474393e+00,-1.857175878036569472e+00,1.892816940285740601e-01
1.763579415135177851e+09,-1.349086198887687882e-01,1.145579505058147568e-01,1.982963608361275609e+00,2.507672809717086171e+00,-1.858525403379259755e+00,1.891727810690250478e-01
1.763579415148866892e+09,-1.364807661016040896e-01,1.177612177756685863e-01,1.982535327343694531e+00,2.507598251734583172e+00,-1.859900116626508559e+00,1.890422765794568805e-01
1.763579415162555695e+09,-1.380130289423860956e-01,1.209727012456184997e-01,1.982110695748414919e+00,2.507492539389679642e+00,-1.861300043955929517e+00,1.888899845886430895e-01
1.763579415176244736e+09,-1.395051296635769489e-01,1.241922688724055313e-01,1.981689772880828704e+00,2.507355427746974286e+00,-1.862725308198134755e+00,1.887156992698180991e-01
1.763579415189933538e+09,-1.409566841752658284e-01,1.274195646004944449e-01,1.981272647498480977e+00,2.507186680335143247e+00,-1.864175933769867788e+00,1.885192261767948407e-01
1.763579415203622341e+09,-1.423673867059293829e-01,1.306544005318797663e-01,1.980859386331943917e+00,2.506986053796366853e+00,-1.865652019336560219e+00,1.883003619519294514e-01
1.763579415217311382e+09,-1.437369286379473476e-01,1.338965892938705493e-01,1.980450056381002799e+00,2.506753302551851803e+00,-1.867153665337399904e+00,1.880589016776213762e-01
1.763579415231000185e+09,-1.450649301505601008e-01,1.371457740429583572e-01,1.980044745999381073e+00,2.506488193461734681e+00,-1.868680893528488429e+00,1.877946532476219565e-01
1.763579415244689226e+09,-1.463511053809696816e-01,1.404018240491744784e-01,1.979643515165506740e+00,2.506190476038173909e+00,-1.870233831174848316e+00,1.875074069352635209e-01
1.763579415258378029e+09,-1.475950774123701015e-01,1.436643819861748717e-01,1.979246451950981367e+00,2.505859919404303859e+00,-1.871812498245913003e+00,1.871969722291851046e-01
1.763579415272066832e+09,-1.487965369011465810e-01,1.469332606019786436e-01,1.978853623426123143e+00,2.505496277415580231e+00,-1.873416995627543047e+00,1.868631438130608780e-01
1.763579415285755873e+09,-1.499551715418987186e-01,1.502082730849571834e-01,1.978465096956272262e+00,2.505099301622447427e+00,-1.875047426005158169e+00,1.865057147407599702e-01
1.763579415299444675e+09,-1.510706088605051900e-01,1.534890614482370130e-01,1.978080960170494063e+00,2.504668764605555431e+00,-1.876703806648847284e+00,1.861244969456321841e-01
1.763579415313133717e+09,-1.521425555896849524e-01,1.567754960627328886e-01,1.977701273784777891e+00,2.504204410114530432e+00,-1.878386269322543711e+00,1.857192766264870454e-01
1.763579415326822519e+09,-1.531706422749596341e-01,1.600672185436986250e-01,1.977326125120257849e+00,2.503706013077055204e+00,-1.880094829483870855e+00,1.852898673814105945e-01
1.763579415340511322e+09,-1.541545558560113993e-01,1.633640421789745167e-01,1.976955581619256108e+00,2.503173324456813287e+00,-1.881829590271366204e+00,1.848360618480841822e-01
1.763579415354200363e+09,-1.550939801950481645e-01,1.666657806117905205e-01,1.976589711044930642e+00,2.502606092828437490e+00,-1.883590656648926887e+00,1.843576509645359907e-01
1.763579415367889166e+09,-1.559885504538097434e-01,1.699720749243150419e-01,1.976228600237161181e+00,2.502004096703185354e+00,-1.885378041336133625e+00,1.838544508783354070e-01
1.763579415381578207e+09,-1.568379656713091153e-01,1.732827963759395462e-01,1.975872310714027247e+00,2.501367073858055790e+00,-1.887191880660326948e+00,1.833262435391481149e-01
1.763579415395267010e+09,-1.576418641446184488e-01,1.765975857359223522e-01,1.975520928981666424e+00,2.500694805235375906e+00,-1.889032185502820482e+00,1.827728468291278940e-01
1.763579415408955812e+09,-1.583999289521056675e-01,1.799162567257215906e-01,1.975174522886671724e+00,2.499987038802007344e+00,-1.890899061287080629e+00,1.821940512526531997e-01
1.763579415422644854e+09,-1.591118399789753779e-01,1.832386233372226558e-01,1.974833160622279093e+00,2.499243520051730005e+00,-1.892792615287730573e+00,1.815896455446008029e-01
1.763579415436333656e+09,-1.597772403120512053e-01,1.865643259340421523e-01,1.974496928174657384e+00,2.498464033636495163e+00,-1.894712855609342439e+00,1.809594502413802153e-01
1.763579415450022697e+09,-1.603958210074174773e-01,1.898932364516414950e-01,1.974165887928498231e+00,2.497648311150583833e+00,-1.896659923207161480e+00,1.803032428688923772e-01
1.763579415463711500e+09,-1.609672284029193545e-01,1.932249950256901272e-01,1.973840125510417431e+00,2.496796139761053634e+00,-1.898633824321692920e+00,1.796208457679797643e-01
1.763579415477400303e+09,-1.614911415709991693e-01,1.965594157050608581e-01,1.973519709203541694e+00,2.495907264332904330e+00,-1.900634666693581165e+00,1.789120472224072778e-01
1.763579415491089344e+09,-1.619672362752471451e-01,1.998963127240911131e-01,1.973204707663452018e+00,2.494981427174018496e+00,-1.902662559940428100e+00,1.781766336765902570e-01
1.763579415504778147e+09,-1.623951638167936418e-01,2.032353259402525925e-01,1.972895205958078435e+00,2.494018419287132637e+00,-1.904717507487298844e+00,1.774144302303991838e-01
1.763579415518467188e+09,-1.627746069795713291e-01,2.065763277526701802e-01,1.972591267403256188e+00,2.493017965873721042e+00,-1.906799654981844006e+00,1.766252098113497426e-01
1.763579415532155991e+09,-1.631052204314216714e-01,2.099189578758312580e-01,1.972292976681551568e+00,2.491979860535665559e+00,-1.908909003959262440e+00,1.758087993935937288e-01
1.763579415545844793e+09,-1.633866790942499481e-01,2.132630305798197956e-01,1.972000402544889175e+00,2.490903844931059208e+00,-1.911045664509627651e+00,1.749649849529723300e-01
1.763579415559533834e+09,-1.636186544654202879e-01,2.166083602352221471e-01,1.971713614143457249e+00,2.489789658076838386e+00,-1.913209748625766426e+00,1.740935505561290730e-01
1.763579415573222637e+09,-1.638008063495929034e-01,2.199545864057717293e-01,1.971432695562424398e+00,2.488637097536619880e+00,-1.915401254988740476e+00,1.731943260410159502e-01
1.763579415586911678e+09,-1.639328089693259105e-01,2.233015817418500804e-01,1.971157711113289190e+00,2.487445881908978418e+00,-1.917620334003100835e+00,1.722670795621427942e-01
1.763579415600600481e+09,-1.640143256116797787e-01,2.266489857491691129e-01,1.970888744470047360e+00,2.486215811440712020e+00,-1.919866982434244917e+00,1.713116429015914821e-01
1.763579415614289284e+09,-1.640450269034110786e-01,2.299966128128204113e-01,1.970625864885679368e+00,2.484946624477952337e+00,-1.922141312753919529e+00,1.703277996399686911e-01
1.763579415627978325e+09,-1.640245799310462715e-01,2.333442773334355458e-01,1.970369142037240451e+00,2.483638056641646941e+00,-1.924443439362423902e+00,1.693153313788355874e-01
1.763579415641667128e+09,-1.639526532919983182e-01,2.366916187934163252e-01,1.970118658962610292e+00,2.482289912266378629e+00,-1.926773356132317039e+00,1.682740728688465748e-01
1.763579415655356169e+09,-1.638289123582277185e-01,2.400385098819942942e-01,1.969874481033481173e+00,2.480901903137736841e+00,-1.929131218289553029e+00,1.672037873168847055e-01
1.763579415669044971e+09,-1.636530293252371482e-01,2.433845901085125163e-01,1.969636690850747884e+00,2.479473836357519279e+00,-1.931517017765224331e+00,1.661043114875826454e-01
1.763579415682733774e+09,-1.634246703800227296e-01,2.467296738668670053e-01,1.969405358200714273e+00,2.478005446854862459e+00,-1.933930869445001921e+00,1.649754264790025682e-01
1.763579415696422815e+09,-1.631434980536624613e-01,2.500735754815318068e-01,1.969180553319569205e+00,2.476496466749678049e+00,-1.936372890168914118e+00,1.638169113403130650e-01
1.763579415710111618e+09,-1.628091900255445867e-01,2.534159345659834917e-01,1.968962358133376833e+00,2.474946707357607689e+00,-1.938843068936515479e+00,1.626286059094917136e-01
1.763579415723800659e+09,-1.624214025278094276e-01,2.567566236358969634e-01,1.968750839138547093e+00,2.473355873441160035e+00,-1.941341565859660001e+00,1.614102682711739123e-01
1.763579415737489462e+09,-1.619798169536242061e-01,2.600952824166530286e-01,1.968546077798348337e+00,2.471723779167228852e+00,-1.943868367970637445e+00,1.601617403471638501e-01
1.763579415751178265e+09,-1.614840949056139396e-01,2.634317252047491675e-01,1.968348144464670657e+00,2.470050155942906223e+00,-1.946423592601296493e+00,1.588828006656690106e-01
1.763579415764867306e+09,-1.609338942147960638e-01,2.667657661422977444e-01,1.968157109965098295e+00,2.468334732282022159e+00,-1.949007359063635869e+00,1.575732256361546679e-01
1.763579415778556108e+09,-1.603289019317570840e-01,2.700970451862571564e-01,1.967973055049353048e+00,2.466577326691366867e+00,-1.951619651419710166e+00,1.562328603585425302e-01
1.763579415792244911e+09,-1.596687768390888107e-01,2.734253765237079081e-01,1.967796050424159171e+00,2.464777668414384948e+00,-1.954260588484547423e+00,1.548614817772194507e-01
1.763579415805933952e+09,-1.589531738783623027e-01,2.767505741363681659e-01,1.967626167287424455e+00,2.462935483750837040e+00,-1.956930291068809336e+00,1.534588646759220409e-01
1.763579415819622755e+09,-1.581817858617035333e-01,2.800722782892404727e-01,1.967463485652096278e+00,2.461050595623044401e+00,-1.959628740241096123e+00,1.520248573955524651e-01
1.763579415833311796e+09,-1.573542537959635723e-01,2.833903607785034362e-01,1.967308073948347946e+00,2.459122697119604517e+00,-1.962356104064854945e+00,1.505592094619426780e-01
1.763579415847000599e+09,-1.564702743921502492e-01,2.867044621170040108e-01,1.967160011685034515e+00,2.457151614148548990e+00,-1.965112361600141577e+00,1.490617714115790027e-01
1.763579415860689402e+09,-1.555295016171057143e-01,2.900143962244987605e-01,1.967019370186088301e+00,2.455137072263206210e+00,-1.967897634159758047e+00,1.475323174792970982e-01
1.763579415874378443e+09,-1.545315854809626022e-01,2.933199767304193739e-01,1.966886221292433845e+00,2.453078793989184714e+00,-1.970712045077941177e+00,1.459706196694338376e-01
1.763579415888067245e+09,-1.534762286298014533e-01,2.966208445831005069e-01,1.966760643737434311e+00,2.450976609776099213e+00,-1.973555570382590663e+00,1.443765318642285522e-01
1.763579415901756287e+09,-1.523630621786738748e-01,2.999168708529065808e-01,1.966642707243748900e+00,2.448830205143231353e+00,-1.976428383190748761e+00,1.427497980132515498e-01
1.763579415915445089e+09,-1.511917927882318324e-01,3.032076968209803103e-01,1.966532490014842205e+00,2.446639413609945635e+00,-1.979330457495976470e+00,1.410902742641749752e-01
1.763579415929133892e+09,-1.499620694649565211e-01,3.064931360335504396e-01,1.966430064024114577e+00,2.444403956934408484e+00,-1.982261917141098673e+00,1.393977320549725230e-01
1.763579415942822933e+09,-1.486735371429304953e-01,3.097730016615588000e-01,1.966335501787770168e+00,2.442123553763030142e+00,-1.985222888016172638e+00,1.376719405232710858e-01
1.763579415956511736e+09,-1.473259085914121469e-01,3.130469355490791417e-01,1.966248880695064205e+00,2.439798042282811164e+00,-1.988213341043902682e+00,1.359127592672679241e-01
1.763579415970200777e+09,-1.459188047444305303e-01,3.163148078282557729e-01,1.966170271825670834e+00,2.437427100233628963e+00,-1.991233454459429453e+00,1.341199264856512696e-01
1.763579415983889580e+09,-1.444519425015047265e-01,3.195762607609323180e-01,1.966099752013131141e+00,2.435010568956267996e+00,-1.994283197125313212e+00,1.322933041118994069e-01
1.763579415997578382e+09,-1.429249657641430693e-01,3.228311074136069880e-01,1.966037393912577702e+00,2.432548166308685644e+00,-1.997362695446651015e+00,1.304326606998136850e-01
1.763579416011267424e+09,-1.413375142457670153e-01,3.260791603925287108e-01,1.965983270747760470e+00,2.430039606953049436e+00,-2.000472077901573442e+00,1.285377624330007740e-01
1.763579416024956226e+09,-1.396893111280354538e-01,3.293200626499165895e-01,1.965937458499298796e+00,2.427484737023837269e+00,-2.003611310243090138e+00,1.266084748002365978e-01
1.763579416038645267e+09,-1.379799668747321018e-01,3.325536831672876725e-01,1.965900029668404381e+00,2.424883226271429937e+00,-2.006780575888933438e+00,1.246445300747063140e-01
1.763579416052334070e+09,-1.362092089134659956e-01,3.357796653995946956e-01,1.965871059654177078e+00,2.422234924068128681e+00,-2.009979838506174232e+00,1.226457961503155530e-01
1.763579416066022873e+09,-1.343766758961615626e-01,3.389978218274014576e-01,1.965850621825743882e+00,2.419539544266636533e+00,-2.013209227094428844e+00,1.206120386093831043e-01
1.763579416079711914e+09,-1.324820021709673945e-01,3.422079643860600484e-01,1.965838790146659187e+00,2.416796797439830335e+00,-2.016468872752147146e+00,1.185430205941845755e-01
1.763579416093400717e+09,-1.305249216211658292e-01,3.454097373483422384e-01,1.965835639124380974e+00,2.414006537879754610e+00,-2.019758735998146815e+00,1.164386136586955944e-01
1.763579416107089758e+09,-1.285050339510721562e-01,3.486030083327307794e-01,1.965841242746186435e+00,2.411168427137203363e+00,-2.023079005497249838e+00,1.142985439759773292e-01
1.763579416120778561e+09,-1.264220774056084573e-01,3.517874221996936113e-01,1.965855674912202922e+00,2.408282322826080790e+00,-2.026429639656532444e+00,1.121226855749834495e-01
1.763579416134467363e+09,-1.242756852425035696e-01,3.549627907376570746e-01,1.965879009737816929e+00,2.405347934688791156e+00,-2.029810770102384421e+00,1.099108009792395257e-01
1.763579416148156404e+09,-1.220654863000220081e-01,3.581289251048732081e-01,1.965911321958650149e+00,2.402364969103877534e+00,-2.033222530585825805e+00,1.076626502023803056e-01
1.763579416161845207e+09,-1.197912254522918857e-01,3.612854711070727642e-01,1.965952684544474360e+00,2.399333288731041236e+00,-2.036664876326979456e+00,1.053781110382011332e-01
1.763579416175534248e+09,-1.174524913549385430e-01,3.644322947872981056e-01,1.966003173033157525e+00,2.396252546711399312e+00,-2.040138001302259418e+00,1.030569033850195215e-01
1.763579416189223051e+09,-1.150490333594178100e-01,3.675690426239382469e-01,1.966062859761329884e+00,2.393122609110549526e+00,-2.043641858594252181e+00,1.006989075814563178e-01
1.763579416202911854e+09,-1.125804791846549274e-01,3.706955256070802451e-01,1.966131819622899179e+00,2.389943181455553844e+00,-2.047176582488365870e+00,9.830388300493639320e-02
1.763579416216600895e+09,-1.100464520144131958e-01,3.738115540116704327e-01,1.966210128157820369e+00,2.386713965825574935e+00,-2.050742309420440002e+00,9.587158645313829941e-02
1.763579416230289698e+09,-1.074467080028992105e-01,3.769167753888094108e-01,1.966297856733649985e+00,2.383434833458064617e+00,-2.054338989247405323e+00,9.340190213430617228e-02
1.763579416243978739e+09,-1.047808244678090223e-01,3.800110539936845666e-01,1.966395082503375580e+00,2.380105428874364826e+00,-2.057966821321769668e+00,9.089454349737942362e-02
1.763579416257667542e+09,-1.020485621563815837e-01,3.830940381350260160e-01,1.966501876175597019e+00,2.376725626801866387e+00,-2.061625753337118727e+00,8.834939736528875376e-02
1.763579416271356344e+09,-9.924954310408555525e-02,3.861655378983565035e-01,1.966618313455012590e+00,2.373295128447227675e+00,-2.065315922270140714e+00,8.576621988201355018e-02
1.763579416285045385e+09,-9.638338469563312305e-02,3.892253625691449725e-01,1.966744470718165827e+00,2.369813631485203853e+00,-2.069037467273727504e+00,8.314476454201667754e-02
1.763579416298734188e+09,-9.344985465444807793e-02,3.922731616562257217e-01,1.966880417665885838e+00,2.366281015941066546e+00,-2.072790332777147526e+00,8.048492214254235333e-02
1.763579416312423229e+09,-9.044851867117473243e-02,3.953087974145764738e-01,1.967026233130789725e+00,2.362696917506323935e+00,-2.076574723573465509e+00,7.778639950861407359e-02
1.763579416326112032e+09,-8.737914917797452719e-02,3.983319201956317945e-01,1.967181986128938354e+00,2.359061219780225205e+00,-2.080390581902801017e+00,7.504909012202420904e-02
1.763579416339800835e+09,-8.424136238221754946e-02,4.013423390741311936e-01,1.967347753208090078e+00,2.355373619543976726e+00,-2.084238047465380550e+00,7.227274680597098322e-02
1.763579416353489876e+09,-8.103476972534146006e-02,4.043398622400652953e-01,1.967523611613569923e+00,2.351633809962988320e+00,-2.088117262163279975e+00,6.945711966471170007e-02
1.763579416367178679e+09,-7.775915078791083290e-02,4.073241413717287318e-01,1.967709629315168574e+00,2.347841680060060998e+00,-2.092028164933988688e+00,6.660210625803836271e-02
1.763579416380867720e+09,-7.441405934769622366e-02,4.102950365132616017e-01,1.967905886889095513e+00,2.343996856487768010e+00,-2.095970966074611752e+00,6.370740661524625092e-02
1.763579416394556522e+09,-7.099927980303885611e-02,4.132522002670434014e-01,1.968112451595665391e+00,2.340099231924989809e+00,-2.099945602309698067e+00,6.077292104503233261e-02
1.763579416408245325e+09,-6.751442240607370693e-02,4.161954405999672701e-01,1.968329400855067135e+00,2.336148498627522940e+00,-2.103952216089999716e+00,5.779839897693352102e-02
1.763579416421934366e+09,-6.395909247368408712e-02,4.191245644811625315e-01,1.968556812819737933e+00,2.332144345135704899e+00,-2.107990952110067262e+00,5.478358700741184362e-02
1.763579416435623169e+09,-6.033308180722936342e-02,4.220392260097237114e-01,1.968794753651596174e+00,2.328086669701650013e+00,-2.112061743728706809e+00,5.172838969488997157e-02
1.763579416449312210e+09,-5.663593183525296448e-02,4.249392827295870312e-01,1.969043305759301088e+00,2.323975089686026063e+00,-2.116164806855860725e+00,4.863249997682015519e-02
1.763579416463001013e+09,-5.286743949590846231e-02,4.278243898552493429e-01,1.969302534535855909e+00,2.319809507140319749e+00,-2.120300072550364678e+00,4.549582539827786570e-02
1.763579416476689816e+09,-4.902720840244917389e-02,4.306943538576008534e-01,1.969572518395293015e+00,2.315589609532780813e+00,-2.124467686208070472e+00,4.231811146271682866e-02
1.763579416490378857e+09,-4.511483860584357408e-02,4.335489809034777653e-01,1.969853336263504229e+00,2.311315080966011681e+00,-2.128667795046132127e+00,3.909910199993380658e-02
1.763579416504067659e+09,-4.113013258229826496e-02,4.363879267652567284e-01,1.970145052733511370e+00,2.306985828596697541e+00,-2.132900327332819757e+00,3.583870722620021571e-02
1.763579416517756701e+09,-3.707262242174479833e-02,4.392110480003130202e-01,1.970447751565219896e+00,2.302601461245200820e+00,-2.137165503661694554e+00,3.253661553736487272e-02
1.763579416531445503e+09,-3.294211206143567161e-02,4.420179995981978749e-01,1.970761497183961097e+00,2.298161888846654399e+00,-2.141463251117019073e+00,2.919273707539917634e-02
1.763579416545134306e+09,-2.873820843990474924e-02,4.448085917151988200e-01,1.971086367358061420e+00,2.293666796922768647e+00,-2.145793715027808357e+00,2.580682167774097507e-02
1.763579416558823347e+09,-2.446048902870894340e-02,4.475826206291139142e-01,1.971422444658555762e+00,2.289115860029748539e+00,-2.150157050336362730e+00,2.237859614290604524e-02
1.763579416572512150e+09,-2.010879573989774946e-02,4.503397588907604998e-01,1.971769787336329571e+00,2.284509002736615280e+00,-2.154553171581835791e+00,1.890800003036478827e-02
1.763579416586201191e+09,-1.568260516541912855e-02,4.530798378652117764e-01,1.972128488153149783e+00,2.279845811745161654e+00,-2.158982317919387217e+00,1.539467914220375884e-02
1.763579416599889994e+09,-1.118179974081919513e-02,4.558025497773364187e-01,1.972498598725308083e+00,2.275126225837344141e+00,-2.163444390949813556e+00,1.183860519395319409e-02
1.763579416613578796e+09,-6.605884533219814024e-03,4.585076534129262638e-01,1.972880213581410525e+00,2.270349897867431022e+00,-2.167939567603253348e+00,8.239445522363636476e-03
1.763579416627267838e+09,-1.954557984526056162e-03,4.611950102170340737e-01,1.973273395205412228e+00,2.265516534617722400e+00,-2.172467967306884074e+00,4.597028463846204900e-03
1.763579416640956640e+09,2.772473432759685850e-03,4.638642181062929137e-01,1.973678224410868154e+00,2.260626027230904000e+00,-2.177029543555325297e+00,9.111784521760212452e-04
1.763579416654645443e+09,7.575510056930767101e-03,4.665151388008855760e-01,1.974094763493202676e+00,2.255678083452659966e+00,-2.181624415231004921e+00,-2.818275497950811954e-03
1.763579416668334484e+09,1.245520724763083016e-02,4.691474497102419705e-01,1.974523133420697629e+00,2.250672305128523121e+00,-2.186252808816626203e+00,-6.591796220758333949e-03
1.763579416682023287e+09,1.740114222639422767e-02,4.717663542838007595e-01,1.974961642389390315e+00,2.245611709654458110e+00,-2.190911450418188355e+00,-1.040071171759290869e-02
1.763579416695712328e+09,2.234499324393968492e-02,4.744077145558096009e-01,1.975398994725722890e+00,2.240515934732801639e+00,-2.195579854699502675e+00,-1.418851862356234998e-02
1.763579416709401131e+09,2.719490890183632811e-02,4.771193434749031459e-01,1.975820028657206517e+00,2.235411727307985430e+00,-2.200230231727687169e+00,-1.787930224158007855e-02
1.763579416723089933e+09,3.185989917080076644e-02,4.799488719688849159e-01,1.976209705786063253e+00,2.230325393631222841e+00,-2.204835215458931241e+00,-2.139784488381971800e-02
1.763579416736778975e+09,3.624874109172195741e-02,4.829440636407405507e-01,1.976552947477276279e+00,2.225283303207269636e+00,-2.209367373715226179e+00,-2.466873313729447265e-02
1.763579416750467777e+09,4.027008270900357678e-02,4.861524534935612318e-01,1.976834677208769042e+00,2.220312064472239388e+00,-2.213799060793667728e+00,-2.761646989222606499e-02
1.763579416764156818e+09,4.383274106333474168e-02,4.896218967093718399e-01,1.977039812764796123e+00,2.215437964292280348e+00,-2.218102919713101695e+00,-3.016566382100920735e-02
1.763579416777845621e+09,4.684550371179315581e-02,4.933998158481933127e-01,1.977153307489841749e+00,2.210687581589643624e+00,-2.222251332699362703e+00,-3.224094259545391694e-02
1.763579416791534424e+09,4.921689132489186214e-02,4.975342003080525100e-01,1.977160024132995852e+00,2.206087339259365621e+00,-2.226216822681742258e+00,-3.376666104454288664e-02
1.763579416805223465e+09,5.085625912858556669e-02,5.020723234099515597e-01,1.977045013272493712e+00,2.201663478079683323e+00,-2.229972065753089705e+00,-3.466792240767592459e-02
1.763579416818912268e+09,5.167124086999015653e-02,5.070625980159861879e-01,1.976792968493887637e+00,2.197442828952900662e+00,-2.233489232463925944e+00,-3.486831970872433101e-02
1.763579416832601309e+09,5.157255115606818735e-02,5.125512527371558491e-01,1.976389234419589691e+00,2.193451263789542249e+00,-2.236741314697693550e+00,-3.429416272499393598e-02
1.763579416846290112e+09,5.046552455072354088e-02,5.185886474237085819e-01,1.975817992113723331e+00,2.189716117174404619e+00,-2.239700052316027978e+00,-3.286698632323214325e-02
1.763579416859978914e+09,4.826482225309780549e-02,5.252175985366012156e-01,1.975065468050133388e+00,2.186262463925277899e+00,-2.242339127716487468e+00,-3.051663788322785467e-02
1.763579416873667955e+09,4.486987168133543119e-02,5.324936861123643617e-01,1.974114518760077930e+00,2.183118729803996239e+00,-2.244629323083298100e+00,-2.715934915965120822e-02
1.763579416887356758e+09,4.027879742565046439e-02,5.403894050474243871e-01,1.972969876579867776e+00,2.180291853449405348e+00,-2.246560001260259565e+00,-2.279961003283243609e-02
1.763579416901045799e+09,3.469286482571521529e-02,5.487069837347989809e-01,1.971681274626574165e+00,2.177743864261762141e+00,-2.248159272310921164e+00,-1.762351693472578515e-02
1.763579416914734602e+09,2.837104935455862786e-02,5.571999493535175763e-01,1.970311233595390732e+00,2.175424372551052699e+00,-2.249466014997669294e+00,-1.186877503493205879e-02
1.763579416928423405e+09,2.156237141890725642e-02,5.656303547499889062e-01,1.968920072875419258e+00,2.173284981361717882e+00,-2.250517349059328875e+00,-5.764184533966020159e-03
1.763579416942112446e+09,1.452082555586173447e-02,5.737560816615268067e-01,1.967569208608424880e+00,2.171276201420187402e+00,-2.251351341651538718e+00,4.570097551630403101e-04
1.763579416955801249e+09,7.498242617477167936e-03,5.813366662735297563e-01,1.966319581049641441e+00,2.169349209876607620e+00,-2.252005517575843996e+00,6.563490663882129775e-03
1.763579416969490290e+09,7.471781545191468615e-04,5.881312282642313649e-01,1.965232292021887650e+00,2.167454773534001955e+00,-2.252517705939363069e+00,1.232329726992800398e-02
1.763579416983179092e+09,-5.479929993771478873e-03,5.938988527097822656e-01,1.964368403107879191e+00,2.165543927608120089e+00,-2.252925567934913165e+00,1.750458143073871722e-02
1.763579416996867895e+09,-1.093038524933827131e-02,5.983984036230757253e-01,1.963789074214125963e+00,2.163567480673939780e+00,-2.253266882750791122e+00,2.187523473405299582e-02
1.763579417010556936e+09,-1.535323327608654684e-02,6.013906009515103124e-01,1.963554954717217527e+00,2.161476582686143733e+00,-2.253579255028228978e+00,2.520479783281705591e-02
1.763579417024245739e+09,-1.849403028150472389e-02,6.026324476877062963e-01,1.963727675840824638e+00,2.159221871482027488e+00,-2.253900569285966160e+00,2.725953642618900163e-02
1.763579417037934780e+09,-2.029328459557091027e-02,6.020997557007102818e-01,1.964308632799251830e+00,2.156790714472132553e+00,-2.254253590060709023e+00,2.799262421834177936e-02
1.763579417051623583e+09,-2.108707862393449650e-02,6.002136077170506789e-01,1.965176408779228501e+00,2.154245597980766203e+00,-2.254630646210304068e+00,2.773689191634490930e-02
1.763579417065312386e+09,-2.125726202933859652e-02,5.974456239212982966e-01,1.966195800781956660e+00,2.151657541948585273e+00,-2.255020203237573906e+00,2.686882865625534259e-02
1.763579417079001427e+09,-2.118181858405800144e-02,5.942627258292506598e-01,1.967232946150463402e+00,2.149096843543705670e+00,-2.255410870068880413e+00,2.576112862243217991e-02
1.763579417092690229e+09,-2.102424708629315256e-02,5.908679522214068669e-01,1.968230186719712504e+00,2.146593594272776073e+00,-2.255797508328822865e+00,2.457502873291525503e-02
1.763579417106379271e+09,-2.079086260112740156e-02,5.872708368618270169e-01,1.969185723356764672e+00,2.144148146575918457e+00,-2.256179701432982743e+00,2.331674413884301730e-02
1.763579417120068073e+09,-2.048236080440031179e-02,5.834740890330416541e-01,1.970099748681936491e+00,2.141759967561216893e+00,-2.256557110779794151e+00,2.198698677826985137e-02
1.763579417133756876e+09,-2.010008832583139518e-02,5.794811523655233332e-01,1.970972225143688972e+00,2.139428519353659741e+00,-2.256929445627155584e+00,2.058708310738228964e-02
1.763579417147445917e+09,-1.964482023853138942e-02,5.752946860262079243e-01,1.971803345117525863e+00,2.137153162422440023e+00,-2.257296398391099856e+00,1.911777769925550666e-02
1.763579417161134720e+09,-1.911774288609300113e-02,5.709180942443922158e-01,1.972593099681975382e+00,2.134933447779419957e+00,-2.257657652804287540e+00,1.758028612010943334e-02
1.763579417174823761e+09,-1.851976317715995149e-02,5.663541506095646216e-01,1.973341636625772555e+00,2.132768724102067193e+00,-2.258012911405070877e+00,1.597546972782100741e-02
1.763579417188512564e+09,-1.785197704981080630e-02,5.616061432056080882e-01,1.974048988895466428e+00,2.130658520759373342e+00,-2.258361855780478322e+00,1.430445177550719246e-02
1.763579417202201366e+09,-1.711536061084155749e-02,5.566770023388909472e-01,1.974715265360935224e+00,2.128602236908759160e+00,-2.258704183756758965e+00,1.256818150078567280e-02
1.763579417215890408e+09,-1.631093709321308066e-02,5.515697160738822769e-01,1.975340550807641593e+00,2.126599285148334850e+00,-2.259039594085287650e+00,1.076765641655780259e-02
1.763579417229579210e+09,-1.543974271844008629e-02,5.462875007306157160e-01,1.975924909823601805e+00,2.124649176732621214e+00,-2.259367767258445348e+00,8.903938525932315190e-03
1.763579417243268251e+09,-1.450277198458225017e-02,5.408332333233208944e-01,1.976468442341426934e+00,2.122751288303219575e+00,-2.259688407320328718e+00,6.977979125060624656e-03
1.763579417256957054e+09,-1.350107319097185350e-02,5.352101523713277409e-01,1.976971212747317130e+00,2.120905128846476195e+00,-2.260001195476996738e+00,4.990852176406645850e-03
1.763579417270645857e+09,-1.243565119750893525e-02,5.294212195780749752e-01,1.977433312152918843e+00,2.119110108663855296e+00,-2.260305829891517959e+00,2.943536583331133032e-03
1.763579417284334898e+09,-1.130750378309804474e-02,5.234693815119058069e-01,1.977854829916094070e+00,2.117365641126935927e+00,-2.260602008088383297e+00,8.370043686655565494e-04
1.763579417298023701e+09,-1.011768960724567998e-02,5.173578990405955924e-01,1.978235833160542967e+00,2.115671230568143102e+00,-2.260889412224542649e+00,-1.327660450181010997e-03
1.763579417311712742e+09,-8.867185903996885679e-03,5.110896119349380706e-01,1.978576417255160314e+00,2.114026261386173999e+00,-2.261167744759347897e+00,-3.549523332304668332e-03
1.763579417325401545e+09,-7.557055241550644092e-03,5.046677916067080494e-01,1.978876652287299809e+00,2.112430234381660110e+00,-2.261436688461941014e+00,-5.827496602455826263e-03
1.763579417339090347e+09,-6.188295188828806664e-03,4.980953830281347749e-01,1.979136626560314083e+00,2.110882563952232172e+00,-2.261695940724242959e+00,-8.160608371775488618e-03
1.763579417352779388e+09,-4.761899309755735811e-03,4.913753207881165763e-01,1.979356425540100384e+00,2.109382667879300843e+00,-2.261945198265113532e+00,-1.054789051181693506e-02
1.763579417366468191e+09,-3.278936173177970318e-03,4.845108918641510831e-01,1.979536123572999129e+00,2.107930041886535211e+00,-2.262184144863104596e+00,-1.298824971368018819e-02
1.763579417380157232e+09,-1.740373041844051364e-03,4.775049101245154581e-01,1.979675808917406910e+00,2.106524078839802971e+00,-2.262412481296010469e+00,-1.548076079557883511e-02
1.763579417393846035e+09,-1.472824011270451171e-04,4.703606725189551363e-01,1.979775558706481142e+00,2.105164271192501158e+00,-2.262629892071386539e+00,-1.802432677360992289e-02
1.763579417407534838e+09,1.499343186624688780e-03,4.630811111128743662e-01,1.979835457718580383e+00,2.103850037539434226e+00,-2.262836073725243313e+00,-2.061798046091019646e-02
1.763579417421223879e+09,3.198514888430841873e-03,4.556691485443192802e-01,1.979855587955583474e+00,2.102580799650536125e+00,-2.263030722011277973e+00,-2.326075815981475114e-02
1.763579417434912682e+09,4.949154623647368002e-03,4.481280959057337143e-01,1.979836030714878792e+00,2.101356045216723256e+00,-2.263213522610544981e+00,-2.595155765138372136e-02
1.763579417448601723e+09,6.750304457380240826e-03,4.404607434909609265e-01,1.979776867315445887e+00,2.100175175040894349e+00,-2.263384174344942767e+00,-2.868946248133586244e-02
1.763579417462290525e+09,8.600882756581848185e-03,4.326704112887673204e-01,1.979678181816684868e+00,2.099037673735833831e+00,-2.263542363731411378e+00,-3.147336711696946399e-02
1.763579417475979328e+09,1.049990157653278577e-02,4.247600197128930111e-01,1.979540055530029763e+00,2.097942963840991215e+00,-2.263687786314674266e+00,-3.430230868922224535e-02
1.763579417489668369e+09,1.244637634751824540e-02,4.167324808124142077e-01,1.979362567019221864e+00,2.096890470876983770e+00,-2.263820136750003709e+00,-3.717532746691777634e-02
1.763579417503357172e+09,1.443922037405451393e-02,4.085911271230047159e-01,1.979145804465233471e+00,2.095879674984819641e+00,-2.263939102888511634e+00,-4.009131321059816733e-02
1.763579417517045975e+09,1.647744826929919970e-02,4.003388727051379603e-01,1.978889847116584555e+00,2.094910000954364637e+00,-2.264044379615866021e+00,-4.304930543101075785e-02
1.763579417530735016e+09,1.856007780818498543e-02,3.919786238930683675e-01,1.978594771491128945e+00,2.093980876440394212e+00,-2.264135660864014188e+00,-4.604834656537919874e-02
1.763579417544423819e+09,2.068601755254657892e-02,3.835137248118309916e-01,1.978260669865836485e+00,2.093091777286548272e+00,-2.264212635914649940e+00,-4.908732198451241924e-02
1.763579417558112860e+09,2.285432264101075819e-02,3.749469335735250430e-01,1.977887612602925227e+00,2.092242115987919426e+00,-2.264274999903327590e+00,-5.216532736281181970e-02
1.763579417571801662e+09,2.506389865102586975e-02,3.662816014977901546e-01,1.977475694695735475e+00,2.091431365620168847e+00,-2.264322443119028971e+00,-5.528124532047815065e-02
1.763579417585490465e+09,2.731376410364289367e-02,3.575206331201931653e-01,1.977024991983026725e+00,2.090658954530068669e+00,-2.264354659241875733e+00,-5.843411898240853664e-02
1.763579417599179506e+09,2.960294032682107140e-02,3.486669263134585806e-01,1.976535577601483684e+00,2.089924313735429084e+00,-2.264371340891141227e+00,-6.162299404815185788e-02
1.763579417612868309e+09,3.193032868764061893e-02,3.397238423915035499e-01,1.976007550597566720e+00,2.089226912305343298e+00,-2.264372179947081065e+00,-6.484674927592598559e-02
1.763579417626557350e+09,3.429499134201645372e-02,3.306941228092782348e-01,1.975440974578280162e+00,2.088566169412520601e+00,-2.264356868893118602e+00,-6.810448677677756468e-02
1.763579417640246153e+09,3.669582702757290260e-02,3.215811350118399359e-01,1.974835951277896129e+00,2.087941551551931951e+00,-2.264325100723929118e+00,-7.139508291020556230e-02
1.763579417653934956e+09,3.913185772963807818e-02,3.123877753391159362e-01,1.974192553161138397e+00,2.087352490384926984e+00,-2.264276567780178606e+00,-7.471758397544295272e-02
1.763579417667623997e+09,4.160210788552425737e-02,3.031169345316447328e-01,1.973510850019213558e+00,2.086798420050031577e+00,-2.264210961234554453e+00,-7.807103849449159583e-02
1.763579417681312799e+09,4.410547255487414636e-02,2.937719884335782683e-01,1.972790947596674949e+00,2.086278803326441444e+00,-2.264127975833701623e+00,-8.145431949269228700e-02
1.763579417695001841e+09,4.664102002357910920e-02,2.843556645013591289e-01,1.972032902816715838e+00,2.085793065579833794e+00,-2.264027301141090298e+00,-8.486653463802834585e-02
1.763579417708690643e+09,4.920764307674813098e-02,2.748713436468247506e-01,1.971236824083134165e+00,2.085340667209138577e+00,-2.263908633124908754e+00,-8.830655490900243820e-02
1.763579417722379446e+09,5.180436672033188888e-02,2.653219153435810163e-01,1.970402780522317876e+00,2.084921042947953218e+00,-2.263771662652453553e+00,-9.177342933933035907e-02
1.763579417736068487e+09,5.443021805734427065e-02,2.557102645292950727e-01,1.969530838615702217e+00,2.084533629813199340e+00,-2.263616079315917684e+00,-9.526620883361713865e-02
1.763579417749757290e+09,5.708408672729482769e-02,2.460397789197227014e-01,1.968621110734519952e+00,2.084177884778818157e+00,-2.263441580996149227e+00,-9.878376156402755848e-02
1.763579417763446331e+09,5.976504625874678317e-02,2.363131746314295067e-01,1.967673647189566832e+00,2.083853238918810025e+00,-2.263247854068849207e+00,-1.023251998757802872e-01
1.763579417777135134e+09,6.247198437159860035e-02,2.265338433844026889e-01,1.966688562982755739e+00,2.083559147020709990e+00,-2.263034597743540655e+00,-1.058893902460833480e-01
1.763579417790823936e+09,6.520392864877108674e-02,2.167046691152425819e-01,1.965665923937847115e+00,2.083295046648044213e+00,-2.262801501280243599e+00,-1.094753840032845621e-01
1.763579417804512978e+09,6.795990841532732751e-02,2.068285322880608068e-01,1.964605793262209854e+00,2.083060377453806566e+00,-2.262548252556745965e+00,-1.130822339947413768e-01
1.763579417818201780e+09,7.073880877794863631e-02,1.969088298315852525e-01,1.963508289882347935e+00,2.082854591091328089e+00,-2.262274552855920717e+00,-1.167088044191441354e-01
1.763579417831890821e+09,7.353970762056498411e-02,1.869482691811363284e-01,1.962373457568063140e+00,2.082677123858284851e+00,-2.261980085097876625e+00,-1.203542114192450302e-01
1.763579417845579624e+09,7.636148848516935428e-02,1.769502502062190452e-01,1.961201417847979300e+00,2.082527425415466205e+00,-2.261664552001291462e+00,-1.240173178506591423e-01
1.763579417859268427e+09,7.920318108800024348e-02,1.669176526357440682e-01,1.959992233278929241e+00,2.082404935914003108e+00,-2.261327641084998064e+00,-1.276971768965155796e-01
1.763579417872957468e+09,8.206381653251723640e-02,1.568533537895829000e-01,1.958745963829919612e+00,2.082309097400632858e+00,-2.260969038378467300e+00,-1.313928429070730097e-01
1.763579417886646271e+09,8.494227627987856188e-02,1.467607571508044162e-01,1.957462734911316504e+00,2.082239356692728194e+00,-2.260588448834419228e+00,-1.351031769872493848e-01
1.763579417900335312e+09,8.783764168207598699e-02,1.366425641321152296e-01,1.956142583823340830e+00,2.082195154826994798e+00,-2.260185551649550373e+00,-1.388272981976286513e-01
1.763579417914024115e+09,9.074879299050188364e-02,1.265021800939067353e-01,1.954785638549914051e+00,2.082175936822120210e+00,-2.259760053319512352e+00,-1.425640666519346900e-01
1.763579417927712917e+09,9.367476161105986465e-02,1.163424818867155180e-01,1.953391958416646590e+00,2.082181145174513137e+00,-2.259311639488037482e+00,-1.463125369482266847e-01
1.763579417941401958e+09,9.661457998195374652e-02,1.061663450154891747e-01,1.951961600189889401e+00,2.082210224082338357e+00,-2.258839994202375134e+00,-1.500717644998140754e-01
1.763579417955090761e+09,9.956712680612353483e-02,9.597717685900586382e-02,1.950494695692463365e+00,2.082262616011657297e+00,-2.258344826352911561e+00,-1.538406081975440820e-01
1.763579417968779802e+09,1.025314860163179242e-01,8.577767546599023019e-02,1.948991275826416070e+00,2.082337766253554268e+00,-2.257825811145112382e+00,-1.576181891401307322e-01
1.763579417982468605e+09,1.055065354606336409e-01,7.557124902908833597e-02,1.947451474959559947e+00,2.082435115669265091e+00,-2.257282659119423052e+00,-1.614033655791083377e-01
1.763579417996157408e+09,1.084913077909869655e-01,6.536077284977882818e-02,1.945875349221988682e+00,2.082554108858158504e+00,-2.256715053910569591e+00,-1.651951930876155994e-01
1.763579418009846449e+09,1.114848363366732348e-01,5.514912194740075047e-02,1.944262952213096085e+00,2.082694191927492167e+00,-2.256122677449661662e+00,-1.689927277021612828e-01
1.763579418023535252e+09,1.144859979297193353e-01,4.493970493781020148e-02,1.942614422096752724e+00,2.082854803476666294e+00,-2.255505242832575252e+00,-1.727948269792238811e-01
1.763579418037224293e+09,1.174938781963256462e-01,3.473521916438101348e-02,1.940929783448235746e+00,2.083035392566496391e+00,-2.254862421005719764e+00,-1.766006131759453035e-01
1.763579418050913095e+09,1.205073534685983799e-01,2.453907299338268372e-02,1.939209176947842561e+00,2.083235396385413107e+00,-2.254193926822158023e+00,-1.804089435613723258e-01
1.763579418064601898e+09,1.235254572008138568e-01,1.435414150655141968e-02,1.937452655565852000e+00,2.083454261393418605e+00,-2.253499441773695544e+00,-1.842188742438720939e-01
1.763579418078290939e+09,1.265472231697065131e-01,4.183300566933824578e-03,1.935660269770410169e+00,2.083691435364544375e+00,-2.252778645541395619e+00,-1.880294614433022371e-01
1.763579418091979742e+09,1.295715272236949989e-01,-5.970042631167811649e-03,1.933832163995020448e+00,2.083946353516172412e+00,-2.252031255694441292e+00,-1.918395622614735285e-01
1.763579418105668783e+09,1.325974557951262178e-01,-1.610318879109873605e-02,1.931968356559603528e+00,2.084218468194200646e+00,-2.251256938652365758e+00,-1.956482992342543636e-01
1.763579418119357586e+09,1.356238845874210008e-01,-2.621273203159762283e-02,1.930068994385529590e+00,2.084507213398905989e+00,-2.250455413848667874e+00,-1.994545295279057107e-01
1.763579418133046389e+09,1.386498474135633152e-01,-3.629579616135478887e-02,1.928134127318970714e+00,2.084812037208597424e+00,-2.249626360498326427e+00,-2.032573093461723102e-01
1.763579418146735430e+09,1.416743780540742070e-01,-4.634950314430046070e-02,1.926163802732525854e+00,2.085132388821759442e+00,-2.248769455898446346e+00,-2.070556946524094721e-01
1.763579418160424232e+09,1.446963522610688335e-01,-5.637044986631749993e-02,1.924158171257928096e+00,2.085467700558403248e+00,-2.247884422359339940e+00,-2.108485429734626437e-01
1.763579418174113274e+09,1.477148563857363650e-01,-6.635593241883873394e-02,1.922117245031150112e+00,2.085817427564866211e+00,-2.246970921505845098e+00,-2.146349762442249787e-01
1.763579418187802076e+09,1.507287663901166197e-01,-7.630255006424245534e-02,1.920041177143227307e+00,2.086181001137913604e+00,-2.246028677619718916e+00,-2.184138524078730048e-01
1.763579418201490879e+09,1.537371160022489303e-01,-8.620742417232978017e-02,1.917930014351926449e+00,2.086557870731840403e+00,-2.245057367505200130e+00,-2.221842273236783738e-01
1.763579418215179920e+09,1.567389385627883380e-01,-9.606767320469192240e-02,1.915783800970006556e+00,2.086947486727259715e+00,-2.244056665941528195e+00,-2.259451562586432538e-01
1.763579418228868723e+09,1.597331106148519309e-01,-1.058799007860284636e-01,1.913602693756020434e+00,2.087349279031460281e+00,-2.243026300247962457e+00,-2.296954980443495498e-01
1.763579418242557764e+09,1.627187175411655695e-01,-1.156413957372281892e-01,1.911386698733401390e+00,2.087762705106571026e+00,-2.241965926986827284e+00,-2.334343731350132234e-01
1.763579418256246567e+09,1.656946364496934554e-01,-1.253487651229405753e-01,1.909135975091440729e+00,2.088187194030493909e+00,-2.240875275555958002e+00,-2.371606411304283124e-01
1.763579418269935369e+09,1.686599005398774220e-01,-1.349991265447616218e-01,1.906850566535203795e+00,2.088622196391185515e+00,-2.239754020214940411e+00,-2.408733571055421407e-01
1.763579418283624411e+09,1.716135422688541134e-01,-1.445895936326277442e-01,1.904530514353313109e+00,2.089067163509060077e+00,-2.238601833091236504e+00,-2.445715751911531344e-01
1.763579418297313213e+09,1.745544398580473333e-01,-1.541167794086867882e-01,1.902175981359734980e+00,2.089521523363334854e+00,-2.237418446780878867e+00,-2.482541564032809678e-01
1.763579418311002254e+09,1.774816768344147089e-01,-1.635779627646519463e-01,1.899786967536767568e+00,2.089984735247278014e+00,-2.236203512515850811e+00,-2.519202188357627104e-01
1.763579418324691057e+09,1.803941323391498597e-01,-1.729697612260752970e-01,1.897363638100552530e+00,2.090456226504579185e+00,-2.234956765077888097e+00,-2.555686246247118598e-01
1.763579418338379860e+09,1.832908385994448386e-01,-1.822892872970321154e-01,1.894906033739160112e+00,2.090935448614532177e+00,-2.233677876048017819e+00,-2.591984276209007843e-01
1.763579418352068901e+09,1.861708267452652776e-01,-1.915336484464882916e-01,1.892414192752778002e+00,2.091421853595032410e+00,-2.232366514768013843e+00,-2.628086803790727899e-01
1.763579418365757704e+09,1.890329775636467313e-01,-2.006994697526712224e-01,1.889888283939376912e+00,2.091914867981868209e+00,-2.231022419378497101e+00,-2.663982469793875762e-01
1.763579418379446507e+09,1.918763224854791449e-01,-2.097838600230767236e-01,1.887328346193969164e+00,2.092413943672823518e+00,-2.229645259789086342e+00,-2.699661803269848837e-01
1.763579418393135548e+09,1.946998916314738870e-01,-2.187839223920221565e-01,1.884734416040825034e+00,2.092918532987964486e+00,-2.228234703605866063e+00,-2.735115318198488299e-01
1.763579418406824350e+09,1.975025677539373192e-01,-2.276962904475152982e-01,1.882106665834035297e+00,2.093428061829656350e+00,-2.226790492424765233e+00,-2.770331677988763230e-01
1.763579418420513391e+09,2.002834295650062768e-01,-2.365182216646458391e-01,1.879445086038622481e+00,2.093941991412930470e+00,-2.225312268392167336e+00,-2.805302007515219631e-01
1.763579418434202194e+09,2.030413613046328503e-01,-2.452463558363525697e-01,1.876749851365151933e+00,2.094459747314797227e+00,-2.223799775461107853e+00,-2.840014987017864256e-01
1.763579418447890997e+09,2.057753927216135481e-01,-2.538777945457062479e-01,1.874020997748767625e+00,2.094980781936660819e+00,-2.222252680648387102e+00,-2.874461126268737510e-01
1.763579418461580038e+09,2.084845518996448765e-01,-2.624096326391490153e-01,1.871258558782431969e+00,2.095504547908348503e+00,-2.220670648560146621e+00,-2.908630916449516657e-01
1.763579418475268841e+09,2.111677255763324546e-01,-2.708385200145769778e-01,1.868462712689985539e+00,2.096030470464233630e+00,-2.219053426765415171e+00,-2.942513065685792295e-01
1.763579418488957882e+09,2.138239883010524256e-01,-2.791616973054640849e-01,1.865633444080980974e+00,2.096558011390406762e+00,-2.217400651383908627e+00,-2.976098652376079623e-01
1.763579418502646685e+09,2.164522286539786178e-01,-2.873758216780917807e-01,1.862770933507169380e+00,2.097086595789748209e+00,-2.215712072448893011e+00,-3.009376404995817711e-01
1.763579418516335487e+09,2.190514742581613217e-01,-2.954779861617898296e-01,1.859875213979530706e+00,2.097615676324956269e+00,-2.213987353950443993e+00,-3.042336809639177297e-01
1.763579418530024529e+09,2.216207507166302604e-01,-3.034652759858095794e-01,1.856946316195423829e+00,2.098144705693296697e+00,-2.212226157360843715e+00,-3.074970330291165177e-01
1.763579418543713331e+09,2.241589496395943182e-01,-3.113343600165670577e-01,1.853984424177031576e+00,2.098673108945797505e+00,-2.210428236490049159e+00,-3.107265728591007137e-01
1.763579418557402372e+09,2.266651405263648833e-01,-3.190824593872886861e-01,1.850989516749844910e+00,2.099200347954963242e+00,-2.208593221163282827e+00,-3.139214027664173901e-01
1.763579418571091175e+09,2.291382171846415849e-01,-3.267062512962306542e-01,1.847961780235394258e+00,2.099725847834188919e+00,-2.206720867761866156e+00,-3.170804013018555523e-01
1.763579418584779978e+09,2.315772046680776575e-01,-3.342028188896654650e-01,1.844901244756197656e+00,2.100249061265148320e+00,-2.204810837115236399e+00,-3.202026142671944298e-01
1.763579418598469019e+09,2.339811256553813723e-01,-3.415692364503389311e-01,1.841807938149717661e+00,2.100769440770218210e+00,-2.202862787427911861e+00,-3.232870849014169434e-01
1.763579418612157822e+09,2.363488775166726341e-01,-3.488021944718177614e-01,1.838682050165072690e+00,2.101286411701738022e+00,-2.200876479018599063e+00,-3.263326955995117795e-01
1.763579418625846863e+09,2.386795238138921249e-01,-3.558988919284495345e-01,1.835523553915099138e+00,2.101799435533973526e+00,-2.198851535150204040e+00,-3.293385422670193075e-01
1.763579418639535666e+09,2.409719644695657859e-01,-3.628560287090984438e-01,1.832332641419695207e+00,2.102307937875477428e+00,-2.196787718819924962e+00,-3.323035100376743323e-01
1.763579418653224468e+09,2.432252215243149440e-01,-3.696706767476561351e-01,1.829109339948630897e+00,2.102811371184591049e+00,-2.194684687562652226e+00,-3.352266414657711358e-01
1.763579418666913509e+09,2.454383142888247604e-01,-3.763398980510703762e-01,1.825853674515157454e+00,2.103309187566442695e+00,-2.192542096181228750e+00,-3.381069761909137883e-01
1.763579418680602312e+09,2.476101467805514322e-01,-3.828604073986330847e-01,1.822565840523965530e+00,2.103800813159418581e+00,-2.190359711770931916e+00,-3.409434037188835420e-01
1.763579418694291353e+09,2.497397757364887005e-01,-3.892293789473098009e-01,1.819245805446544129e+00,2.104285708554689105e+00,-2.188137150764521976e+00,-3.437350126684570739e-01
1.763579418707980156e+09,2.518261080818738895e-01,-3.954435379349308666e-01,1.815893766929971731e+00,2.104763300341075283e+00,-2.185874183042931573e+00,-3.464806956361354828e-01
1.763579418721668959e+09,2.538681623994508141e-01,-4.014999437542535743e-01,1.812509749426520322e+00,2.105233040510306353e+00,-2.183570462712506099e+00,-3.491794914886328094e-01
1.763579418735358000e+09,2.558649541906121150e-01,-4.073956448059872781e-01,1.809093775161836559e+00,2.105694380509839370e+00,-2.181225641040677399e+00,-3.518304358268118937e-01
1.763579418749046803e+09,2.578153950028055919e-01,-4.131273828159737205e-01,1.805646045123007193e+00,2.106146747745043513e+00,-2.178839492166767755e+00,-3.544324261459933512e-01
1.763579418762735844e+09,2.597185338696584300e-01,-4.186923044609737743e-01,1.802166521214959349e+00,2.106589601446439808e+00,-2.176411625426238672e+00,-3.569845429003128956e-01
1.763579418776424646e+09,2.615732855897592302e-01,-4.240871629942765120e-01,1.798655406634210641e+00,2.107022369654455662e+00,-2.173941817850316482e+00,-3.594856870253179126e-01
1.763579418790113449e+09,2.633786648750326975e-01,-4.293090039237023037e-01,1.795112723062906923e+00,2.107444503676415781e+00,-2.171429719985222384e+00,-3.619348932665971685e-01
1.763579418803802490e+09,2.651336829182944221e-01,-4.343548607406477191e-01,1.791538489953659052e+00,2.107855454015342467e+00,-2.168874979424843197e+00,-3.643311927349976997e-01
1.763579418817491293e+09,2.668372597833328919e-01,-4.392215047294182328e-01,1.787932913842173788e+00,2.108254649907357337e+00,-2.166277377627884970e+00,-3.666734918154205269e-01
1.763579418831180334e+09,2.684884357399426325e-01,-4.439060525096156784e-01,1.784295951072428998e+00,2.108641548599347271e+00,-2.163636516551542766e+00,-3.689608618820986452e-01
1.763579418844869137e+09,2.700861346441940647e-01,-4.484052878686098920e-01,1.780627810431753000e+00,2.109015580305123816e+00,-2.160952180667688793e+00,-3.711922131502821132e-01
1.763579418858557940e+09,2.716293663959779003e-01,-4.527162413346640935e-01,1.776928510678821072e+00,2.109376195007788279e+00,-2.158224016790742272e+00,-3.733665757024066112e-01
1.763579418872246981e+09,2.731171382481529797e-01,-4.568359297774074457e-01,1.773198068837540831e+00,2.109722842672518972e+00,-2.155451668768792128e+00,-3.754829758862580635e-01
1.763579418885935783e+09,2.745483783852868953e-01,-4.607611573033522645e-01,1.769436696433397627e+00,2.110054953825973634e+00,-2.152634925550377165e+00,-3.775403295925747749e-01
1.763579418899624825e+09,2.759221193643260905e-01,-4.644890069020449208e-01,1.765644345057294951e+00,2.110371984795238909e+00,-2.149773381593725663e+00,-3.795376986340261438e-01
1.763579418913313627e+09,2.772372922420362484e-01,-4.680162968479122942e-01,1.761821227973328519e+00,2.110673366259922190e+00,-2.146866828870897859e+00,-3.814740028217460388e-01
1.763579418927002430e+09,2.784929051426340285e-01,-4.713400397189391744e-01,1.757967362374670994e+00,2.110958549416760643e+00,-2.143914910594747258e+00,-3.833482678498441598e-01
1.763579418940691471e+09,2.796879574684448255e-01,-4.744572360683506629e-01,1.754082761574829341e+00,2.111226980680803944e+00,-2.140917266470360847e+00,-3.851595141509299158e-01
1.763579418954380274e+09,2.808213874039229285e-01,-4.773647250209060444e-01,1.750167642395525025e+00,2.111478093148484891e+00,-2.137873693280520904e+00,-3.869066682075464336e-01
1.763579418968069315e+09,2.818922267198675780e-01,-4.800595495490747044e-01,1.746221954706611346e+00,2.111711347966577446e+00,-2.134783778299043533e+00,-3.885887829746171862e-01
1.763579418981758118e+09,2.828993838066949373e-01,-4.825385799188481317e-01,1.742245904558846314e+00,2.111926152342306739e+00,-2.131647319016949815e+00,-3.902047825915805346e-01
1.763579418995446920e+09,2.838419440975491481e-01,-4.847987692711540619e-01,1.738239537313832406e+00,2.112122020836410652e+00,-2.128463960284057155e+00,-3.917537029444400631e-01
1.763579419009135962e+09,2.847187542344126188e-01,-4.868371885134064603e-01,1.734202811616065043e+00,2.112298289229542547e+00,-2.125233331546109383e+00,-3.932345382900924169e-01
1.763579419022824764e+09,2.855288333261896128e-01,-4.886505656465786607e-01,1.730135953406677585e+00,2.112454399658196813e+00,-2.121955213956533637e+00,-3.946461835617404712e-01
1.763579419036513805e+09,2.862834801411753838e-01,-4.902338651719198581e-01,1.726044308523023929e+00,2.112601237946159394e+00,-2.118631059713190545e+00,-3.959920614783274950e-01
1.763579419050202608e+09,2.870501768803256359e-01,-4.915704426516653291e-01,1.721957825198326519e+00,2.112801096675909207e+00,-2.115270591935798361e+00,-3.972945032164998391e-01
1.763579419063891411e+09,2.879101252672124356e-01,-4.926427546836736338e-01,1.717912509368188845e+00,2.113129565997474035e+00,-2.111885771373778642e+00,-3.985814320054905657e-01
1.763579419077580452e+09,2.889491440001517031e-01,-4.934300400402539255e-01,1.713945914714850582e+00,2.113665475587687581e+00,-2.108488644616276275e+00,-3.998812062339640039e-01
1.763579419091269255e+09,2.901947937152723478e-01,-4.939468306686251586e-01,1.710075125932185358e+00,2.114444336856819984e+00,-2.105088897974737083e+00,-4.012140259042029644e-01
1.763579419104958296e+09,2.915977638721293230e-01,-4.942539194968635363e-01,1.706289404709703694e+00,2.115444050797961051e+00,-2.101692395000140490e+00,-4.025891907034327422e-01
1.763579419118647099e+09,2.930958215131818645e-01,-4.944199092674467777e-01,1.702573851589436194e+00,2.116633150214381143e+00,-2.098304797935290011e+00,-4.040141975138815678e-01
1.763579419132335901e+09,2.946300797494085244e-01,-4.945113864664549830e-01,1.698914292664634340e+00,2.117982222242235313e+00,-2.094931514242038606e+00,-4.054969505973407551e-01
1.763579419146024942e+09,2.961393498757836640e-01,-4.945963442442490865e-01,1.695296151556635600e+00,2.119460889498930634e+00,-2.091578226520858674e+00,-4.070452156741236616e-01
1.763579419159713745e+09,2.975643004945608960e-01,-4.947416161230502873e-01,1.691705021409423804e+00,2.121038873583466433e+00,-2.088250237563961331e+00,-4.086666589013857598e-01
1.763579419173402786e+09,2.988436468593386186e-01,-4.950152334205641380e-01,1.688126694751536760e+00,2.122686580501851772e+00,-2.084953593349226253e+00,-4.103692400593282330e-01
1.763579419187091589e+09,2.999238754149904373e-01,-4.954805448283970959e-01,1.684543662666008412e+00,2.124368817553782041e+00,-2.081689091836327776e+00,-4.121591802850047004e-01
1.763579419200780392e+09,3.007698211787584452e-01,-4.961896024850396825e-01,1.680928915016054681e+00,2.126035799276504434e+00,-2.078443466488094415e+00,-4.140381601138899970e-01
1.763579419214469433e+09,3.013536512977991744e-01,-4.971903069403461051e-01,1.677252029682894996e+00,2.127632440278190540e+00,-2.075198336637335661e+00,-4.160064645382940962e-01
1.763579419228158236e+09,3.016469426803086717e-01,-4.985301297867603121e-01,1.673483993546591497e+00,2.129105076037712152e+00,-2.071936977125383272e+00,-4.180642101092169050e-01
1.763579419241847038e+09,3.016685455684221528e-01,-5.002180455292609684e-01,1.669619788174211417e+00,2.130424382844474884e+00,-2.068667300124088282e+00,-4.202123149460600948e-01
1.763579419255536079e+09,3.015038956421218219e-01,-5.022062502317407029e-01,1.665690990917151559e+00,2.131597997841247150e+00,-2.065434870966209147e+00,-4.224517103170042920e-01
1.763579419269224882e+09,3.012417930683973233e-01,-5.044454653639482977e-01,1.661730196959254391e+00,2.132634316369509175e+00,-2.062286346841937679e+00,-4.247840122029430399e-01
1.763579419282913923e+09,3.009635096531335097e-01,-5.068801645491955998e-01,1.657773140310492721e+00,2.133544794310098247e+00,-2.059270464530858824e+00,-4.272035365762565373e-01
1.763579419296602726e+09,3.006764744982202697e-01,-5.094206419468625402e-01,1.653871842397129699e+00,2.134353323650768353e+00,-2.056443316413490763e+00,-4.296476759346543606e-01
1.763579419310291529e+09,3.003436026673819148e-01,-5.119551525195260577e-01,1.650088777238252424e+00,2.135092330345971678e+00,-2.053866013099538090e+00,-4.320188294176909860e-01
1.763579419323980570e+09,2.999290462735541007e-01,-5.143723878674785199e-01,1.646486290891981730e+00,2.135793953885906316e+00,-2.051599594311865893e+00,-4.342200446947925840e-01
1.763579419337669373e+09,2.994421088192710800e-01,-5.166126199170593125e-01,1.643092310675642986e+00,2.136482828130572553e+00,-2.049691187779390855e+00,-4.362202483620815086e-01
1.763579419351358414e+09,2.990359976702898770e-01,-5.187752168351148496e-01,1.639828370217174092e+00,2.137161483180781030e+00,-2.048145743872936464e+00,-4.381928141670616283e-01
1.763579419365047216e+09,2.988855801156896641e-01,-5.209869375527691471e-01,1.636597953005288542e+00,2.137827309090056360e+00,-2.046960030818945508e+00,-4.403452635012393146e-01
1.763579419378736019e+09,2.991730366891289239e-01,-5.233794861860395775e-01,1.633300996145186534e+00,2.138478222431582587e+00,-2.046130356356054669e+00,-4.428924779864778505e-01
1.763579419392425060e+09,2.999053223960977954e-01,-5.259557264791691056e-01,1.629925546342643194e+00,2.139106432652941425e+00,-2.045668052251072400e+00,-4.458641101822284347e-01
1.763579419406113863e+09,3.009116978037144063e-01,-5.285863931121121961e-01,1.626549741508646285e+00,2.139698864660399824e+00,-2.045600075552872266e+00,-4.491008595305013840e-01
1.763579419419802904e+09,3.020015625026520323e-01,-5.311285734309466600e-01,1.623261217400216783e+00,2.140241678311438633e+00,-2.045955009476993158e+00,-4.524230632989552081e-01
1.763579419433491707e+09,3.029935212157480184e-01,-5.334567299341526070e-01,1.620138623795968957e+00,2.140714263023049124e+00,-2.046755521036814685e+00,-4.556691780263840141e-01
1.763579419447180510e+09,3.037055141604313446e-01,-5.355396399376398664e-01,1.617222111727548928e+00,2.141040600422104756e+00,-2.047985368546466400e+00,-4.587490395313433278e-01
1.763579419460869551e+09,3.039744563252306797e-01,-5.374057978109160194e-01,1.614522947517690321e+00,2.141115931399415029e+00,-2.049605437234218730e+00,-4.616287197008618337e-01
1.763579419474558353e+09,3.036157393187775555e-01,-5.390754007179516805e-01,1.612061093041028181e+00,2.140833611228366351e+00,-2.051578356559422556e+00,-4.642553983806453344e-01
1.763579419488247395e+09,3.025660802337430955e-01,-5.405909706390382707e-01,1.609817579575968161e+00,2.140110591207004642e+00,-2.053865678987370380e+00,-4.666646077522775271e-01
1.763579419501936197e+09,3.010107384856918200e-01,-5.420310313790913659e-01,1.607697936481740975e+00,2.138917212974784654e+00,-2.056430217588980369e+00,-4.690655516131851388e-01
1.763579419515625000e+09,2.992122604743126524e-01,-5.434874917313480269e-01,1.605583222292729539e+00,2.137239362710610990e+00,-2.059234271311826348e+00,-4.717230276094870889e-01
1.763579419529314041e+09,2.974140120668696818e-01,-5.450478354925403224e-01,1.603361401162916033e+00,2.135060978260186371e+00,-2.062239352646327628e+00,-4.748852848903246104e-01
1.763579419543002844e+09,2.957620020560300378e-01,-5.467740823795764760e-01,1.600965590572195563e+00,2.132387124807025636e+00,-2.065367756193638549e+00,-4.786702459725705738e-01
1.763579419556691885e+09,2.942663491699256118e-01,-5.486923101903918853e-01,1.598390104190182015e+00,2.129246607131855207e+00,-2.068495647023550266e+00,-4.830228529491640832e-01
1.763579419570380688e+09,2.929398361673811735e-01,-5.508303715722788763e-01,1.595628029602941034e+00,2.125668326226307414e+00,-2.071497374660526525e+00,-4.878903962294892094e-01
1.763579419584069490e+09,2.917867366367091209e-01,-5.532057760769154564e-01,1.592679121353009375e+00,2.121685226056078122e+00,-2.074254784592418410e+00,-4.932063753479842272e-01
1.763579419597758532e+09,2.908042601922791737e-01,-5.557928466071569984e-01,1.589561723533489568e+00,2.117347050458183944e+00,-2.076696469200305373e+00,-4.988761474041537580e-01
1.763579419611447334e+09,2.899822911441045648e-01,-5.585419011800719646e-01,1.586305910791914409e+00,2.112713170520223116e+00,-2.078774657272390858e+00,-5.047854572084061742e-01
1.763579419625136375e+09,2.893119678142100915e-01,-5.614056267849728554e-01,1.582940149643663474e+00,2.107841833372628759e+00,-2.080439729331166721e+00,-5.108227268177570890e-01
1.763579419638825178e+09,2.888161451589735806e-01,-5.643144671398991896e-01,1.579518088033715184e+00,2.102802751399684311e+00,-2.081684021620618275e+00,-5.168970029836856828e-01
1.763579419652513981e+09,2.885987813800300339e-01,-5.671489204907192994e-01,1.576151589224674243e+00,2.097692400932521295e+00,-2.082596688060234236e+00,-5.229715350598205248e-01
1.763579419666203022e+09,2.887688253382918457e-01,-5.697841542410744253e-01,1.572958622164289721e+00,2.092608501303559798e+00,-2.083279574918068366e+00,-5.290153699771954487e-01
1.763579419679891825e+09,2.894374684911851792e-01,-5.720941937872592309e-01,1.570058411388504993e+00,2.087649972533877740e+00,-2.083835452863776361e+00,-5.349979215236818630e-01
1.763579419693580866e+09,2.905170326265886782e-01,-5.740188380322733819e-01,1.567493695641556384e+00,2.082833359167637788e+00,-2.084315719106753839e+00,-5.408334418055069648e-01
1.763579419707269669e+09,2.917373067874545756e-01,-5.755566929111246566e-01,1.565238227564381690e+00,2.078100708761856819e+00,-2.084725026566658812e+00,-5.463839716378054989e-01
1.763579419720958471e+09,2.928155200175412420e-01,-5.767107362059807896e-01,1.563260811573449649e+00,2.073388556237983238e+00,-2.085065116046910028e+00,-5.515084781659086444e-01
1.763579419734647512e+09,2.935216951237484273e-01,-5.775110853694053192e-01,1.561520176223015977e+00,2.068638520058407870e+00,-2.085331990631703381e+00,-5.561145949727912541e-01
1.763579419748336315e+09,2.939167323347301464e-01,-5.781607411632032623e-01,1.559905097445322797e+00,2.063811671941528481e+00,-2.085484952971758954e+00,-5.603961197622038259e-01
1.763579419762025356e+09,2.941882527265655689e-01,-5.789310909578937459e-01,1.558277733937233345e+00,2.058879713677311596e+00,-2.085467804556850879e+00,-5.646665142713387375e-01
1.763579419775714159e+09,2.945261352804751653e-01,-5.801018799616729504e-01,1.556495932518019432e+00,2.053812226561778420e+00,-2.085224197957809444e+00,-5.692465803905251143e-01
1.763579419789402962e+09,2.950268899182276749e-01,-5.818525680183765925e-01,1.554463453206356816e+00,2.048588946910475883e+00,-2.084706240373968011e+00,-5.743313450023477262e-01
1.763579419803092003e+09,2.956152707852428008e-01,-5.841872357024279205e-01,1.552163294564190110e+00,2.043205432407831257e+00,-2.083881845904646202e+00,-5.798911315465472560e-01
1.763579419816780806e+09,2.961791807529718934e-01,-5.870711049889461020e-01,1.549596521600760779e+00,2.037661315225077985e+00,-2.082722137741110036e+00,-5.858468881390470617e-01
1.763579419830469847e+09,2.966187560682727042e-01,-5.904787067770628228e-01,1.546761167264291803e+00,2.031954148322266285e+00,-2.081198016866414591e+00,-5.921331468149316768e-01
1.763579419844158649e+09,2.969219601947303278e-01,-5.944293422676367733e-01,1.543663565006994087e+00,2.026061058439074358e+00,-2.079281891189932008e+00,-5.987599664244616093e-01
1.763579419857847452e+09,2.971662558821674405e-01,-5.989850553672486644e-01,1.540316720019261121e+00,2.019940202401507623e+00,-2.076948576588665496e+00,-6.058130762625281163e-01
1.763579419871536493e+09,2.974288918346811861e-01,-6.042143913184497839e-01,1.536731933972712794e+00,2.013547645218856097e+00,-2.074171250257950572e+00,-6.133828561410243907e-01
1.763579419885225296e+09,2.977703169929247218e-01,-6.101381865978889874e-01,1.532932003014007449e+00,2.006854377023236768e+00,-2.070932116371398291e+00,-6.215158884699587549e-01
1.763579419898914337e+09,2.981647563686800617e-01,-6.165827464374326050e-01,1.528982992510517169e+00,1.999891508540161622e+00,-2.067247069292863948e+00,-6.300723589561764149e-01
1.763579419912603140e+09,2.985479324862188588e-01,-6.232822265235387071e-01,1.524972071633188708e+00,1.992719094398121893e+00,-2.063148601494156242e+00,-6.388249356831223746e-01
1.763579419926291943e+09,2.988592488776534162e-01,-6.299809243892008359e-01,1.520983905111570111e+00,1.985393773136282070e+00,-2.058667144246904002e+00,-6.475558131053081867e-01
1.763579419939980984e+09,2.990613368097924107e-01,-6.364887049196178426e-01,1.517083372602856084e+00,1.977964838633941458e+00,-2.053846025429631794e+00,-6.561023693736683926e-01
1.763579419953669786e+09,2.991696592101694696e-01,-6.427633305710266365e-01,1.513291748167359785e+00,1.970462682641345609e+00,-2.048752789084301362e+00,-6.644274748562776223e-01
1.763579419967358828e+09,2.992048057410003348e-01,-6.487774518232797272e-01,1.509625674974455878e+00,1.962915574483389713e+00,-2.043457506458518758e+00,-6.725067374353190797e-01
1.763579419981047630e+09,2.991883584888496150e-01,-6.545060561986940639e-01,1.506101271556376853e+00,1.955351853179840838e+00,-2.038030873874757010e+00,-6.803175845483844242e-01
1.763579419994736433e+09,2.991413438336898434e-01,-6.599229046419373690e-01,1.502734905028201062e+00,1.947799701414337337e+00,-2.032543133150748638e+00,-6.878365384983424757e-01
1.763579420008425474e+09,2.990850130851692712e-01,-6.650023499074763089e-01,1.499542780298114053e+00,1.940287211570943304e+00,-2.027064601480839556e+00,-6.950406325023232856e-01
1.763579420022114277e+09,2.990405497534215362e-01,-6.697183235308626914e-01,1.496541306347884293e+00,1.932842886921794179e+00,-2.021665848184584391e+00,-7.019063813932080453e-01
1.763579420035803318e+09,2.990291504120055066e-01,-6.740450628126505306e-01,1.493746701018280110e+00,1.925494727247514914e+00,-2.016417093373594760e+00,-7.084107764886299341e-01
1.763579420049492121e+09,2.990719999229903281e-01,-6.779566114444027791e-01,1.491175320828104445e+00,1.918271205726847173e+00,-2.011388877114157925e+00,-7.145304143570482269e-01
1.763579420063180923e+09,2.991903242272841990e-01,-6.814270565253598422e-01,1.488843482145987274e+00,1.911200482828864233e+00,-2.006651563633932600e+00,-7.202421391610216439e-01
1.763579420076869965e+09,2.994052510320828198e-01,-6.844307432153631243e-01,1.486767332045037415e+00,1.904310601950109483e+00,-2.002275338342907052e+00,-7.255228926490178143e-01
1.763579420090558767e+09,2.997381086613390977e-01,-6.869413813318230311e-01,1.484963454247391956e+00,1.897630194487780031e+00,-1.998330989965000359e+00,-7.303491571753558675e-01
1.763579420104247808e+09,3.002098418093938625e-01,-6.889337141979814394e-01,1.483447705096280878e+00,1.891187006344305033e+00,-1.994888324169399541e+00,-7.346980742323120372e-01
1.763579420117936611e+09,3.008421012996179145e-01,-6.903808416523358193e-01,1.482237114037828762e+00,1.885009979265484859e+00,-1.992018654956257961e+00,-7.385459361716972815e-01
1.763579420131625414e+09,3.016552574300342959e-01,-6.912585823836570054e-01,1.481346765047004688e+00,1.879126412519257494e+00,-1.989790896401798737e+00,-7.418701888040946102e-01
1.763579420145314455e+09,3.026719545354151220e-01,-6.915382054745176088e-01,1.480794989044606158e+00,1.873565881497275099e+00,-1.988277844017853679e+00,-7.446466538703380156e-01
1.763579420159003258e+09,3.039109468761142518e-01,-6.911986094551743065e-01,1.480594678408382547e+00,1.868354426834406112e+00,-1.987545862149831644e+00,-7.468536988575886770e-01
1.763579420172692060e+09,3.053974294012589685e-01,-6.902059942156116845e-01,1.480767793323251924e+00,1.863524161623880460e+00,-1.987672062030464204e+00,-7.484653712705511275e-01
1.763579420186381102e+09,3.071211841134323106e-01,-6.885952176499271493e-01,1.481287175494649055e+00,1.859072508787949829e+00,-1.988675138634568018e+00,-7.494792483320897869e-01
1.763579420200069904e+09,3.089674700261841878e-01,-6.866003723576138418e-01,1.481983211785467436e+00,1.854895869549696208e+00,-1.990404331555327477e+00,-7.499600873637092269e-01
1.763579420213758945e+09,3.107809918001631089e-01,-6.845353073830879875e-01,1.482629171916280741e+00,1.850850165645251622e+00,-1.992640885630837966e+00,-7.500004692106662096e-01
1.763579420227447748e+09,3.124117697248358638e-01,-6.827017605377077025e-01,1.483007022695319144e+00,1.846797487302147767e+00,-1.995176155158095321e+00,-7.496883341367992504e-01
1.763579420241136551e+09,3.137917636678399513e-01,-6.813227987058936286e-01,1.482949219114644723e+00,1.842654875022254890e+00,-1.997831767008051429e+00,-7.491304601223736093e-01
1.763579420254825592e+09,3.150082630791947169e-01,-6.804611829946616286e-01,1.482392301229807918e+00,1.838447632838505541e+00,-2.000498078307118899e+00,-7.484609412332480227e-01
1.763579420268514395e+09,3.161605510257469165e-01,-6.801689634792275063e-01,1.481279691909743512e+00,1.834209145978322519e+00,-2.003069072651151306e+00,-7.478172052933116376e-01
1.763579420282203436e+09,3.173426701745439837e-01,-6.804801296325325710e-01,1.479566752416690445e+00,1.829976527754786142e+00,-2.005448231755948107e+00,-7.473251446917563712e-01
1.763579420295892239e+09,3.185357943495802369e-01,-6.812596790870295571e-01,1.477322011497068432e+00,1.825802448183279747e+00,-2.007627084697850783e+00,-7.469649146847016086e-01
1.763579420309581041e+09,3.196407040923427423e-01,-6.822450891880936785e-01,1.474699111797205919e+00,1.821752536402121869e+00,-2.009663795262192743e+00,-7.466094225014821006e-01
1.763579420323270082e+09,3.205577556036258713e-01,-6.831739645635260816e-01,1.471851306898178224e+00,1.817892380862456081e+00,-2.011616020195093224e+00,-7.461314715254019347e-01
1.763579420336958885e+09,3.212027730617545984e-01,-6.838401818513152319e-01,1.468918758790824786e+00,1.814267643065514246e+00,-2.013532473866859629e+00,-7.454392141598066290e-01
1.763579420350647926e+09,3.215446860070903523e-01,-6.842402834447222082e-01,1.465995892389518440e+00,1.810850374380630567e+00,-2.015429281014641472e+00,-7.445675004418160770e-01
1.763579420364336729e+09,3.215714111989274038e-01,-6.844289018425382398e-01,1.463159780239513541e+00,1.807593962701572021e+00,-2.017311486798276654e+00,-7.435887872527539022e-01
1.763579420378025532e+09,3.212653544297945363e-01,-6.844553013498384519e-01,1.460493443531966751e+00,1.804451244802485199e+00,-2.019186882000296279e+00,-7.425707257353922897e-01
1.763579420391714573e+09,3.206743532001898322e-01,-6.843987148810635190e-01,1.458004445880359157e+00,1.801396979422534184e+00,-2.021034278603587531e+00,-7.416167039014932572e-01
1.763579420405403376e+09,3.199158450065375248e-01,-6.843666688230131134e-01,1.455619678673969020e+00,1.798431374041408848e+00,-2.022801933263319363e+00,-7.408650773749871910e-01
1.763579420419092417e+09,3.191177796278497070e-01,-6.844729200689692039e-01,1.453254178399620899e+00,1.795557148932867664e+00,-2.024433204909513950e+00,-7.404619931188280990e-01
1.763579420432781219e+09,3.184042771128704485e-01,-6.848119081235226613e-01,1.450825296477641579e+00,1.792780691218757161e+00,-2.025881346371722458e+00,-7.405360923162401798e-01
1.763579420446470022e+09,3.179129729533934356e-01,-6.853634751691429772e-01,1.448224641864058970e+00,1.790139374877009137e+00,-2.027153642605500572e+00,-7.411352554093950662e-01
1.763579420460159063e+09,3.177769013270422827e-01,-6.860403287297778263e-01,1.445340863831500844e+00,1.787685876053485945e+00,-2.028290978715134418e+00,-7.422485548284286638e-01
1.763579420473847866e+09,3.181426337958525585e-01,-6.867575152641116620e-01,1.442050463070587041e+00,1.785475335971889121e+00,-2.029330807546765758e+00,-7.438807300683698553e-01
1.763579420487536907e+09,3.190751425409074638e-01,-6.874534067995855535e-01,1.438307538574502109e+00,1.783540024145182645e+00,-2.030312724041889449e+00,-7.459694187655453446e-01
1.763579420501225710e+09,3.204653104418000997e-01,-6.881294356642320142e-01,1.434234165294652419e+00,1.781860829294713788e+00,-2.031274125786347362e+00,-7.483187944502827094e-01
1.763579420514914513e+09,3.221501323043734488e-01,-6.888038616676811499e-01,1.430003450673988041e+00,1.780403173408591888e+00,-2.032253122499966924e+00,-7.506898884128221372e-01
1.763579420528603554e+09,3.239766144073462639e-01,-6.894925335472856798e-01,1.425777595979612400e+00,1.779134479247262091e+00,-2.033287181552051681e+00,-7.528534954491126197e-01
1.763579420542292356e+09,3.257664044140693993e-01,-6.902115390351829527e-01,1.421676114729427232e+00,1.777992909237650743e+00,-2.034410880890959117e+00,-7.545993219850760658e-01
1.763579420555981398e+09,3.273212752489585431e-01,-6.909747967799478863e-01,1.417747887600216528e+00,1.776880131126130191e+00,-2.035653959704197380e+00,-7.557559591372730035e-01
1.763579420569670200e+09,3.284373186558079416e-01,-6.917966826781816181e-01,1.414043969892232688e+00,1.775695928362487575e+00,-2.037046485722773248e+00,-7.561480422792322686e-01
1.763579420583359003e+09,3.289362939012163145e-01,-6.926897169965748891e-01,1.410600549660930847e+00,1.774345431867372591e+00,-2.038615694269328760e+00,-7.556243152124092477e-01
1.763579420597048044e+09,3.288194918771640274e-01,-6.936546485213130886e-01,1.407374830075010408e+00,1.772780134639333038e+00,-2.040370303656388717e+00,-7.541869607378370866e-01
1.763579420610736847e+09,3.282009323721781224e-01,-6.946844218681842431e-01,1.404272795711789978e+00,1.770980097871219350e+00,-2.042307278753453303e+00,-7.519357924628231604e-01
1.763579420624425888e+09,3.271889421286666155e-01,-6.957729480427105040e-01,1.401202620038386026e+00,1.768923671702480549e+00,-2.044424170653587502e+00,-7.489654007927286639e-01
1.763579420638114691e+09,3.259002824865238068e-01,-6.969268286283902825e-01,1.398064122170538548e+00,1.766593857084873154e+00,-2.046701007300047781e+00,-7.454013129534797777e-01
1.763579420651803493e+09,3.244678261074275261e-01,-6.982028516126124185e-01,1.394726469787351375e+00,1.763981527710756225e+00,-2.049059246333382323e+00,-7.414612897861223573e-01
1.763579420665492535e+09,3.230258563994420906e-01,-6.996591857923856184e-01,1.391061745174496211e+00,1.761082248188763577e+00,-2.051413731100956372e+00,-7.373752508078701418e-01
1.763579420679181337e+09,3.217111962244329493e-01,-7.013622707864288763e-01,1.386933491420317521e+00,1.757889272272769254e+00,-2.053673725014940832e+00,-7.333808241194785804e-01
1.763579420692870378e+09,3.205979704049981560e-01,-7.031816465648562664e-01,1.382411512173148616e+00,1.754451357367526221e+00,-2.055880930867071132e+00,-7.295295984231937592e-01
1.763579420706559181e+09,3.196949144598983383e-01,-7.047815922361568841e-01,1.377781084780288046e+00,1.750875553934656104e+00,-2.058214890217373139e+00,-7.256794666445419706e-01
1.763579420720247984e+09,3.190041015028481919e-01,-7.058031357044894927e-01,1.373351174992309076e+00,1.747275258167405365e+00,-2.060870619349374433e+00,-7.216670296186911138e-01
1.763579420733937025e+09,3.185290149239101143e-01,-7.059376903767402567e-01,1.369388408744103058e+00,1.743748306789380420e+00,-2.064012402093325260e+00,-7.173630515021688359e-01
1.763579420747625828e+09,3.182715964833006672e-01,-7.051415118535521165e-01,1.365943750787920630e+00,1.740307280170945603e+00,-2.067642874667761532e+00,-7.128119334408634655e-01
1.763579420761314869e+09,3.182337164769289406e-01,-7.035196989197245454e-01,1.362945950246322591e+00,1.736918340780089887e+00,-2.071674888238422163e+00,-7.081550447782354318e-01
1.763579420775003672e+09,3.184175185633107974e-01,-7.011584143578827311e-01,1.360339379593186182e+00,1.733551797837954433e+00,-2.076031486638524992e+00,-7.035228855928884473e-01
1.763579420788692474e+09,3.188213363866767569e-01,-6.981914618380388182e-01,1.358031995757259081e+00,1.730176804347857367e+00,-2.080615099618918329e+00,-6.990661863685354582e-01
1.763579420802381516e+09,3.194368517985810563e-01,-6.948161274582059788e-01,1.355884815507851560e+00,1.726767698786255023e+00,-2.085304634660406276e+00,-6.949577047981977396e-01
1.763579420816070318e+09,3.202533909916233656e-01,-6.912516933689107912e-01,1.353742758803257118e+00,1.723298745148046152e+00,-2.089969168595157356e+00,-6.913794255126667343e-01
1.763579420829759359e+09,3.212579991550968406e-01,-6.877068858083325020e-01,1.351460283769018611e+00,1.719746584543858203e+00,-2.094483565429388516e+00,-6.885030484924365979e-01
1.763579420843448162e+09,3.223667338163124230e-01,-6.843234323786241413e-01,1.348987844304558870e+00,1.716124907573968406e+00,-2.098756577725895855e+00,-6.863672217011019816e-01
1.763579420857136965e+09,3.234255852979410206e-01,-6.811627658119885353e-01,1.346381472240486099e+00,1.712487361642893058e+00,-2.102739512015524781e+00,-6.848666338027039613e-01
1.763579420870826006e+09,3.242759922411862505e-01,-6.782910481790851431e-01,1.343696113541858361e+00,1.708886767540042095e+00,-2.106379610401967639e+00,-6.838967483037940998e-01
1.763579420884514809e+09,3.247936893827401694e-01,-6.757600398752876547e-01,1.340978083977123037e+00,1.705376188505797419e+00,-2.109641168974447645e+00,-6.833665758582727623e-01
1.763579420898203850e+09,3.250195373580423430e-01,-6.735786962706984404e-01,1.338209461922938548e+00,1.701999033843562215e+00,-2.112552892746359934e+00,-6.832778039746687515e-01
1.763579420911892653e+09,3.250728885241785937e-01,-6.717328566392173350e-01,1.335344453523784169e+00,1.698795542034350126e+00,-2.115175783930594022e+00,-6.836731396226000124e-01
1.763579420925581455e+09,3.250664720091613891e-01,-6.702110375288299338e-01,1.332338858558914430e+00,1.695805885403519175e+00,-2.117567806451253976e+00,-6.845927498697902402e-01
1.763579420939270496e+09,3.251231973344336779e-01,-6.689683765168625840e-01,1.329165990489519222e+00,1.693070629120500437e+00,-2.119793517707813546e+00,-6.860404604965810726e-01
1.763579420952959299e+09,3.253827741462399503e-01,-6.678868646809851262e-01,1.325840957736721615e+00,1.690632847689799823e+00,-2.121929277382626378e+00,-6.879354163641514530e-01
1.763579420966648340e+09,3.259831172454029091e-01,-6.668411897059529636e-01,1.322384452519355102e+00,1.688533848840170215e+00,-2.124051343889025389e+00,-6.901846142290096742e-01
1.763579420980337143e+09,3.270621674982199245e-01,-6.657055130398755738e-01,1.318817815169812224e+00,1.686815182038698735e+00,-2.126235847276015001e+00,-6.926941188329550636e-01
1.763579420994025946e+09,3.285843765063479194e-01,-6.644565409800267108e-01,1.315179763950239167e+00,1.685452703956536569e+00,-2.128478819118158505e+00,-6.953236604036003854e-01
1.763579421007714987e+09,3.303553278481101696e-01,-6.631648318329932401e-01,1.311525240588648389e+00,1.684362162057512213e+00,-2.130702664719840378e+00,-6.978901503882292134e-01
1.763579421021403790e+09,3.321699550865733763e-01,-6.619068415439299802e-01,1.307910751520433568e+00,1.683455477987987337e+00,-2.132824814720990059e+00,-7.002066656722957250e-01
1.763579421035092592e+09,3.338408953591886497e-01,-6.607475206652342337e-01,1.304387590286645082e+00,1.682651818194416116e+00,-2.134778588375278563e+00,-7.021058457797607621e-01
1.763579421048781633e+09,3.352520685724727501e-01,-6.596977907916894424e-01,1.300985748726475988e+00,1.681902652542149434e+00,-2.136574282443675976e+00,-7.035107548642285380e-01
1.763579421062470436e+09,3.363286219754885731e-01,-6.587425508159542309e-01,1.297723015416802683e+00,1.681176379933697396e+00,-2.138259131427524551e+00,-7.043918368049503220e-01
1.763579421076159477e+09,3.369825817070611906e-01,-6.578702856811505795e-01,1.294621217217706510e+00,1.680437569854715152e+00,-2.139874915760158647e+00,-7.047076945641199686e-01
1.763579421089848280e+09,3.372052138631078666e-01,-6.570572462827006799e-01,1.291675400405573715e+00,1.679670374959704171e+00,-2.141485430948208535e+00,-7.044860911475606668e-01
1.763579421103537083e+09,3.371036467466398956e-01,-6.562643106159516959e-01,1.288840891909150299e+00,1.678886701404987969e+00,-2.143183452666335587e+00,-7.038550450291968241e-01
1.763579421117226124e+09,3.368120724636633478e-01,-6.554478924701770959e-01,1.286063613556063689e+00,1.678105102678214999e+00,-2.145070013617372595e+00,-7.029664367826490290e-01
1.763579421130914927e+09,3.364534932868067374e-01,-6.545687593106470636e-01,1.283291806972187032e+00,1.677339934628452323e+00,-2.147237873801251418e+00,-7.019621928594232951e-01
1.763579421144603968e+09,3.361090604095519074e-01,-6.536191855489676961e-01,1.280461341383324347e+00,1.676575700320428908e+00,-2.149723202671126376e+00,-7.009521172552486412e-01
1.763579421158292770e+09,3.358164667906963774e-01,-6.526200536890056636e-01,1.277503617570894257e+00,1.675771001897886414e+00,-2.152508796007335246e+00,-7.000096907469075536e-01
1.763579421171981573e+09,3.356188875632976076e-01,-6.515902396681528819e-01,1.274345445955613609e+00,1.674884798581130818e+00,-2.155583271507565790e+00,-6.992154350842550992e-01
1.763579421185670614e+09,3.355449028741882556e-01,-6.505506973242091151e-01,1.270940130638439136e+00,1.673882998577387760e+00,-2.158918720710100381e+00,-6.986229268587745844e-01
1.763579421199359417e+09,3.355883457302015760e-01,-6.495225616376890665e-01,1.267323822387590226e+00,1.672758970360738395e+00,-2.162447330592481620e+00,-6.982112600989884843e-01
1.763579421213048458e+09,3.357282328609740851e-01,-6.485278603298308964e-01,1.263564363322716932e+00,1.671515855950962637e+00,-2.166084438071200324e+00,-6.979293713994709769e-01
1.763579421226737261e+09,3.359457923309482896e-01,-6.475882365910010652e-01,1.259725767462039459e+00,1.670155965014059385e+00,-2.169747698036637917e+00,-6.977305032232402615e-01
1.763579421240426064e+09,3.362416554588383844e-01,-6.467130473209919961e-01,1.255852677786515326e+00,1.668699066036022582e+00,-2.173359341238088938e+00,-6.975997448602635487e-01
1.763579421254115105e+09,3.366538627571357134e-01,-6.458892635345442335e-01,1.251950651015005356e+00,1.667195218326290584e+00,-2.176852422707506562e+00,-6.975841960582070955e-01
1.763579421267803907e+09,3.372222893728461512e-01,-6.451022270298297778e-01,1.248023154144948910e+00,1.665696721853132445e+00,-2.180160376360429364e+00,-6.977348839892177912e-01
1.763579421281492949e+09,3.379837277558075948e-01,-6.443364621744426257e-01,1.244072835376830000e+00,1.664254790312043930e+00,-2.183217866994184408e+00,-6.981032983675402592e-01
1.763579421295181751e+09,3.389027495659935885e-01,-6.435721838543059237e-01,1.240112028601489280e+00,1.662892147117218000e+00,-2.185970565783709407e+00,-6.987216915147685947e-01
1.763579421308870554e+09,3.398903756784702468e-01,-6.427859408951807074e-01,1.236159241516237239e+00,1.661610381045539819e+00,-2.188372991260719935e+00,-6.996085947291006413e-01
1.763579421322559595e+09,3.408565506403701262e-01,-6.419542581623745026e-01,1.232233179237115728e+00,1.660410983834548881e+00,-2.190379312907876574e+00,-7.007827190801088069e-01
1.763579421336248398e+09,3.417203853627839294e-01,-6.410554434259404522e-01,1.228353400187692346e+00,1.659285203675419984e+00,-2.191958618237376921e+00,-7.022621061051328439e-01
1.763579421349937439e+09,3.424374809115706686e-01,-6.400752313188809994e-01,1.224542554580230203e+00,1.658181061706138104e+00,-2.193141658652228099e+00,-7.040682113775683648e-01
1.763579421363626242e+09,3.429773247972558448e-01,-6.390017406110475306e-01,1.220824113635458508e+00,1.657033322310749179e+00,-2.193979355449047208e+00,-7.062194129345988891e-01
1.763579421377315044e+09,3.433064877492978950e-01,-6.378231132533548342e-01,1.217222003834325772e+00,1.655776295265381171e+00,-2.194521731355765226e+00,-7.087392248283567175e-01
1.763579421391004086e+09,3.434101722974025050e-01,-6.365248694592446910e-01,1.213753686371284113e+00,1.654356862106539205e+00,-2.194815528768495838e+00,-7.116006038537981970e-01
1.763579421404692888e+09,3.432963630906198382e-01,-6.350887673366238939e-01,1.210428474178414149e+00,1.652740032440369156e+00,-2.194901434025902986e+00,-7.147084284536426857e-01
1.763579421418381929e+09,3.429781598641705176e-01,-6.334958595862495434e-01,1.207253677345470955e+00,1.650893227257506535e+00,-2.194819662672778726e+00,-7.179562112482322789e-01
1.763579421432070732e+09,3.424714446669525070e-01,-6.317311687507102258e-01,1.204234255312143675e+00,1.648788678566217136e+00,-2.194607427328413074e+00,-7.212417407761073651e-01
1.763579421445759535e+09,3.418482853725284820e-01,-6.298184999499001346e-01,1.201338171963529433e+00,1.646446372871348096e+00,-2.194273241889925341e+00,-7.244865898589267772e-01
1.763579421459448576e+09,3.412151800169014315e-01,-6.278096513405582169e-01,1.198509350811334695e+00,1.643922869384578211e+00,-2.193804063082182676e+00,-7.276284978691629490e-01
1.763579421473137379e+09,3.406843957604786532e-01,-6.257562699562279063e-01,1.195689534846171354e+00,1.641271532565665492e+00,-2.193188156398654165e+00,-7.306078725940242657e-01
1.763579421486826420e+09,3.403235615439434425e-01,-6.237020787791016652e-01,1.192841843973279081e+00,1.638553795117777545e+00,-2.192413363464581710e+00,-7.333404075447550463e-01
1.763579421500515223e+09,3.400830423465299734e-01,-6.216666342927890110e-01,1.189987717008559542e+00,1.635845342770531952e+00,-2.191470670173286006e+00,-7.356760320695912014e-01
1.763579421514204025e+09,3.398737320274491935e-01,-6.196618197842703735e-01,1.187167731745145671e+00,1.633228027419432404e+00,-2.190351210454220432e+00,-7.374425314515707930e-01
1.763579421527893066e+09,3.396142232811816264e-01,-6.177003336058651817e-01,1.184418778611046053e+00,1.630781628680152640e+00,-2.189047749688572964e+00,-7.384741852375795723e-01
1.763579421541581869e+09,3.392836457264017391e-01,-6.157870713364260729e-01,1.181747052201886916e+00,1.628573436544459074e+00,-2.187599832764710595e+00,-7.387091317868736962e-01
1.763579421555270910e+09,3.389536535123585104e-01,-6.139166713509049966e-01,1.179111782675396292e+00,1.626649568802006840e+00,-2.186114464658277967e+00,-7.382382128567825941e-01
1.763579421568959713e+09,3.386977056125338170e-01,-6.120833738210657016e-01,1.176471347600343664e+00,1.625056836119124215e+00,-2.184700289310716581e+00,-7.371557306936770138e-01
1.763579421582648516e+09,3.385866870513071780e-01,-6.102828848651200566e-01,1.173786706936323920e+00,1.623830721792699716e+00,-2.183468256758505532e+00,-7.355565285193031988e-01
1.763579421596337557e+09,3.386401433681187068e-01,-6.085261930863186119e-01,1.171056325693695888e+00,1.622921919342918295e+00,-2.182528861277449383e+00,-7.334930763176219504e-01
1.763579421610026360e+09,3.388484180624676267e-01,-6.068334771940613326e-01,1.168300622045212567e+00,1.622229037450368061e+00,-2.181993539346032129e+00,-7.309954000996095047e-01
1.763579421623715401e+09,3.392023640983048427e-01,-6.052246709443191985e-01,1.165539495668102665e+00,1.621652033549908056e+00,-2.181974152969397895e+00,-7.280935409477694575e-01
1.763579421637404203e+09,3.396854147263088097e-01,-6.037190267128456078e-01,1.162788484884766715e+00,1.621086973664005892e+00,-2.182562007531656967e+00,-7.248100111996307326e-01
1.763579421651093006e+09,3.402564995246853408e-01,-6.023339308591678654e-01,1.160047857137491700e+00,1.620416183008592581e+00,-2.183786084600875199e+00,-7.211419840745841858e-01
1.763579421664782047e+09,3.408709583359411099e-01,-6.010851792946270145e-01,1.157313771866957053e+00,1.619523044638646159e+00,-2.185657585546266990e+00,-7.170819070166024600e-01
1.763579421678470850e+09,3.414814530612210186e-01,-5.999900838403126047e-01,1.154583305579578001e+00,1.618285737217525222e+00,-2.188191342883090140e+00,-7.126209491672487184e-01
1.763579421692159891e+09,3.420793389972090481e-01,-5.990476931535022587e-01,1.151846868795241674e+00,1.616654791810827163e+00,-2.191360480859333659e+00,-7.077731857732271203e-01
1.763579421705848694e+09,3.427012156585048652e-01,-5.982364108960207538e-01,1.149088519021675747e+00,1.614665744180548312e+00,-2.195089272602909425e+00,-7.025802095793711732e-01
1.763579421719537497e+09,3.433907403141936432e-01,-5.975308651609053667e-01,1.146290264938724324e+00,1.612366633542043015e+00,-2.199295100017850668e+00,-6.970875795399161801e-01
1.763579421733226538e+09,3.441916441822055472e-01,-5.969046810646820855e-01,1.143431387522963361e+00,1.609809773206129169e+00,-2.203894970221473848e+00,-6.913437376376886379e-01
1.763579421746915340e+09,3.451786056696362071e-01,-5.963000490391585640e-01,1.140447754951834369e+00,1.607129538075305897e+00,-2.208783584908980746e+00,-6.854418356622178354e-01
1.763579421760604382e+09,3.464396894871578647e-01,-5.956445847941360672e-01,1.137252262117167012e+00,1.604507199453985233e+00,-2.213842750847548668e+00,-6.795000778021537124e-01
1.763579421774293184e+09,3.480694700970242139e-01,-5.948599145263021581e-01,1.133752406987474481e+00,1.602127737877310665e+00,-2.218954456586115676e+00,-6.736395981771392538e-01
1.763579421787981987e+09,3.501222749961269698e-01,-5.939063183071650043e-01,1.129894101912250814e+00,1.600145287612758649e+00,-2.223999638957832037e+00,-6.679608282437619060e-01
1.763579421801671028e+09,3.525606041133410029e-01,-5.928333591747871889e-01,1.125712794311463760e+00,1.598638880275258245e+00,-2.228857765051264650e+00,-6.625158135441636675e-01
1.763579421815359831e+09,3.553155434621683706e-01,-5.917204168089787997e-01,1.121274401980292490e+00,1.597663594388404107e+00,-2.233406998076182148e+00,-6.573404194590222183e-01
1.763579421829048872e+09,3.583241495707009117e-01,-5.906399960637858104e-01,1.116639125812919797e+00,1.597277115825851634e+00,-2.237528246581049984e+00,-6.524715218358334567e-01
1.763579421842737675e+09,3.615047989505434378e-01,-5.896276458642937257e-01,1.111890733949745913e+00,1.597505082710368951e+00,-2.241149802624302634e+00,-6.478791523654128248e-01
1.763579421856426477e+09,3.647606336737194699e-01,-5.886656230614238927e-01,1.107134289073344879e+00,1.598333880224388936e+00,-2.244264211114343599e+00,-6.434526602218101354e-01
1.763579421870115519e+09,3.679915105531891828e-01,-5.877365679659271036e-01,1.102478388826072742e+00,1.599750625816728000e+00,-2.246862628746423063e+00,-6.390774342090450588e-01
1.763579421883804321e+09,3.711117857001602904e-01,-5.868214872269059690e-01,1.098015874148489113e+00,1.601730454783089286e+00,-2.248950106335223076e+00,-6.346554743000284438e-01
1.763579421897493124e+09,3.741181752144783768e-01,-5.859066561974487497e-01,1.093748290579953597e+00,1.604190161641978918e+00,-2.250594394537623444e+00,-6.301964228656704581e-01
1.763579421911182165e+09,3.770519866408515997e-01,-5.849798305413765886e-01,1.089627864252710854e+00,1.607013936855693270e+00,-2.251898838277408110e+00,-6.257669788477966399e-01
1.763579421924870968e+09,3.799517465421561324e-01,-5.840289595393546307e-01,1.085610125205854759e+00,1.610088174864092503e+00,-2.252964045667479986e+00,-6.214307261917271230e-01
1.763579421938560009e+09,3.828341263884175172e-01,-5.830444701697532484e-01,1.081659617965610831e+00,1.613288335117398997e+00,-2.253896132159079357e+00,-6.172423333483820773e-01
1.763579421952248812e+09,3.856532432518200992e-01,-5.820235920755205683e-01,1.077770680206979526e+00,1.616462465004233851e+00,-2.254812144371415972e+00,-6.132282047295948280e-01
1.763579421965937614e+09,3.883532830014718162e-01,-5.809647310316559121e-01,1.073942133522287623e+00,1.619456182643248532e+00,-2.255829943735945253e+00,-6.094104190646356667e-01
1.763579421979626656e+09,3.908780529602469689e-01,-5.798662596427131000e-01,1.070172965024003497e+00,1.622113961634214618e+00,-2.257068009519463736e+00,-6.058106858032894504e-01
1.763579421993315458e+09,3.931837080506237481e-01,-5.787279368093499743e-01,1.066461093994841125e+00,1.624343838094611359e+00,-2.258605262695784432e+00,-6.024612469048592489e-01
1.763579422007004499e+09,3.952384105679391801e-01,-5.775505981077998507e-01,1.062803030673156623e+00,1.626114276458563879e+00,-2.260483020092654893e+00,-5.994035383924135596e-01
1.763579422020693302e+09,3.970106948442424510e-01,-5.763353858692866760e-01,1.059195561777663608e+00,1.627396834971567952e+00,-2.262741091482129985e+00,-5.966801593802059100e-01
1.763579422034382105e+09,3.984715059507045187e-01,-5.750827575463949293e-01,1.055631802357887450e+00,1.628176514767095906e+00,-2.265403774089554734e+00,-5.943345506486047425e-01
1.763579422048071146e+09,3.996025949112785303e-01,-5.737914364673118994e-01,1.052084676752151227e+00,1.628506214115371886e+00,-2.268418489842302765e+00,-5.924211685274640704e-01
1.763579422061759949e+09,4.003917299157065957e-01,-5.724585803536479389e-01,1.048519138876591317e+00,1.628474628785239853e+00,-2.271691843822032819e+00,-5.909966004194139311e-01
1.763579422075448990e+09,4.008249959539585405e-01,-5.710823462740639567e-01,1.044898933846593936e+00,1.628162056039744732e+00,-2.275139935542570324e+00,-5.901208234862189705e-01
1.763579422089137793e+09,4.008983889509083465e-01,-5.696537930176868159e-01,1.041200260790702048e+00,1.627691507171435736e+00,-2.278633179864392844e+00,-5.898267526115233972e-01
1.763579422102826595e+09,4.006241156134685011e-01,-5.681521021321654930e-01,1.037420345904445984e+00,1.627252165922405736e+00,-2.281972190653960286e+00,-5.901021765982372713e-01
1.763579422116515636e+09,4.000180573029749054e-01,-5.665536064940516203e-01,1.033561474614791642e+00,1.627050808149178351e+00,-2.284938967326744397e+00,-5.909237596499744560e-01
1.763579422130204439e+09,3.990951889723904911e-01,-5.648354306458851504e-01,1.029626773291484998e+00,1.627284306898592714e+00,-2.287323023115516385e+00,-5.922695662279450213e-01
1.763579422143893480e+09,3.978610819091741302e-01,-5.629760168092903250e-01,1.025656143550814470e+00,1.628069855530688725e+00,-2.288950649399433157e+00,-5.940868618610323226e-01
1.763579422157582283e+09,3.963127110996291780e-01,-5.609559804148781526e-01,1.021725952080062783e+00,1.629431343200842708e+00,-2.289695836717570376e+00,-5.962959117676706056e-01
1.763579422171271086e+09,3.944454183255984847e-01,-5.587557086454575384e-01,1.017913686922147010e+00,1.631400928070018352e+00,-2.289425594255377394e+00,-5.988137630657452970e-01
1.763579422184960127e+09,3.922647612316681465e-01,-5.563556125255670892e-01,1.014286942533099589e+00,1.633977612919028433e+00,-2.288037791353947359e+00,-6.015762121317149713e-01
1.763579422198648930e+09,3.898218683356092784e-01,-5.537356898758243329e-01,1.010864187371612433e+00,1.637043386485420582e+00,-2.285547893362544158e+00,-6.046025107346458816e-01
1.763579422212337971e+09,3.871899911029871855e-01,-5.508756155608022231e-01,1.007640031225010446e+00,1.640418901972027665e+00,-2.282031745631690089e+00,-6.079532750101052097e-01
1.763579422226026773e+09,3.844405923318663376e-01,-5.477551743717239408e-01,1.004611403940802949e+00,1.643931592806058939e+00,-2.277558731227529609e+00,-6.116849749393739044e-01
1.763579422239715576e+09,3.816177630919788122e-01,-5.443636416245478671e-01,1.001786408534601769e+00,1.647393250401411491e+00,-2.272221217637265145e+00,-6.158389940977828658e-01
1.763579422253404617e+09,3.787002690285887208e-01,-5.407119784533657159e-01,9.992027102533519445e-01,1.650588112426195186e+00,-2.266154934949686783e+00,-6.204163619508350491e-01
1.763579422267093420e+09,3.756593218171311310e-01,-5.368143829322816751e-01,9.969007918692527337e-01,1.653298643957065828e+00,-2.259501614402599223e+00,-6.254127513611863476e-01
1.763579422280782461e+09,3.724658360155806980e-01,-5.326851883205587779e-01,9.949203955585530501e-01,1.655311013665518693e+00,-2.252401446832069443e+00,-6.308231236202710424e-01
1.763579422294471264e+09,3.691218570345406458e-01,-5.283459451980160315e-01,9.932588480740104364e-01,1.656557873762385835e+00,-2.244942383366297811e+00,-6.366250070987720111e-01
1.763579422308160067e+09,3.656541596104361247e-01,-5.238238771557723883e-01,9.918785947576255202e-01,1.657092706531322568e+00,-2.237168788543149933e+00,-6.427817385670903105e-01
1.763579422321849108e+09,3.620904713905958583e-01,-5.191464033124039146e-01,9.907407891374306885e-01,1.656973442147101183e+00,-2.229123383200366515e+00,-6.492561659532021245e-01
1.763579422335537910e+09,3.584586074009573076e-01,-5.143411529661978676e-01,9.898068015606619197e-01,1.656257433246928201e+00,-2.220849514660319102e+00,-6.560108831548232544e-01
1.763579422349226952e+09,3.547862660100938315e-01,-5.094354752614005388e-01,9.890377131000328559e-01,1.655002807644286866e+00,-2.212389686923296406e+00,-6.630088230316749653e-01
1.763579422362915754e+09,3.511012818192262852e-01,-5.044570132750758606e-01,9.883948557735157125e-01,1.653267050692420970e+00,-2.203787229485551613e+00,-6.702125479079468207e-01
1.763579422376604557e+09,3.474313845058160100e-01,-4.994331865874320764e-01,9.878393791418785819e-01,1.651108115569580148e+00,-2.195084849421377715e+00,-6.775849024838850321e-01
1.763579422390293598e+09,3.438042467469215047e-01,-4.943913898848654731e-01,9.873325336135273522e-01,1.648583565329485578e+00,-2.186325369233575788e+00,-6.850888017113290207e-01
1.763579422403982401e+09,3.402477651925702173e-01,-4.893592948521054975e-01,9.868355380416654610e-01,1.645751327878376857e+00,-2.177551994086516451e+00,-6.926867245615936364e-01
1.763579422417671442e+09,3.367895708867254534e-01,-4.843642163696970093e-01,9.863096035516075721e-01,1.642669011422382086e+00,-2.168807360398951722e+00,-7.003417097207418340e-01
1.763579422431360245e+09,3.334575384775632645e-01,-4.794338189485693458e-01,9.857159741501694272e-01,1.639394495058881462e+00,-2.160134700204471070e+00,-7.080162303589310202e-01
1.763579422445049047e+09,3.302793774880643518e-01,-4.745955098294278307e-01,9.850158464275233783e-01,1.635985485050420296e+00,-2.151576776378091971e+00,-7.156732048237642863e-01
1.763579422458738089e+09,3.272827701431728076e-01,-4.698766914899642488e-01,9.841704602096966736e-01,1.632499641922959377e+00,-2.143176398628757084e+00,-7.232754834020721502e-01
1.763579422472426891e+09,3.244956214764219138e-01,-4.653050324709546715e-01,9.831410088065017927e-01,1.628994901601781953e+00,-2.134976739915655841e+00,-7.307856236576814046e-01
1.763579422486115932e+09,3.219455250895103537e-01,-4.609078446376894123e-01,9.818887702333435330e-01,1.625528793206407974e+00,-2.127020520456089248e+00,-7.381665453898664797e-01
1.763579422499804735e+09,3.196604381479917767e-01,-4.567128087103867196e-01,9.803748573783513942e-01,1.622159360381437043e+00,-2.119350826446367630e+00,-7.453809081300547534e-01
1.763579422513493538e+09,3.176678467913699455e-01,-4.527472446546002560e-01,9.785607969649212645e-01,1.618943945543596330e+00,-2.112010641884401796e+00,-7.523912908930382448e-01
1.763579422527182579e+09,3.159953291031685763e-01,-4.490384446789369988e-01,9.764080416757104919e-01,1.615940011598869130e+00,-2.105042731974634318e+00,-7.591604035628332081e-01
1.763579422540871382e+09,3.146279474296547751e-01,-4.455890528968162734e-01,9.739445015294930785e-01,1.613138944239423278e+00,-2.098509832057319446e+00,-7.655965902744990004e-01
1.763579422554560423e+09,3.134725270245236617e-01,-4.423557033886145740e-01,9.713197388468531868e-01,1.610410451851916003e+00,-2.092509674209808157e+00,-7.715097191198687643e-01
1.763579422568249226e+09,3.124296749852061295e-01,-4.392915239707467223e-01,9.686933572349465393e-01,1.607614626799708901e+00,-2.087143178368918051e+00,-7.767012698086397382e-01
1.763579422581938028e+09,3.114022401420263320e-01,-4.363488017137056030e-01,9.662225782211172342e-01,1.604615063775622907e+00,-2.082504940258503634e+00,-7.809772880253422755e-01
1.763579422595627069e+09,3.103423008156525054e-01,-4.334838373779582588e-01,9.640045594709483190e-01,1.601352335451081466e+00,-2.078606390787068214e+00,-7.842222296375491730e-01
1.763579422609315872e+09,3.092347489312564091e-01,-4.306552483696120537e-01,9.620968583885478598e-01,1.597818699350782579e+00,-2.075402415446883531e+00,-7.863730637718349126e-01
1.763579422623004913e+09,3.080641195582309311e-01,-4.278213156866239597e-01,9.605574335293912691e-01,1.594004952969492184e+00,-2.072848440265332215e+00,-7.873664126372642569e-01
1.763579422636693716e+09,3.068231899911430527e-01,-4.249464029269236498e-01,9.594308141576443072e-01,1.589934211712449308e+00,-2.070879015241084975e+00,-7.871447612107613789e-01
1.763579422650382519e+09,3.055313714701723971e-01,-4.220143501138527431e-01,9.587183703959094583e-01,1.585734986023349169e+00,-2.069357066941872603e+00,-7.856659973843241884e-01
1.763579422664071560e+09,3.042151993426178147e-01,-4.190145685728152714e-01,9.584085719134692871e-01,1.581565398859309468e+00,-2.068127986560523990e+00,-7.828945764261573403e-01
1.763579422677760363e+09,3.029011674056915071e-01,-4.159361629230859947e-01,9.584916635002521668e-01,1.577581612630108765e+00,-2.067035941530918741e+00,-7.787923051088080362e-01
1.763579422691449404e+09,3.016114062775011595e-01,-4.127694793841983900e-01,9.589444764699637247e-01,1.573940123015397763e+00,-2.065959928070892015e+00,-7.733563739905551238e-01
1.763579422705138206e+09,3.003629119839090755e-01,-4.095064769901592405e-01,9.597292097049722193e-01,1.570794840894537581e+00,-2.064821070908634315e+00,-7.666256048646707955e-01
1.763579422718827009e+09,2.991718646172945029e-01,-4.061390152730382508e-01,9.608061510476024747e-01,1.568301734126167357e+00,-2.063544298233548346e+00,-7.586427098948310688e-01
1.763579422732516050e+09,2.980556695534066769e-01,-4.026603119326356839e-01,9.621347209149584412e-01,1.566602305714263510e+00,-2.062064424745393865e+00,-7.494610181330109144e-01
1.763579422746204853e+09,2.970383595687285383e-01,-3.990723553979497740e-01,9.636659916497014589e-01,1.565748008279445047e+00,-2.060389134334525973e+00,-7.392153771130486328e-01
1.763579422759893656e+09,2.961490895246400856e-01,-3.953836519133869243e-01,9.653445728741227860e-01,1.565723945701350983e+00,-2.058577485113853189e+00,-7.280967155048394535e-01
1.763579422773582697e+09,2.954157518921351477e-01,-3.916009595445668068e-01,9.671172214652524746e-01,1.566527490281104606e+00,-2.056680174593703558e+00,-7.162873954472074312e-01
1.763579422787271500e+09,2.948717468581459888e-01,-3.877390584179026267e-01,9.689197203261535885e-01,1.568111080748540997e+00,-2.054777355626066893e+00,-7.039986657411126947e-01
1.763579422800960541e+09,2.945624057072674384e-01,-3.838296148283612541e-01,9.706634643476904634e-01,1.570334396789363929e+00,-2.053008620069192602e+00,-6.914970562835121015e-01
1.763579422814649343e+09,2.945370982115206870e-01,-3.799104536959465594e-01,9.722514716227482756e-01,1.573023906507604819e+00,-2.051535182928722723e+00,-6.790704475909623561e-01
1.763579422828338146e+09,2.948435255878957273e-01,-3.760179722555986870e-01,9.735894440941320616e-01,1.576013059792241711e+00,-2.050512818749061328e+00,-6.669991803378269024e-01
1.763579422842027187e+09,2.954916334263422706e-01,-3.721839742027318043e-01,9.746238534484186200e-01,1.579144510477042740e+00,-2.050063412259731432e+00,-6.554681976119680620e-01
1.763579422855715990e+09,2.964371502942226289e-01,-3.684326078169144481e-01,9.753609104257112694e-01,1.582282286162890461e+00,-2.050254703320748551e+00,-6.445214008525604887e-01
1.763579422869405031e+09,2.976342843980305242e-01,-3.647878726639068869e-01,9.758080991699625839e-01,1.585288769390550412e+00,-2.051154781893407275e+00,-6.341999384166931986e-01
1.763579422883093834e+09,2.990385981923955327e-01,-3.612724330311232190e-01,9.759749942238657994e-01,1.588039732007034521e+00,-2.052820641865709561e+00,-6.245335776938258920e-01
1.763579422896782637e+09,3.006306169225361202e-01,-3.578998854891830561e-01,9.758700804053161981e-01,1.590500278278437873e+00,-2.055246026232197210e+00,-6.155035618526853991e-01
1.763579422910471678e+09,3.024046162095288537e-01,-3.546783057167435249e-01,9.755024456190551918e-01,1.592689662525230254e+00,-2.058385459224406855e+00,-6.070593523128551272e-01
1.763579422924160480e+09,3.043544625263803205e-01,-3.516162153955063596e-01,9.748810438426439573e-01,1.594624410722633723e+00,-2.062195386919237095e+00,-5.991524964317884727e-01
1.763579422937849522e+09,3.064734217519503590e-01,-3.487223991984964577e-01,9.740104325812658503e-01,1.596335727388456194e+00,-2.066618123283598063e+00,-5.917389894309652565e-01
1.763579422951538324e+09,3.087520930828261401e-01,-3.460079596260783874e-01,9.728824902762831517e-01,1.597894010028170664e+00,-2.071555725547903570e+00,-5.847908783196545945e-01
1.763579422965227127e+09,3.111802440966764394e-01,-3.434840916506393116e-01,9.714860761252134269e-01,1.599376434607043818e+00,-2.076903704952524965e+00,-5.782853775598083557e-01
1.763579422978916168e+09,3.137481224906447652e-01,-3.411621580487008698e-01,9.698103777637414602e-01,1.600861958530808371e+00,-2.082555837547297894e+00,-5.721972284015347521e-01
1.763579422992604971e+09,3.164377114708304961e-01,-3.390502497694274919e-01,9.678401701017295133e-01,1.602391008324455690e+00,-2.088443936586880323e+00,-5.665460850419943295e-01
1.763579423006294012e+09,3.192226803069773133e-01,-3.371525531364032435e-01,9.655555657088298327e-01,1.603962997919284650e+00,-2.094541320687409947e+00,-5.613983538223613623e-01
1.763579423019982815e+09,3.220753386546173491e-01,-3.354731376249392438e-01,9.629359211060883883e-01,1.605572458437656946e+00,-2.100825688873910746e+00,-5.568269452555694166e-01
1.763579423033671618e+09,3.249677555598460277e-01,-3.340148299217223227e-01,9.599643416582868127e-01,1.607210184705690104e+00,-2.107274700882279195e+00,-5.528975834771830966e-01
1.763579423047360659e+09,3.278636582971028446e-01,-3.327735503845145049e-01,9.566461296130484016e-01,1.608824542559847082e+00,-2.113877279216346494e+00,-5.496476054419217050e-01
1.763579423061049461e+09,3.307236709903844107e-01,-3.317403387313881957e-01,9.530019401189262496e-01,1.610342984125759491e+00,-2.120625131668791852e+00,-5.470917841618389010e-01
1.763579423074738503e+09,3.335067556191728122e-01,-3.309076503570725358e-01,9.490485942176833944e-01,1.611690742007778177e+00,-2.127513472406509898e+00,-5.452525776830443593e-01
1.763579423088427305e+09,3.361849853892810991e-01,-3.302600752154193353e-01,9.448202400319450911e-01,1.612815948796545884e+00,-2.134517036997877426e+00,-5.441119333809130154e-01
1.763579423102116108e+09,3.387565503629659802e-01,-3.297675588924247059e-01,9.403814523372613365e-01,1.613713742272319340e+00,-2.141572390573395435e+00,-5.435770438839598873e-01
1.763579423115805149e+09,3.412268461490356453e-01,-3.293957740664358869e-01,9.358059795217852361e-01,1.614391736623898899e+00,-2.148605231757710676e+00,-5.435332740261178408e-01
1.763579423129493952e+09,3.436001556116344835e-01,-3.291115895050245044e-01,9.311652580200316942e-01,1.614857162573039462e+00,-2.155542212218639619e+00,-5.438707014266789264e-01
1.763579423143182993e+09,3.458913820318464949e-01,-3.288855873916131656e-01,9.265238392003307677e-01,1.615157661089966279e+00,-2.162288312183752836e+00,-5.444729782520301153e-01
1.763579423156871796e+09,3.481256172352072409e-01,-3.286939207357446047e-01,9.219360601294213087e-01,1.615385077027835736e+00,-2.168725678038632143e+00,-5.452225968371013920e-01
1.763579423170560598e+09,3.503285718879101118e-01,-3.285121426559047819e-01,9.174575079378248788e-01,1.615631391376647130e+00,-2.174735566202275816e+00,-5.459994163497295938e-01
1.763579423184249640e+09,3.525235286184306704e-01,-3.283184422159050042e-01,9.131366304987531546e-01,1.615987534039806883e+00,-2.180206378016283697e+00,-5.466961466220179311e-01
1.763579423197938442e+09,3.547202087917125657e-01,-3.281019294612319004e-01,9.089912911726177880e-01,1.616529797658710521e+00,-2.185064897350492696e+00,-5.472651984806414793e-01
1.763579423211627483e+09,3.569219214537683316e-01,-3.278573686168057000e-01,9.050232070070373114e-01,1.617328130768114658e+00,-2.189257285706650347e+00,-5.476892531288366506e-01
1.763579423225316286e+09,3.591323570492230832e-01,-3.275790328247831784e-01,9.012357513289690480e-01,1.618453039164308382e+00,-2.192727704137623412e+00,-5.479483628403571949e-01
1.763579423239005089e+09,3.613504656986722963e-01,-3.272631028136211429e-01,8.976277050262685409e-01,1.619951791406397001e+00,-2.195441636862294654e+00,-5.480365873852611758e-01
1.763579423252694130e+09,3.635645885976923619e-01,-3.269095789712901934e-01,8.941893871455278697e-01,1.621818692170984733e+00,-2.197411095548628790e+00,-5.479770729656497918e-01
1.763579423266382933e+09,3.657612472054503350e-01,-3.265190606243297822e-01,8.909100729468901747e-01,1.624038685111665048e+00,-2.198656021493150980e+00,-5.477976828588952962e-01
1.763579423280071974e+09,3.679270923288224249e-01,-3.260921371927085199e-01,8.877787578939879687e-01,1.626596880243754262e+00,-2.199196473473034263e+00,-5.475263299266631689e-01
1.763579423293760777e+09,3.700469249358427914e-01,-3.256278055959526685e-01,8.847912102062625017e-01,1.629439068465297069e+00,-2.199078934789929551e+00,-5.471923131633510407e-01
1.763579423307449579e+09,3.721041398215031437e-01,-3.251236124962981755e-01,8.819488595223626826e-01,1.632476091550383090e+00,-2.198373750243131308e+00,-5.468262068698080958e-01
1.763579423321138620e+09,3.740819282935610723e-01,-3.245769719875137294e-01,8.792535866126316435e-01,1.635616156920209008e+00,-2.197152849224115467e+00,-5.464587777701769289e-01
1.763579423334827423e+09,3.759648686189528966e-01,-3.239856435527085909e-01,8.767072733403380447e-01,1.638766697849228127e+00,-2.195491032086251071e+00,-5.461181990402375064e-01
1.763579423348516464e+09,3.777450397463797960e-01,-3.233485234939664221e-01,8.743124067085477069e-01,1.641822598608144501e+00,-2.193483429295988607e+00,-5.458185287431510657e-01
1.763579423362205267e+09,3.794183549765041130e-01,-3.226654051288733727e-01,8.720713231320289527e-01,1.644676383908114214e+00,-2.191233277585878714e+00,-5.455669879917675047e-01
1.763579423375894070e+09,3.809799214455624750e-01,-3.219356297018505786e-01,8.699870319292334342e-01,1.647216725567048679e+00,-2.188844692029316530e+00,-5.453715906330249830e-01
1.763579423389583111e+09,3.824294777919896582e-01,-3.211612310394914016e-01,8.680568146557717801e-01,1.649362639875235903e+00,-2.186410911117204758e+00,-5.452379993028886318e-01
1.763579423403271914e+09,3.837738367034655429e-01,-3.203486392115292847e-01,8.662686015013726371e-01,1.651083402789997656e+00,-2.184006366339823479e+00,-5.451689092793364777e-01
1.763579423416960955e+09,3.850217632723529904e-01,-3.195052718358452615e-01,8.646080033377322449e-01,1.652360042673406193e+00,-2.181701327060545204e+00,-5.451659881436651256e-01
1.763579423430649757e+09,3.861811952088285427e-01,-3.186386144845309021e-01,8.630603286216641523e-01,1.653174432482789946e+00,-2.179564616582292835e+00,-5.452320642097234771e-01
1.763579423444338560e+09,3.872570755984666713e-01,-3.177594128643486671e-01,8.615990572145983961e-01,1.653552454957894824e+00,-2.177636706646025821e+00,-5.453797714631174465e-01
1.763579423458027601e+09,3.882509800705505332e-01,-3.168812303876459291e-01,8.601872756531436792e-01,1.653558810569270232e+00,-2.175931774646730599e+00,-5.456314250656671971e-01
1.763579423471716404e+09,3.891647977672377245e-01,-3.160176559549510156e-01,8.587883810784324723e-01,1.653256865548133447e+00,-2.174465828865297823e+00,-5.460085419456529587e-01
1.763579423485405445e+09,3.899994690641072070e-01,-3.151818593110778388e-01,8.573663207211141835e-01,1.652710970509405186e+00,-2.173249814571657001e+00,-5.465348574006728688e-01
1.763579423499094248e+09,3.907532300777928902e-01,-3.143852838760696211e-01,8.558894683715959628e-01,1.651981368085002622e+00,-2.172283126448539381e+00,-5.472394992269686842e-01
1.763579423512783051e+09,3.914231334165634846e-01,-3.136386714958579458e-01,8.543276170513003365e-01,1.651127583413593891e+00,-2.171559523620248289e+00,-5.481541908502283178e-01
1.763579423526472092e+09,3.920063814795589630e-01,-3.129528147940948690e-01,8.526504663679260743e-01,1.650208926232622497e+00,-2.171073589085166677e+00,-5.493103334160907014e-01
1.763579423540160894e+09,3.924925050844471075e-01,-3.123372487559273325e-01,8.508286203633826927e-01,1.649265913513982218e+00,-2.170823275351813297e+00,-5.507540620640909435e-01
1.763579423553849936e+09,3.928562004834478261e-01,-3.117990230362672199e-01,8.488339670386638725e-01,1.648301732749130943e+00,-2.170814111566446325e+00,-5.525603421333343812e-01
1.763579423567538738e+09,3.930706131231701539e-01,-3.113448692841382370e-01,8.466388741435748599e-01,1.647315603193324707e+00,-2.171052322723453720e+00,-5.548069956020094118e-01
1.763579423581227541e+09,3.931086090352380324e-01,-3.109811820504719826e-01,8.442161261289869989e-01,1.646305103118673285e+00,-2.171544409544463594e+00,-5.575725372553285153e-01
1.763579423594916582e+09,3.929412212872955279e-01,-3.107070754007642543e-01,8.415516374864888682e-01,1.645242259302054810e+00,-2.172300138190540686e+00,-5.609402862035346438e-01
1.763579423608605385e+09,3.925379704073060916e-01,-3.105157969323297795e-01,8.386421468752623953e-01,1.644078231267587231e+00,-2.173331819045312585e+00,-5.649971703583179794e-01
1.763579423622294188e+09,3.918680227587257869e-01,-3.104004389334199532e-01,8.354842531204750289e-01,1.642763280334538667e+00,-2.174652317226092091e+00,-5.698313107780390574e-01
1.763579423635983229e+09,3.909064029128926920e-01,-3.103530264518353232e-01,8.320801386635022778e-01,1.641255811927119224e+00,-2.176264884932458177e+00,-5.755159798446392028e-01
1.763579423649672031e+09,3.896518914055123739e-01,-3.103604852033942652e-01,8.284553866013681933e-01,1.639548337967402736e+00,-2.178132837633219854e+00,-5.820658348974874219e-01
1.763579423663361073e+09,3.881134414019960510e-01,-3.104081433908423282e-01,8.246448506478709639e-01,1.637647192961008802e+00,-2.180203135185063257e+00,-5.894693914494338882e-01
1.763579423677049875e+09,3.862974548141978048e-01,-3.104811425611785913e-01,8.206816632011493251e-01,1.635556111387756584e+00,-2.182426099690528698e+00,-5.977229370330123803e-01
1.763579423690738678e+09,3.842284191599690812e-01,-3.105672073067149985e-01,8.166112758591570486e-01,1.633294702768266715e+00,-2.184730354072863978e+00,-6.067633019077605105e-01
1.763579423704427719e+09,3.819553744595802214e-01,-3.106578553050079461e-01,8.124956607426377930e-01,1.630903589648672547e+00,-2.187015754208656126e+00,-6.164458907863180626e-01
1.763579423718116522e+09,3.795325586694038300e-01,-3.107452612271797698e-01,8.084007324608034617e-01,1.628428053930812247e+00,-2.189175509802613107e+00,-6.266088765301481844e-01
1.763579423731805563e+09,3.770129927045115514e-01,-3.108213169268165821e-01,8.043914453520307761e-01,1.625911887523327159e+00,-2.191107554067165619e+00,-6.370920334999976564e-01
1.763579423745494366e+09,3.744552025791577643e-01,-3.108757858339311619e-01,8.005428046111838780e-01,1.623400706149574102e+00,-2.192729709970590690e+00,-6.476881055635596018e-01
1.763579423759183168e+09,3.719197200134022885e-01,-3.108969973247859842e-01,7.969337652153002383e-01,1.620939355436490592e+00,-2.193980060554569622e+00,-6.581625107947851605e-01
1.763579423772872210e+09,3.694683067181951941e-01,-3.108730068873561958e-01,7.936462669534978254e-01,1.618574026352010975e+00,-2.194791656552664172e+00,-6.682759515843953446e-01
1.763579423786561012e+09,3.671562272540297989e-01,-3.107940491882671963e-01,7.907447460013745655e-01,1.616344589581987901e+00,-2.195118759840831046e+00,-6.778208260084062076e-01
1.763579423800250053e+09,3.650200706014114505e-01,-3.106567682676000808e-01,7.882436011376440232e-01,1.614273350588182776e+00,-2.194970674331636840e+00,-6.866841548510452808e-01
1.763579423813938856e+09,3.630895826234293855e-01,-3.104601798879366159e-01,7.861386784851457366e-01,1.612376045238376632e+00,-2.194378195623410743e+00,-6.947871635627435039e-01
1.763579423827627659e+09,3.613951390355740201e-01,-3.102030493410910528e-01,7.844281002717283791e-01,1.610669209063885665e+00,-2.193369334100825352e+00,-7.020475251756211899e-01
1.763579423841316700e+09,3.599500533501104327e-01,-3.098889693847217686e-01,7.830920756273319627e-01,1.609160016640073909e+00,-2.192005113468049604e+00,-7.084367194111675925e-01
1.763579423855005503e+09,3.587407801588700651e-01,-3.095291571161246091e-01,7.820843651490930748e-01,1.607841636152845810e+00,-2.190397200925271903e+00,-7.140090681079380719e-01
1.763579423868694544e+09,3.577521213250602350e-01,-3.091352411988624316e-01,7.813568864283904070e-01,1.606706187938511832e+00,-2.188660311171977124e+00,-7.188243358101260583e-01
1.763579423882383347e+09,3.569675579832852774e-01,-3.087195511551444893e-01,7.808595172723423739e-01,1.605746555486213811e+00,-2.186911627124762170e+00,-7.229475915281181608e-01
1.763579423896072149e+09,3.563635016593458826e-01,-3.082992337838297847e-01,7.805267202499857060e-01,1.604965813341596048e+00,-2.185279744494200482e+00,-7.264806732107219611e-01
1.763579423909761190e+09,3.559113583678963355e-01,-3.078947232946860901e-01,7.802825900961016803e-01,1.604373549003799360e+00,-2.183901388516512387e+00,-7.295504687344789296e-01
1.763579423923449993e+09,3.555825352068833212e-01,-3.075264713894032553e-01,7.800510744948959685e-01,1.603979383787940138e+00,-2.182913790940433696e+00,-7.322839873611654005e-01
1.763579423937139034e+09,3.553535873409547907e-01,-3.072135245151218497e-01,7.797644030001839033e-01,1.603793235189584498e+00,-2.182438723364944710e+00,-7.347856440828727242e-01
1.763579423950827837e+09,3.552176315699531739e-01,-3.069707803065196416e-01,7.793800169705302761e-01,1.603826987315438046e+00,-2.182551304520299329e+00,-7.370883960130912849e-01
1.763579423964516640e+09,3.551722778486567367e-01,-3.068116866090155326e-01,7.788634227291846290e-01,1.604091980651479288e+00,-2.183312167194920494e+00,-7.392045008531837880e-01
1.763579423978205681e+09,3.552145846252895978e-01,-3.067501650981851458e-01,7.781779373847319548e-01,1.604600691871959306e+00,-2.184785411746080541e+00,-7.411501677131184795e-01
1.763579423991894484e+09,3.553457384876702596e-01,-3.067944650787668426e-01,7.773120313725114805e-01,1.605349716233468671e+00,-2.186996344230828448e+00,-7.429020154829735212e-01
1.763579424005583525e+09,3.555712073774527360e-01,-3.069465006729836798e-01,7.762819449396450855e-01,1.606317896641134446e+00,-2.189927306648225436e+00,-7.443940147439055410e-01
1.763579424019272327e+09,3.558972235645540549e-01,-3.072073667880572123e-01,7.751077778248869343e-01,1.607481552812868975e+00,-2.193555023804517834e+00,-7.455533951171574580e-01
1.763579424032961130e+09,3.563291126802642372e-01,-3.075775497478523968e-01,7.738102311194000604e-01,1.608818114131315591e+00,-2.197852473354760861e+00,-7.463110128454181202e-01
1.763579424046650171e+09,3.568683764699042693e-01,-3.080512675802414280e-01,7.724240726593314399e-01,1.610306385451099498e+00,-2.202755015257667370e+00,-7.466023125452884157e-01
1.763579424060338974e+09,3.575133867591521186e-01,-3.086190114382944549e-01,7.709914653391567452e-01,1.611927178140964978e+00,-2.208174174879240947e+00,-7.463705336437830296e-01
1.763579424074028015e+09,3.582634476821693337e-01,-3.092714653862032592e-01,7.695549702432836758e-01,1.613660248321615365e+00,-2.214024617607192713e+00,-7.455538460729836947e-01
1.763579424087716818e+09,3.591137569181307443e-01,-3.099997051952421145e-01,7.681518073945000635e-01,1.615491182408078652e+00,-2.220212015812817352e+00,-7.441175026606192677e-01
1.763579424101405621e+09,3.600513315036680262e-01,-3.107962974642329290e-01,7.668064052105303396e-01,1.617418179200707185e+00,-2.226627400792067224e+00,-7.420834909242430832e-01
1.763579424115094662e+09,3.610606200446865865e-01,-3.116541725241201988e-01,7.655395668962891031e-01,1.619443166944596113e+00,-2.233156460691770206e+00,-7.394911634856888849e-01
1.763579424128783464e+09,3.621262524973881125e-01,-3.125662119471451228e-01,7.643722624487820916e-01,1.621567824365242938e+00,-2.239686166982646220e+00,-7.363781480493174492e-01
1.763579424142472506e+09,3.632270189298064111e-01,-3.135269010719841654e-01,7.633138102207338571e-01,1.623802901150423583e+00,-2.246111564616004586e+00,-7.328123498792846746e-01
1.763579424156161308e+09,3.643345105343345214e-01,-3.145324777468719857e-01,7.623592890131107858e-01,1.626170477282634419e+00,-2.252338841642484990e+00,-7.288981050096360326e-01
1.763579424169850111e+09,3.654202841431895554e-01,-3.155793396306302845e-01,7.615036289813766901e-01,1.628692342378404767e+00,-2.258273804441121246e+00,-7.247400350792726487e-01
1.763579424183539152e+09,3.664557636914750338e-01,-3.166632038103479596e-01,7.607411544749214105e-01,1.631394525516547400e+00,-2.263827047309451057e+00,-7.204441879714312824e-01
1.763579424197227955e+09,3.674132018606694472e-01,-3.177751775451862493e-01,7.600660451081678870e-01,1.634325536080976304e+00,-2.268934240917502176e+00,-7.161173310116887292e-01
1.763579424210916996e+09,3.682652867868484448e-01,-3.189039824681682567e-01,7.594720114321003024e-01,1.637546765068025545e+00,-2.273545837086529797e+00,-7.118668496769825493e-01
1.763579424224605799e+09,3.689845414737047968e-01,-3.200383604503969082e-01,7.589528817157309426e-01,1.641118817564214405e+00,-2.277610755445541368e+00,-7.078006130535421381e-01
1.763579424238294601e+09,3.695472096725373468e-01,-3.211679055666648019e-01,7.585026455088305086e-01,1.645097118341088516e+00,-2.281090795362920254e+00,-7.040132437161454870e-01
1.763579424251983643e+09,3.699387501191019334e-01,-3.222843128752326258e-01,7.581157929129881401e-01,1.649522867835243822e+00,-2.283978882726015680e+00,-7.005662988699111748e-01
1.763579424265672445e+09,3.701469322868398137e-01,-3.233798463947589741e-01,7.577870669283934824e-01,1.654433104532375909e+00,-2.286274834122506761e+00,-6.975133225729787112e-01
1.763579424279361486e+09,3.701591257432854665e-01,-3.244466798284291742e-01,7.575110801106266223e-01,1.659866108681089081e+00,-2.287977847019410316e+00,-6.949090408453549861e-01
1.763579424293050289e+09,3.699754557537102140e-01,-3.254823658936474295e-01,7.572856771230456197e-01,1.665830622729895794e+00,-2.289109173877020620e+00,-6.927657699284083259e-01
1.763579424306739092e+09,3.696083506817728348e-01,-3.264898017295159161e-01,7.571117533511639852e-01,1.672307462887762997e+00,-2.289711448745876954e+00,-6.910546357849747245e-01
1.763579424320428133e+09,3.690712410914103736e-01,-3.274722977698471538e-01,7.569904879135338494e-01,1.679275260266310799e+00,-2.289829116980054202e+00,-6.897434236303675581e-01
1.763579424334116936e+09,3.683788888215702162e-01,-3.284331528134322165e-01,7.569238861903320181e-01,1.686708861228183975e+00,-2.289508978322186028e+00,-6.887947589113577740e-01
1.763579424347805977e+09,3.675551670710254237e-01,-3.293760176822588259e-01,7.569198929040793500e-01,1.694561323758838611e+00,-2.288815404777809537e+00,-6.881352536176034151e-01
1.763579424361494780e+09,3.666283221835821005e-01,-3.303049151264270678e-01,7.569888573555363376e-01,1.702774006778355664e+00,-2.287820561628466809e+00,-6.876746998774132535e-01
1.763579424375183582e+09,3.656263390084149578e-01,-3.312234399858158818e-01,7.571415882428380595e-01,1.711289999459622901e+00,-2.286596870338962972e+00,-6.873234895603348438e-01
1.763579424388872623e+09,3.645766736664657337e-01,-3.321384951783558637e-01,7.573843088261263956e-01,1.720048428894896064e+00,-2.285211008614098649e+00,-6.869959391733709841e-01
1.763579424402561426e+09,3.635053228661437874e-01,-3.330627880830879239e-01,7.577146632674969240e-01,1.728982244088395737e+00,-2.283718538328001646e+00,-6.866157487245301283e-01
1.763579424416250467e+09,3.624379921302732233e-01,-3.340106516203071307e-01,7.581282055012559251e-01,1.738023205301982843e+00,-2.282172263483887686e+00,-6.861082861289342638e-01
1.763579424429939270e+09,3.614001822204227499e-01,-3.349958428348113748e-01,7.586208841523508495e-01,1.747103185903557065e+00,-2.280624823343033292e+00,-6.853994575662615274e-01
1.763579424443628073e+09,3.604130793011929290e-01,-3.360300232419564104e-01,7.591891577262031010e-01,1.756158964536443046e+00,-2.279113599139502622e+00,-6.844226731438882716e-01
1.763579424457317114e+09,3.594926900100240408e-01,-3.371217838896813923e-01,7.598303172250294724e-01,1.765133046080129775e+00,-2.277659153546411464e+00,-6.831212771639937342e-01
1.763579424471005917e+09,3.586554984830681025e-01,-3.382800855033673004e-01,7.605416410493621715e-01,1.773967025912472462e+00,-2.276282393880941779e+00,-6.814370301771373040e-01
1.763579424484694958e+09,3.579156939871337428e-01,-3.395119362073761304e-01,7.613199691012219050e-01,1.782605107422241764e+00,-2.275002776430455231e+00,-6.793207102426478405e-01
1.763579424498383760e+09,3.572783967639567848e-01,-3.408157068369924159e-01,7.621595263903240269e-01,1.790998754247744129e+00,-2.273837074330585573e+00,-6.767630766125821706e-01
1.763579424512072563e+09,3.567437611528596619e-01,-3.421852678940960346e-01,7.630532710914696981e-01,1.799104153651293725e+00,-2.272800125467275834e+00,-6.737759270698439051e-01
1.763579424525761604e+09,3.563124729799143631e-01,-3.436149427295966396e-01,7.639942804435294610e-01,1.806876953962304189e+00,-2.271907097642083428e+00,-6.703688879188441918e-01
1.763579424539450407e+09,3.559792968672325086e-01,-3.450976947314759458e-01,7.649749531717442430e-01,1.814281733381724715e+00,-2.271166605220189538e+00,-6.665713729764839446e-01
1.763579424553139210e+09,3.557262707209642993e-01,-3.466244200329151592e-01,7.659864403670570976e-01,1.821303085480518114e+00,-2.270573154368195290e+00,-6.624536967745152660e-01
1.763579424566828251e+09,3.555336627013671036e-01,-3.481855209183957189e-01,7.670197671501844949e-01,1.827929399191679183e+00,-2.270118703912082481e+00,-6.580922472631469677e-01
1.763579424580517054e+09,3.553816754289297331e-01,-3.497712491365453369e-01,7.680659368955131683e-01,1.834149509487356999e+00,-2.269794772037045938e+00,-6.535640106860267640e-01
1.763579424594206095e+09,3.552511483139320081e-01,-3.513667232562062148e-01,7.691184924224611086e-01,1.839994774073097972e+00,-2.269569386068797989e+00,-6.489542935499899023e-01
1.763579424607894897e+09,3.551234534890313488e-01,-3.529526953624002039e-01,7.701729485048195434e-01,1.845530845785586127e+00,-2.269391238484954609e+00,-6.443557193663923544e-01
1.763579424621583700e+09,3.549798876800614456e-01,-3.545097049004338752e-01,7.712248931666551011e-01,1.850825204249995304e+00,-2.269208156081382377e+00,-6.398616229612947848e-01
1.763579424635272741e+09,3.548022548533907305e-01,-3.560189471487711366e-01,7.722717511892649433e-01,1.855947905466793335e+00,-2.268965432570733576e+00,-6.355571774602516433e-01
1.763579424648961544e+09,3.545736895854061932e-01,-3.574632174973503274e-01,7.733192477724605274e-01,1.860983093859060578e+00,-2.268594806104039296e+00,-6.314957024436119726e-01
1.763579424662650585e+09,3.542784044139670185e-01,-3.588267574175836860e-01,7.743761450373678468e-01,1.866019395891753252e+00,-2.268024139833086039e+00,-6.277159377751819758e-01
1.763579424676339388e+09,3.538998501637551364e-01,-3.600928055141094375e-01,7.754512092031543569e-01,1.871146193777136091e+00,-2.267180112680495352e+00,-6.242601893550038250e-01
1.763579424690028191e+09,3.534274188132406347e-01,-3.612513684931326075e-01,7.765504548024767528e-01,1.876441557113891712e+00,-2.266002202641307139e+00,-6.211530262024075322e-01
1.763579424703717232e+09,3.528592146113986305e-01,-3.623021851754993916e-01,7.776754044039072555e-01,1.881966032021518576e+00,-2.264449292999891838e+00,-6.183948185345456983e-01
1.763579424717406034e+09,3.521951473521244824e-01,-3.632469593596147628e-01,7.788266684471445434e-01,1.887776490175789856e+00,-2.262484134602578134e+00,-6.159807792900986456e-01
1.763579424731095076e+09,3.514351702163260871e-01,-3.640875417838328465e-01,7.800049286736164822e-01,1.893929120089929752e+00,-2.260070204948521955e+00,-6.139057669814057538e-01
1.763579424744783878e+09,3.505855469081876619e-01,-3.648331746643643236e-01,7.812078101369595018e-01,1.900456737991136125e+00,-2.257192725948210299e+00,-6.121453216134784547e-01
1.763579424758472681e+09,3.496580183904310357e-01,-3.654995340106880208e-01,7.824306120311210755e-01,1.907371724848999417e+00,-2.253856081523308408e+00,-6.106579607174517088e-01
1.763579424772161722e+09,3.486640044254655790e-01,-3.661021245406501090e-01,7.836685072885000158e-01,1.914687675032825886e+00,-2.250063673546056187e+00,-6.094029650704524403e-01
1.763579424785850525e+09,3.476160031539244355e-01,-3.666564938266693163e-01,7.849176159086063143e-01,1.922414633476127621e+00,-2.245821328329943078e+00,-6.083377203889869245e-01
1.763579424799539566e+09,3.465289731782104643e-01,-3.671773352753271991e-01,7.861780145540506748e-01,1.930556320032882578e+00,-2.241138562792963640e+00,-6.074158207113030672e-01
1.763579424813228369e+09,3.454192019352368970e-01,-3.676790736508920854e-01,7.874513437065190358e-01,1.939112254598044593e+00,-2.236027501144171481e+00,-6.065888710777319615e-01
1.763579424826917171e+09,3.443027241554699747e-01,-3.681761303405620134e-01,7.887391111509405306e-01,1.948082925690621359e+00,-2.230499627800936135e+00,-6.058088227741602605e-01
1.763579424840606213e+09,3.431933242279671115e-01,-3.686790282446181233e-01,7.900416579154033725e-01,1.957454708744921446e+00,-2.224570419968309398e+00,-6.050367376910589234e-01
1.763579424854295015e+09,3.421003174717364148e-01,-3.691908232880774521e-01,7.913567802634668968e-01,1.967187299842061421e+00,-2.218262809980257266e+00,-6.042515247379200982e-01
1.763579424867984056e+09,3.410325643548101637e-01,-3.697138952085389230e-01,7.926821721518250152e-01,1.977238628319408109e+00,-2.211599983994799068e+00,-6.034336349698483648e-01
1.763579424881672859e+09,3.399988470249092343e-01,-3.702500631177325086e-01,7.940153584371393292e-01,1.987565375959168712e+00,-2.204605575888435975e+00,-6.025644608352151987e-01
1.763579424895361662e+09,3.390071185123015307e-01,-3.707948252048362536e-01,7.953536107629031182e-01,1.998123493661929206e+00,-2.197300742870949897e+00,-6.016338702146420969e-01
1.763579424909050703e+09,3.380646460230491424e-01,-3.713388334432534132e-01,7.966939324681793222e-01,2.008867699756484715e+00,-2.189705125077535897e+00,-6.006383945877624697e-01
1.763579424922739506e+09,3.371788188053059798e-01,-3.718727106213733369e-01,7.980332638948447466e-01,2.019752084077048426e+00,-2.181838784612830207e+00,-5.995744910383757897e-01
1.763579424936428547e+09,3.363570035394751190e-01,-3.723861652707009529e-01,7.993675861262287130e-01,2.030734438902258354e+00,-2.173718111723302648e+00,-5.984415680655423841e-01
1.763579424950117350e+09,3.356077061839146669e-01,-3.728653824066974765e-01,8.006884812879070390e-01,2.041782821140905035e+00,-2.165347670066456676e+00,-5.972495815481351222e-01
1.763579424963806152e+09,3.349390277632385282e-01,-3.732955909497377989e-01,8.019866169800626832e-01,2.052869181449957559e+00,-2.156728462761078990e+00,-5.960120033922378102e-01
1.763579424977495193e+09,3.343598722732912809e-01,-3.736619842805722902e-01,8.032523435528523548e-01,2.063965347994431099e+00,-2.147860927120802899e+00,-5.947416740015672998e-01
1.763579424991183996e+09,3.338700754806066540e-01,-3.739508186229484332e-01,8.044805272865122037e-01,2.075041167758452598e+00,-2.138755102613426384e+00,-5.934560304628687666e-01
1.763579425004873037e+09,3.334583657718623861e-01,-3.741497753521120240e-01,8.056718277089640612e-01,2.086065263084505794e+00,-2.129431867279910406e+00,-5.921776314396409724e-01
1.763579425018561840e+09,3.331117807129201913e-01,-3.742466906699693507e-01,8.068276327494054989e-01,2.097005239676343447e+00,-2.119914336227491258e+00,-5.909300266973918081e-01
1.763579425032250643e+09,3.328173577231822167e-01,-3.742295970608326972e-01,8.079496907619093671e-01,2.107829473545157484e+00,-2.110226644076198532e+00,-5.897374247574226347e-01
1.763579425045939684e+09,3.325573802459343975e-01,-3.740883532038467574e-01,8.090442204724369590e-01,2.118507434180352256e+00,-2.100410734794138534e+00,-5.886345062416462603e-01
1.763579425059628487e+09,3.323113548778799387e-01,-3.738142388294475316e-01,8.101205690947120841e-01,2.129009021437856752e+00,-2.090521668447289816e+00,-5.876628818331597337e-01
1.763579425073317528e+09,3.320584418892532086e-01,-3.733983295449375683e-01,8.111879372924386544e-01,2.139304629751456854e+00,-2.080613330688235507e+00,-5.868644218513303645e-01
1.763579425087006330e+09,3.317801902696609351e-01,-3.728324098168558365e-01,8.122558606550936977e-01,2.149365020280021188e+00,-2.070739249942734173e+00,-5.862770525638666408e-01
1.763579425100695133e+09,3.314648041959318836e-01,-3.721098741228667794e-01,8.133344990310866773e-01,2.159164315110539079e+00,-2.060947334035032164e+00,-5.859266219757390814e-01
1.763579425114384174e+09,3.311029489432156803e-01,-3.712247243541383357e-01,8.144343139773849716e-01,2.168677630363025965e+00,-2.051284054899812137e+00,-5.858348069018912696e-01
1.763579425128072977e+09,3.306850266406085037e-01,-3.701709666195062698e-01,8.155655767372310683e-01,2.177879462272961586e+00,-2.041796448649542572e+00,-5.860236534373216566e-01
1.763579425141762018e+09,3.302076060969066362e-01,-3.689439401012961084e-01,8.167352395265264908e-01,2.186742725410407484e+00,-2.032532818556766152e+00,-5.865097076359528927e-01
1.763579425155450821e+09,3.296767792031919386e-01,-3.675413560275603286e-01,8.179446042751482571e-01,2.195236244752872157e+00,-2.023544928818747035e+00,-5.873007083460085598e-01
1.763579425169139624e+09,3.290991224347125654e-01,-3.659608938996625205e-01,8.191948091911570584e-01,2.203329002743093401e+00,-2.014884420012650335e+00,-5.884042756357585890e-01
1.763579425182828665e+09,3.284816711246344445e-01,-3.642013669272033405e-01,8.204863909978301617e-01,2.210991669707162099e+00,-2.006600306366491893e+00,-5.898235663290376518e-01
1.763579425196517467e+09,3.278331929324438399e-01,-3.622707266320110420e-01,8.218162067574958929e-01,2.218209731945107066e+00,-1.998719229544990261e+00,-5.915260801361329479e-01
1.763579425210206509e+09,3.271636720448933278e-01,-3.601825738275203359e-01,8.231787929122421632e-01,2.224978838066923537e+00,-1.991252760060999938e+00,-5.934568285731215420e-01
1.763579425223895311e+09,3.264829544001675021e-01,-3.579503200240978233e-01,8.245688137505042814e-01,2.231293523958700398e+00,-1.984214013226543116e+00,-5.955614628249005227e-01
1.763579425237584114e+09,3.258068635835905114e-01,-3.555939283235165504e-01,8.259744523229528568e-01,2.237157656279798790e+00,-1.977597229084855135e+00,-5.977870847485428074e-01
1.763579425251273155e+09,3.251690408189292780e-01,-3.531526599609281503e-01,8.273645500065912595e-01,2.242599193784523770e+00,-1.971345106950451509e+00,-6.000870844660028958e-01
1.763579425264961958e+09,3.246064675069472161e-01,-3.506696262998071356e-01,8.287042695434331252e-01,2.247652050896699727e+00,-1.965388824052923145e+00,-6.024153127667555285e-01
1.763579425278650999e+09,3.241564551392067672e-01,-3.481880706985641671e-01,8.299584704145807068e-01,2.252349529042169785e+00,-1.959659966180322233e+00,-6.047263722213305215e-01
1.763579425292339802e+09,3.238442153900936704e-01,-3.457405798547919518e-01,8.311047783539284861e-01,2.256739354987657098e+00,-1.954085239363395621e+00,-6.069619819929625848e-01
1.763579425306028605e+09,3.236825513241866070e-01,-3.433485697152398042e-01,8.321339482393348419e-01,2.260883733233328474e+00,-1.948586678566101016e+00,-6.090516337752759357e-01
1.763579425319717646e+09,3.236833221307431341e-01,-3.410325407989709401e-01,8.330378328624833406e-01,2.264846640510294051e+00,-1.943085157898839510e+00,-6.109229577003747469e-01
1.763579425333406448e+09,3.238560835600942100e-01,-3.388119604393932116e-01,8.338098011630445949e-01,2.268690202778268272e+00,-1.937506810204912888e+00,-6.125085188967861471e-01
1.763579425347095490e+09,3.241948014218458685e-01,-3.366976763783207094e-01,8.344549220357629915e-01,2.272471883706427942e+00,-1.931804284377002912e+00,-6.137657328721088934e-01
1.763579425360784292e+09,3.246843337498256932e-01,-3.346958201170676661e-01,8.349847246495529784e-01,2.276244494033396570e+00,-1.925947507362661293e+00,-6.146687926976153182e-01
1.763579425374473095e+09,3.253106590846988055e-01,-3.328129900204774283e-01,8.354102376352398052e-01,2.280062919426100621e+00,-1.919903207963786107e+00,-6.151876188248676103e-01
1.763579425388162136e+09,3.260569517545104379e-01,-3.310542414662283051e-01,8.357429564640279640e-01,2.283972553987156928e+00,-1.913648017022691716e+00,-6.153111702927654969e-01
1.763579425401850939e+09,3.269020034896782390e-01,-3.294222543803855263e-01,8.359943617895186918e-01,2.287999906117958115e+00,-1.907176461242070964e+00,-6.150643823958764633e-01
1.763579425415539742e+09,3.278230870022406651e-01,-3.279187644856408346e-01,8.361761349962580914e-01,2.292166135211238576e+00,-1.900488334955607428e+00,-6.144834723352002870e-01
1.763579425429228783e+09,3.287979807092026863e-01,-3.265455397677685667e-01,8.362998394567053850e-01,2.296492726862449985e+00,-1.893582952058284752e+00,-6.136023712796138119e-01
1.763579425442917585e+09,3.298075993027578812e-01,-3.253003204478871480e-01,8.363759938363962698e-01,2.300983831368931032e+00,-1.886475316717410866e+00,-6.124608288793679245e-01
1.763579425456606627e+09,3.308373762228265513e-01,-3.241756839847569904e-01,8.364137691783246620e-01,2.305622766212068964e+00,-1.879198837820354351e+00,-6.111027275759085553e-01
1.763579425470295429e+09,3.318725829859587861e-01,-3.231643018423805969e-01,8.364223054492182508e-01,2.310392728885953595e+00,-1.871787142330288756e+00,-6.095731683254027589e-01
1.763579425483984232e+09,3.328990290353205928e-01,-3.222582489200622735e-01,8.364109182399457332e-01,2.315273760249203061e+00,-1.864277370327714456e+00,-6.079123247244033745e-01
1.763579425497673273e+09,3.339040001403887903e-01,-3.214477169949112589e-01,8.363902776657572424e-01,2.320231419596820555e+00,-1.856724520164607650e+00,-6.061328404185785113e-01
1.763579425511362076e+09,3.348757134122927748e-01,-3.207217773572524355e-01,8.363717613641733495e-01,2.325222359383269044e+00,-1.849194468819685744e+00,-6.042319398209259340e-01
1.763579425525051117e+09,3.358022715760972110e-01,-3.200694785627067329e-01,8.363667807439822965e-01,2.330204232756969862e+00,-1.841751841302047277e+00,-6.022077897929493107e-01
1.763579425538739920e+09,3.366789110189777334e-01,-3.194846796643481812e-01,8.363811906998324108e-01,2.335133959919892366e+00,-1.834459973226679752e+00,-6.000600938530162853e-01
1.763579425552428722e+09,3.375195018693418203e-01,-3.189736073897400659e-01,8.364063859750627827e-01,2.339968366203354577e+00,-1.827376441165377008e+00,-5.977945016434745851e-01
1.763579425566117764e+09,3.383408443475828253e-01,-3.185445981427625917e-01,8.364314166437621934e-01,2.344664652207069100e+00,-1.820557369662487490e+00,-5.954168415082432553e-01
1.763579425579806566e+09,3.391597944200808179e-01,-3.182060284823857166e-01,8.364452732040071892e-01,2.349179694910723981e+00,-1.814059310605061759e+00,-5.929333410719789255e-01
1.763579425593495607e+09,3.399850741436382107e-01,-3.179651746730525752e-01,8.364412291709864000e-01,2.353485478814721699e+00,-1.807920444077855793e+00,-5.903318486530597653e-01
1.763579425607184410e+09,3.408181188533252470e-01,-3.178283120682265928e-01,8.364163542183592481e-01,2.357566994252368264e+00,-1.802163164635889769e+00,-5.875847058767021958e-01
1.763579425620873213e+09,3.416599789064278525e-01,-3.178017733808826129e-01,8.363679024808180484e-01,2.361409752604274992e+00,-1.796809338543717605e+00,-5.846625163364397304e-01
1.763579425634562254e+09,3.425129067993297749e-01,-3.178912864381841508e-01,8.362929001603799373e-01,2.365005094966532884e+00,-1.791872586443573168e+00,-5.815435631119216797e-01
1.763579425648251057e+09,3.433856385271706890e-01,-3.181007968088520599e-01,8.361867256316486419e-01,2.368369994937276513e+00,-1.787331098463965429e+00,-5.782400077365453805e-01
1.763579425661940098e+09,3.442889180342525446e-01,-3.184328282939395960e-01,8.360445325732595023e-01,2.371534099849980759e+00,-1.783145052469708780e+00,-5.747788248450345083e-01
1.763579425675628901e+09,3.452343794292137558e-01,-3.188907790586801849e-01,8.358608839879700936e-01,2.374524225451063675e+00,-1.779279138981230579e+00,-5.711857102366217909e-01
1.763579425689317703e+09,3.462240401179975668e-01,-3.194717950085673164e-01,8.356355629265804774e-01,2.377379385679130319e+00,-1.775676543042892019e+00,-5.674861876047451181e-01
1.763579425703006744e+09,3.472444136145843019e-01,-3.201633987847807283e-01,8.353765956094842959e-01,2.380155554256129680e+00,-1.772249735709706675e+00,-5.637034142896222288e-01
1.763579425716695547e+09,3.482787464113365483e-01,-3.209509843545917396e-01,8.350937734613816943e-01,2.382912772173208182e+00,-1.768904025581393924e+00,-5.598608462871186298e-01
1.763579425730384588e+09,3.493113872764181393e-01,-3.218202201573051036e-01,8.347964286332886230e-01,2.385710145486474865e+00,-1.765546685529952198e+00,-5.559823668418654163e-01
1.763579425744073391e+09,3.503330996286578292e-01,-3.227529011055079722e-01,8.344929152676937578e-01,2.388609866491876232e+00,-1.762087085694823640e+00,-5.521087488687048683e-01
1.763579425757762194e+09,3.513415595283562176e-01,-3.237274293140957049e-01,8.341902413167094910e-01,2.391675336748301461e+00,-1.758439246487810248e+00,-5.482962822075424514e-01
1.763579425771451235e+09,3.523344272894552986e-01,-3.247221928884321263e-01,8.338955137560347675e-01,2.394971489010742083e+00,-1.754515313597537096e+00,-5.446018291956149504e-01
1.763579425785140038e+09,3.533080478551767767e-01,-3.257157060698950279e-01,8.336157887834882985e-01,2.398555888739918096e+00,-1.750235352206979345e+00,-5.410777070715480086e-01
1.763579425798829079e+09,3.542512113993659950e-01,-3.266880195933216102e-01,8.333582942316787312e-01,2.402454233790278781e+00,-1.745551882790843612e+00,-5.377509510658144976e-01
1.763579425812517881e+09,3.551487230105830339e-01,-3.276198469119308565e-01,8.331303063360810945e-01,2.406674304369591066e+00,-1.740435962771963663e+00,-5.346355785962437768e-01
1.763579425826206684e+09,3.559857580149794476e-01,-3.284918648457040291e-01,8.329391284818939978e-01,2.411226045712949961e+00,-1.734856293360756307e+00,-5.317467406523178619e-01
1.763579425839895725e+09,3.567502970946715979e-01,-3.292877723285688174e-01,8.327890509676660891e-01,2.416103334144267478e+00,-1.728802957241897031e+00,-5.290941874352885765e-01
1.763579425853584528e+09,3.574373870171396184e-01,-3.299981455068093372e-01,8.326773444466639695e-01,2.421265143557838506e+00,-1.722313140736184911e+00,-5.266771654298236793e-01
1.763579425867273569e+09,3.580431608536612242e-01,-3.306147296386479084e-01,8.326002286939014896e-01,2.426665313038737448e+00,-1.715431117420547880e+00,-5.244930109452511369e-01
1.763579425880962372e+09,3.585638945096071839e-01,-3.311294325949651896e-01,8.325538100226190785e-01,2.432256803679618606e+00,-1.708202568655877052e+00,-5.225391745669720756e-01
1.763579425894651175e+09,3.590001067742310537e-01,-3.315402529444783641e-01,8.325321030848329418e-01,2.437980629339791872e+00,-1.700699332259315355e+00,-5.208126047553941484e-01
1.763579425908340216e+09,3.593559229600922778e-01,-3.318503544941698857e-01,8.325273001463106004e-01,2.443767428732726898e+00,-1.693015639819638984e+00,-5.193098682575005842e-01
1.763579425922029018e+09,3.596355293014668608e-01,-3.320629867637380772e-01,8.325315479988626421e-01,2.449546955095461609e+00,-1.685247150273164296e+00,-5.180276963474318430e-01
1.763579425935718060e+09,3.598443183763716524e-01,-3.321827829894380413e-01,8.325373110085471096e-01,2.455252153104169555e+00,-1.677489051093313588e+00,-5.169598724695180225e-01
1.763579425949406862e+09,3.599927091571449300e-01,-3.322198230678764519e-01,8.325387465370504003e-01,2.460825715655205581e+00,-1.669840771327831819e+00,-5.160880200118950212e-01
1.763579425963095665e+09,3.600928954788765735e-01,-3.321863574056005963e-01,8.325303401254716684e-01,2.466215186129142811e+00,-1.662400486290398050e+00,-5.153895745048165944e-01
1.763579425976784706e+09,3.601569857865274393e-01,-3.320942170186899078e-01,8.325068972693929759e-01,2.471366809454336622e+00,-1.655268836692293410e+00,-5.148419468380702746e-01
1.763579425990473509e+09,3.601966519168641190e-01,-3.319576621439349062e-01,8.324597917920446566e-01,2.476235324545888794e+00,-1.648523919673000826e+00,-5.144261478154374956e-01
1.763579426004162550e+09,3.602228259760552609e-01,-3.317939475606563882e-01,8.323757189303316872e-01,2.480787367782638420e+00,-1.642212025080342475e+00,-5.141284195754435293e-01
1.763579426017851353e+09,3.602463384971352212e-01,-3.316210521621935081e-01,8.322404938406029462e-01,2.484991170869751187e+00,-1.636374782504282699e+00,-5.139359025341561082e-01
1.763579426031540155e+09,3.602778146348187827e-01,-3.314557934215530133e-01,8.320407806546223917e-01,2.488817168254664924e+00,-1.631050941582761427e+00,-5.138352760373976480e-01
1.763579426045229197e+09,3.603251211721680280e-01,-3.313058075066631636e-01,8.317698349822163495e-01,2.492259707568646565e+00,-1.626244740425697888e+00,-5.138107750659838269e-01
1.763579426058917999e+09,3.603940155831463765e-01,-3.311705748156650864e-01,8.314266397544828324e-01,2.495333320535873867e+00,-1.621930694895682423e+00,-5.138443211234856589e-01
1.763579426072607040e+09,3.604901839924395390e-01,-3.310504859780659670e-01,8.310097221505731158e-01,2.498050735679492096e+00,-1.618086969121933949e+00,-5.139181496103893965e-01
1.763579426086295843e+09,3.606202524433098078e-01,-3.309431935300975458e-01,8.305183341732961244e-01,2.500430692946464806e+00,-1.614677034729525618e+00,-5.140135261361910013e-01
1.763579426099984646e+09,3.607941367156020096e-01,-3.308395599136312870e-01,8.299526505044260150e-01,2.502507361326068214e+00,-1.611623492536387259e+00,-5.141092661071198222e-01
1.763579426113673687e+09,3.610231029605943665e-01,-3.307273510251578785e-01,8.293134254811943551e-01,2.504321857024974562e+00,-1.608831153787568136e+00,-5.141830689862929571e-01
1.763579426127362490e+09,3.613182065952240118e-01,-3.305948370854806528e-01,8.286013274695506192e-01,2.505914081474153843e+00,-1.606207698433334219e+00,-5.142128068091369464e-01
1.763579426141051531e+09,3.616927717760428651e-01,-3.304299987760621615e-01,8.278188042047153195e-01,2.507320824230828471e+00,-1.603669110762152350e+00,-5.141745563667686758e-01
1.763579426154740334e+09,3.621641350491826006e-01,-3.302209580958320734e-01,8.269717225902381008e-01,2.508571034386204879e+00,-1.601151610875408249e+00,-5.140411676615190828e-01
1.763579426168429136e+09,3.627500419566463408e-01,-3.299557728149366542e-01,8.260662457876001286e-01,2.509693164905200558e+00,-1.598592798296400330e+00,-5.137851610791096535e-01
1.763579426182118177e+09,3.634678947266452020e-01,-3.296228503095914864e-01,8.251087278559412486e-01,2.510714552478988448e+00,-1.595933239233116474e+00,-5.133790275422590588e-01
1.763579426195806980e+09,3.643286493722575070e-01,-3.292155012745284215e-01,8.241076812297422061e-01,2.511648869099492476e+00,-1.593150547698993780e+00,-5.127956049326664045e-01
1.763579426209496021e+09,3.653383447298170772e-01,-3.287308587341402633e-01,8.230732334130970163e-01,2.512499111679594943e+00,-1.590251329521493950e+00,-5.120080071301975622e-01
1.763579426223184824e+09,3.665030523431181964e-01,-3.281660408250029470e-01,8.220155659114835034e-01,2.513268117964782000e+00,-1.587242349315384438e+00,-5.109891659067545833e-01
1.763579426236873627e+09,3.678256544969554231e-01,-3.275189884817550356e-01,8.209458718882840511e-01,2.513961570847856652e+00,-1.584130964920501317e+00,-5.097154352215953477e-01
1.763579426250562668e+09,3.692974338481348484e-01,-3.267903138781312333e-01,8.198794746298730951e-01,2.514595716789583157e+00,-1.580926036743448559e+00,-5.081742318192911112e-01
1.763579426264251471e+09,3.709058222198550747e-01,-3.259817290712551108e-01,8.188328359541896528e-01,2.515190324565257374e+00,-1.577636954459203711e+00,-5.063578808381435925e-01
1.763579426277940273e+09,3.726388344649885220e-01,-3.250945791254035711e-01,8.178224706672830857e-01,2.515764563312596902e+00,-1.574273077478043792e+00,-5.042567542928997337e-01
1.763579426291629314e+09,3.744805741802546550e-01,-3.241338231651991753e-01,8.168625755751915962e-01,2.516342414867324351e+00,-1.570843118608075351e+00,-5.018820847289284792e-01
1.763579426305318117e+09,3.764106801303460648e-01,-3.231086579321108543e-01,8.159645464691503980e-01,2.516952909256696902e+00,-1.567355664127112025e+00,-4.992693490782512122e-01
1.763579426319007158e+09,3.784082793335146744e-01,-3.220288052551260605e-01,8.151394281727184499e-01,2.517626354057087568e+00,-1.563818445392344714e+00,-4.964573714997031484e-01
1.763579426332695961e+09,3.804512875622274026e-01,-3.209044083819198590e-01,8.143976350393921093e-01,2.518389173497233902e+00,-1.560243964198660738e+00,-4.934852991476107453e-01
1.763579426346384764e+09,3.825075911235188975e-01,-3.197497058771217038e-01,8.137445396171393286e-01,2.519244837077671217e+00,-1.556673307052394595e+00,-4.904018387562508741e-01
1.763579426360073805e+09,3.845394051847765282e-01,-3.185811712012346919e-01,8.131822120071221516e-01,2.520181205691099713e+00,-1.553166913540215965e+00,-4.872601878186841873e-01
1.763579426373762608e+09,3.865084708998413054e-01,-3.174155432973169155e-01,8.127131905697319025e-01,2.521188164747614646e+00,-1.549782864614295042e+00,-4.841147160892693146e-01
1.763579426387451649e+09,3.883815788549629944e-01,-3.162672423081923645e-01,8.123387400919007684e-01,2.522250579451619679e+00,-1.546585331511941108e+00,-4.810120392340364592e-01
1.763579426401140451e+09,3.901376781242535952e-01,-3.151452310579068161e-01,8.120578776576918845e-01,2.523344510240445704e+00,-1.543649566744001556e+00,-4.779811795258994689e-01
1.763579426414829254e+09,3.917595679279022858e-01,-3.140567225568591803e-01,8.118687819978880338e-01,2.524442758409568111e+00,-1.541054822932933499e+00,-4.750453274827486916e-01
1.763579426428518295e+09,3.932297013222661453e-01,-3.130090037966924976e-01,8.117697718193529477e-01,2.525518982873725005e+00,-1.538878821823389753e+00,-4.722282396974094576e-01
1.763579426442207098e+09,3.945404445296032958e-01,-3.120022631117259082e-01,8.117586398080670618e-01,2.526553642899625807e+00,-1.537174639836925483e+00,-4.695354115603263545e-01
1.763579426455896139e+09,3.956985755557234086e-01,-3.110261340224918514e-01,8.118324845978285298e-01,2.527538238810028925e+00,-1.535956987477657965e+00,-4.669459971944022181e-01
1.763579426469584942e+09,3.967112339737866589e-01,-3.100700616756369432e-01,8.119884075704422166e-01,2.528464386884980097e+00,-1.535240033799772696e+00,-4.644382812016711881e-01
1.763579426483273745e+09,3.975869324968451246e-01,-3.091221212672130014e-01,8.122231013241502096e-01,2.529324709977490926e+00,-1.535032840121772102e+00,-4.619899555463248819e-01
1.763579426496962786e+09,3.983410913333934045e-01,-3.081625556891226525e-01,8.125300754582731599e-01,2.530116100532445067e+00,-1.535315112703586005e+00,-4.595816130841821612e-01
1.763579426510651588e+09,3.989939278478247808e-01,-3.071662630308951702e-01,8.129007085056327853e-01,2.530838506151008360e+00,-1.536046237798224245e+00,-4.571954168246404326e-01
1.763579426524340630e+09,3.995655591345959601e-01,-3.061083101654709093e-01,8.133264666934705289e-01,2.531491744305521152e+00,-1.537186584713158943e+00,-4.548132217626835172e-01
1.763579426538029432e+09,4.000730191625724297e-01,-3.049645146125924966e-01,8.137998267258235163e-01,2.532075041527168668e+00,-1.538697707244047086e+00,-4.524226283402257298e-01
1.763579426551718235e+09,4.005244526061822463e-01,-3.037130716159771593e-01,8.143164887970819610e-01,2.532585448188752419e+00,-1.540546842933929295e+00,-4.500266026542747433e-01
1.763579426565407276e+09,4.009257017442838800e-01,-3.023327498925098000e-01,8.148728472962605274e-01,2.533019816913289368e+00,-1.542702438177522950e+00,-4.476321184304941081e-01
1.763579426579096079e+09,4.012829176500869455e-01,-3.008023151291991937e-01,8.154652426730835124e-01,2.533374802424765537e+00,-1.545132735115400502e+00,-4.452457244868893160e-01
1.763579426592785120e+09,4.015939536150012201e-01,-2.991023046109546613e-01,8.160903995693978841e-01,2.533652217840830279e+00,-1.547808483780776623e+00,-4.428873570324881603e-01
1.763579426606473923e+09,4.018488434697506384e-01,-2.972150982906621719e-01,8.167453399068819175e-01,2.533858602042834640e+00,-1.550702475165642191e+00,-4.405897895713357104e-01
1.763579426620162725e+09,4.020370137139888111e-01,-2.951231689257736157e-01,8.174270950955149218e-01,2.534001069347209256e+00,-1.553787775170667240e+00,-4.383867801605118575e-01
1.763579426633851767e+09,4.021460920637222047e-01,-2.928087176516893653e-01,8.181331782643862516e-01,2.534085545137456208e+00,-1.557037207191831918e+00,-4.363122990427152348e-01
1.763579426647540569e+09,4.021523851197171262e-01,-2.902529920027576149e-01,8.188632608335931762e-01,2.534113371425577466e+00,-1.560420956711711771e+00,-4.344030669993034777e-01
1.763579426661229610e+09,4.020275987129470208e-01,-2.874365465278905241e-01,8.196182942375755953e-01,2.534083131869412586e+00,-1.563909154277450586e+00,-4.326968335063111071e-01
1.763579426674918413e+09,4.017428506501925511e-01,-2.843401332750954413e-01,8.203988847726062517e-01,2.533994180538988061e+00,-1.567470582596425910e+00,-4.312313035210409984e-01
1.763579426688607216e+09,4.012769006835663066e-01,-2.809449491378971375e-01,8.212070315523716246e-01,2.533842254952219264e+00,-1.571083139172404719e+00,-4.300446656732018758e-01
1.763579426702296257e+09,4.006226329844113643e-01,-2.772335251950633905e-01,8.220469366583165183e-01,2.533617235845482263e+00,-1.574740675172342064e+00,-4.291756575903421522e-01
1.763579426715985060e+09,3.997761921666387330e-01,-2.731886767749992506e-01,8.229233045061343788e-01,2.533307508345174597e+00,-1.578440457876375769e+00,-4.286635865063747053e-01
1.763579426729674101e+09,3.987334919552270596e-01,-2.687938650110516803e-01,8.238408106556084354e-01,2.532901623605189556e+00,-1.582180621061935577e+00,-4.285463472177543642e-01
1.763579426743362904e+09,3.974986257487264085e-01,-2.640455955321223125e-01,8.248041029878181440e-01,2.532385125274144499e+00,-1.585980301418679961e+00,-4.288470715019830903e-01
1.763579426757051706e+09,3.960839703649399746e-01,-2.589552083187565690e-01,8.258179294561611705e-01,2.531740579427965709e+00,-1.589882369370740678e+00,-4.295705503470910736e-01
1.763579426770740747e+09,3.945020403406249154e-01,-2.535330219957196984e-01,8.268869507442536682e-01,2.530950406096417638e+00,-1.593929067616064232e+00,-4.307234931739417072e-01
1.763579426784429550e+09,3.927642663844382320e-01,-2.477943748400496526e-01,8.280164112100162344e-01,2.529997924389871145e+00,-1.598164675051922945e+00,-4.323027341959759240e-01
1.763579426798118591e+09,3.908744609821643290e-01,-2.417733378071789119e-01,8.292147467414737738e-01,2.528871177351155186e+00,-1.602638895758584869e+00,-4.342623496908917802e-01
1.763579426811807394e+09,3.888329289629232077e-01,-2.355147077119957577e-01,8.304919024690995411e-01,2.527560736110149975e+00,-1.607404373915032991e+00,-4.365335905650764015e-01
1.763579426825496197e+09,3.866399987224669044e-01,-2.290620402167732883e-01,8.318578208589380019e-01,2.526056770513225302e+00,-1.612513792772976240e+00,-4.390498112302202438e-01
1.763579426839185238e+09,3.843077360102461482e-01,-2.224598316915049334e-01,8.333170970934974386e-01,2.524362242528077616e+00,-1.618007576070265463e+00,-4.417410849693692576e-01
1.763579426852874041e+09,3.818767524152906212e-01,-2.157539055023809937e-01,8.348613651482210685e-01,2.522510151190728855e+00,-1.623897227341938976e+00,-4.445328145063530689e-01
1.763579426866563082e+09,3.793917248246948537e-01,-2.089897600725264537e-01,8.364803458818129700e-01,2.520538264374435844e+00,-1.630188903653103427e+00,-4.473492239633587442e-01
1.763579426880251884e+09,3.768976367224137758e-01,-2.022133073609383158e-01,8.381635767617392485e-01,2.518484635978845532e+00,-1.636888107192299380e+00,-4.501144362310778857e-01
1.763579426893940687e+09,3.744377419793030737e-01,-1.954654214021248892e-01,8.398981498294278980e-01,2.516397160770597718e+00,-1.643955220073602064e+00,-4.527409179221864033e-01
1.763579426907629728e+09,3.720538199252451106e-01,-1.887828538160752356e-01,8.416690092769510967e-01,2.514332180413890949e+00,-1.651311832273313351e+00,-4.551314479999971629e-01
1.763579426921318531e+09,3.697881038661314790e-01,-1.822027203026247988e-01,8.434607699521299295e-01,2.512346890225828577e+00,-1.658876731667797255e+00,-4.571873475795257269e-01
1.763579426935007572e+09,3.676787482497240744e-01,-1.757581863275358980e-01,8.452591847947003023e-01,2.510496946923701067e+00,-1.666569182346074651e+00,-4.588182317529879706e-01
1.763579426948696375e+09,3.657477539857495463e-01,-1.694665483269758577e-01,8.470538110090215511e-01,2.508834672192692405e+00,-1.674301506619566560e+00,-4.599671552083698933e-01
1.763579426962385178e+09,3.640081089513741430e-01,-1.633370165348943526e-01,8.488365622033124946e-01,2.507409005992453199e+00,-1.681986181106867706e+00,-4.605955703873581553e-01
1.763579426976074219e+09,3.624757282704401118e-01,-1.573802805469328991e-01,8.505985287831178132e-01,2.506271202976096735e+00,-1.689533062128431684e+00,-4.606589946735871743e-01
1.763579426989763021e+09,3.611492673282722388e-01,-1.516004109494541452e-01,8.523356666018562233e-01,2.505456677804784427e+00,-1.696871273151660864e+00,-4.601476428226607407e-01
1.763579427003452063e+09,3.600008674640933770e-01,-1.459908936998146611e-01,8.540516275504096422e-01,2.504975806702544716e+00,-1.703961670841478204e+00,-4.591045097068914282e-01
1.763579427017140865e+09,3.589964682146104535e-01,-1.405432008247982367e-01,8.557517364590118136e-01,2.504833451204454331e+00,-1.710771489897948694e+00,-4.575851384502200303e-01
1.763579427030829668e+09,3.581034013343635802e-01,-1.352484258428520436e-01,8.574409910485983888e-01,2.505034143068018082e+00,-1.717269186071419762e+00,-4.556442017730032434e-01
1.763579427044518709e+09,3.572864583917900738e-01,-1.300895398649520585e-01,8.591249305285162396e-01,2.505562661720106998e+00,-1.723454567544791427e+00,-4.533699367937575331e-01
1.763579427058207512e+09,3.565098717533034534e-01,-1.250421895660530358e-01,8.608090473657380448e-01,2.506385511871445981e+00,-1.729356002460288755e+00,-4.508787558374657833e-01
1.763579427071896553e+09,3.557370068009499398e-01,-1.200822506157044472e-01,8.624991421436712935e-01,2.507470304335083888e+00,-1.735000998508720471e+00,-4.482877070498519356e-01
1.763579427085585356e+09,3.549349370346234211e-01,-1.151835623583918472e-01,8.642001098858784758e-01,2.508780896024539242e+00,-1.740419710491601268e+00,-4.457062143971398660e-01
1.763579427099274158e+09,3.540830194273448805e-01,-1.103129714306985837e-01,8.659143047546509209e-01,2.510271884458282976e+00,-1.745647485657794595e+00,-4.432117416091654882e-01
1.763579427112963200e+09,3.531658402243434414e-01,-1.054342428541967525e-01,8.676429672608090282e-01,2.511893450842590969e+00,-1.750722569756546498e+00,-4.408690228199806938e-01
1.763579427126652002e+09,3.521675062412171209e-01,-1.005118644983137854e-01,8.693873499613212763e-01,2.513596351870175827e+00,-1.755682325652005549e+00,-4.387440430595964114e-01
1.763579427140340805e+09,3.510826006077027439e-01,-9.551587390678849265e-02,8.711456489879283449e-01,2.515335334842040194e+00,-1.760556635703282247e+00,-4.368804923072679425e-01
1.763579427154029846e+09,3.499243843036535795e-01,-9.042746194246688296e-02,8.729104219495960049e-01,2.517073087565940170e+00,-1.765360583459242072e+00,-4.352827855904031762e-01
1.763579427167718649e+09,3.487079547500199217e-01,-8.522918282504385323e-02,8.746735737551067924e-01,2.518772910059313475e+00,-1.770107341718777594e+00,-4.339515896322033717e-01
1.763579427181407690e+09,3.474491600862906759e-01,-7.990433757872113241e-02,8.764267555001589161e-01,2.520398919805014071e+00,-1.774808251256430047e+00,-4.328853637040576685e-01
1.763579427195096493e+09,3.461741876538352858e-01,-7.445412769030299027e-02,8.781559190797533221e-01,2.521925384273071113e+00,-1.779436229701038652e+00,-4.320539700937331418e-01
1.763579427208785295e+09,3.449169739270236956e-01,-6.889273680987807735e-02,8.798428988085781333e-01,2.523334487231940759e+00,-1.783935936148923984e+00,-4.314053915213323931e-01
1.763579427222474337e+09,3.437117402136277700e-01,-6.323455891770185522e-02,8.814693710205513399e-01,2.524608389785357065e+00,-1.788251374236671687e+00,-4.308872187507557516e-01
1.763579427236163139e+09,3.425904537516964998e-01,-5.749451998364899646e-02,8.830186565683413313e-01,2.525732413336800430e+00,-1.792321811081092120e+00,-4.304444702544066303e-01
1.763579427249852180e+09,3.415765134269402870e-01,-5.168827493865359168e-02,8.844810466700987472e-01,2.526705118651264126e+00,-1.796063542175588834e+00,-4.300090367282013992e-01
1.763579427263540983e+09,3.406893739674798360e-01,-4.583208613194994507e-02,8.858495241948908250e-01,2.527529959560711692e+00,-1.799387496749888404e+00,-4.295098560713780378e-01
1.763579427277229786e+09,3.399499487894804828e-01,-3.994208777097030955e-02,8.871165074721872879e-01,2.528209666672835532e+00,-1.802201396411611034e+00,-4.288741102500083779e-01
1.763579427290918827e+09,3.393681222258208008e-01,-3.403304650193260394e-02,8.882784120209813450e-01,2.528751039882418006e+00,-1.804446264821172763e+00,-4.280460650268302358e-01
1.763579427304607630e+09,3.389383768594863011e-01,-2.811811082376945367e-02,8.893370711708492582e-01,2.529166167401572629e+00,-1.806111186558173376e+00,-4.269948329615515514e-01
1.763579427318296671e+09,3.386519713169535151e-01,-2.220963619844164294e-02,8.902955578224830413e-01,2.529468508596723897e+00,-1.807194894391853213e+00,-4.256942645109088597e-01
1.763579427331985474e+09,3.385000019709009100e-01,-1.632041761362048801e-02,8.911566602599058085e-01,2.529670319670653367e+00,-1.807698432463890503e+00,-4.241187864691491893e-01
1.763579427345674276e+09,3.384612070939154727e-01,-1.046236156977763988e-02,8.919244662976234528e-01,2.529777811351230365e+00,-1.807679476500505089e+00,-4.222611682860289983e-01
1.763579427359363317e+09,3.385051977580127436e-01,-4.646896121934730728e-03,8.926037791252725562e-01,2.529790767075871027e+00,-1.807239102017688559e+00,-4.201285161144157621e-01
1.763579427373052120e+09,3.386016116550336075e-01,1.114143305213461006e-03,8.931994387785736622e-01,2.529710687924378032e+00,-1.806477477547784538e+00,-4.177271931239714964e-01
1.763579427386741161e+09,3.387214978662950737e-01,6.809901686908780873e-03,8.937160025371454486e-01,2.529531015942966476e+00,-1.805491297918793370e+00,-4.150659657752713838e-01
1.763579427400429964e+09,3.388410837500037687e-01,1.243063081382186214e-02,8.941570488888246349e-01,2.529224720354072087e+00,-1.804361144782258508e+00,-4.121587154296793565e-01
1.763579427414118767e+09,3.389382147286549851e-01,1.796743941057572444e-02,8.945258645967296696e-01,2.528757001325749432e+00,-1.803162930633641192e+00,-4.090212860856264898e-01
1.763579427427807808e+09,3.389906424180264000e-01,2.341127037424411625e-02,8.948257557400695061e-01,2.528094463392799973e+00,-1.801972169608128560e+00,-4.056689785170566886e-01
1.763579427441496611e+09,3.389768753134146384e-01,2.874960602804390100e-02,8.950599372842256152e-01,2.527209515123942207e+00,-1.800839887426550545e+00,-4.021097917731000226e-01
1.763579427455185652e+09,3.388766020473142349e-01,3.396555078601641575e-02,8.952315135736770291e-01,2.526084469784455777e+00,-1.799780607858985748e+00,-3.983402300527744688e-01
1.763579427468874454e+09,3.386694738225544676e-01,3.904168166105089627e-02,8.953435909369664714e-01,2.524701789902568994e+00,-1.798807912312080148e+00,-3.943566485003927591e-01
1.763579427482563257e+09,3.383371729842220565e-01,4.396128189527534480e-02,8.953987713725096720e-01,2.523045133349341995e+00,-1.797931638301053958e+00,-3.901572226862707882e-01
1.763579427496252298e+09,3.378792729505644132e-01,4.871287785835735906e-02,8.953950644901341738e-01,2.521105609643123913e+00,-1.797139474130901915e+00,-3.857616906036934745e-01
1.763579427509941101e+09,3.373064044384492255e-01,5.328799241751584065e-02,8.953276777132515019e-01,2.518879266024812047e+00,-1.796404939570024561e+00,-3.812031129466086909e-01
1.763579427523630142e+09,3.366289450254958404e-01,5.767815451248770736e-02,8.951918160345238018e-01,2.516361861276440237e+00,-1.795701507620389048e+00,-3.765138898920075694e-01
1.763579427537318945e+09,3.358574384237596466e-01,6.188008010364653977e-02,8.949836645743519670e-01,2.513549035475638238e+00,-1.795014131603964946e+00,-3.717306656742896953e-01
1.763579427551007748e+09,3.350027110263880115e-01,6.590662214015163833e-02,8.947021677260630357e-01,2.510435089427796918e+00,-1.794363263534026975e+00,-3.669018427379423519e-01
1.763579427564696789e+09,3.340751936463466354e-01,6.977553128949762207e-02,8.943473204674516897e-01,2.507014010750705069e+00,-1.793779115299393601e+00,-3.620784355554682032e-01
1.763579427578385592e+09,3.330858951018473846e-01,7.350313176094519507e-02,8.939186997492287734e-01,2.503280007141160723e+00,-1.793290412751089136e+00,-3.573119795961551270e-01
1.763579427592074633e+09,3.320381571852023539e-01,7.712049108461785374e-02,8.934216376841952467e-01,2.499227355874150014e+00,-1.792939525235329068e+00,-3.526472562328673566e-01
1.763579427605763435e+09,3.309270317561402996e-01,8.067408232076471453e-02,8.928678396896182479e-01,2.494851260925401881e+00,-1.792782903906435577e+00,-3.481220451168325347e-01
1.763579427619452238e+09,3.297463884138154833e-01,8.421282648796946102e-02,8.922698310311844017e-01,2.490146373235919253e+00,-1.792879793741043226e+00,-3.437729710868453470e-01
1.763579427633141279e+09,3.284905950832344157e-01,8.778422800790089409e-02,8.916398301471525345e-01,2.485110352859128291e+00,-1.793281244959855636e+00,-3.396395116654366553e-01
1.763579427646830082e+09,3.271548679756547950e-01,9.143189621865990824e-02,8.909898275434012804e-01,2.479759282691127886e+00,-1.793989151646772529e+00,-3.357827217378467899e-01
1.763579427660519123e+09,3.257353812316757247e-01,9.519585683302121681e-02,8.903313172566363898e-01,2.474122360589148251e+00,-1.794970766673041007e+00,-3.322761071225285856e-01
1.763579427674207926e+09,3.242278802727919795e-01,9.911749117970074241e-02,8.896760518272908147e-01,2.468225854641561856e+00,-1.796199600328545198e+00,-3.291935441294944753e-01
1.763579427687896729e+09,3.226305359526780436e-01,1.032304903725383555e-01,8.890348494693716130e-01,2.462110590786905640e+00,-1.797625582786975373e+00,-3.266019093675490148e-01
1.763579427701585770e+09,3.209467135770853741e-01,1.075519449007192457e-01,8.884166820111982776e-01,2.455847634253318645e+00,-1.799153074373377015e+00,-3.245504792192018262e-01
1.763579427715274572e+09,3.191815657793768413e-01,1.120934657456526123e-01,8.878299608324529135e-01,2.449518374819452227e+00,-1.800670633273040444e+00,-3.230839852275969037e-01
1.763579427728963614e+09,3.173403604277406642e-01,1.168672399540575252e-01,8.872829520458872521e-01,2.443202298788878846e+00,-1.802070388470511375e+00,-3.222463264092421120e-01
1.763579427742652416e+09,3.154444277160936005e-01,1.218688386442462468e-01,8.867784181506567220e-01,2.436995143756492954e+00,-1.803242059804059272e+00,-3.220579516706297829e-01
1.763579427756341219e+09,3.135348355407383547e-01,1.270737954618189891e-01,8.863120947844121966e-01,2.431010016698758935e+00,-1.804077330780439858e+00,-3.225075724656800702e-01
1.763579427770030260e+09,3.116531192344907386e-01,1.324576163268614548e-01,8.858796413058400709e-01,2.425361114522561756e+00,-1.804465863816350879e+00,-3.235853959950999448e-01
1.763579427783719063e+09,3.098386624246517451e-01,1.379934909274750099e-01,8.854768166510518235e-01,2.420156954264379490e+00,-1.804310385110218240e+00,-3.252670910867663245e-01
1.763579427797408104e+09,3.081146100309237745e-01,1.436486554706398466e-01,8.851012982827873854e-01,2.415471007059627695e+00,-1.803580267978825979e+00,-3.274600837501789874e-01
1.763579427811096907e+09,3.064968259752702817e-01,1.493864875956368021e-01,8.847515854441510008e-01,2.411360269129629863e+00,-1.802277551469721351e+00,-3.300379850480396615e-01
1.763579427824785709e+09,3.050014867012056929e-01,1.551709252263158145e-01,8.844261450346092568e-01,2.407883057836983642e+00,-1.800401857980906239e+00,-3.328765609779685275e-01
1.763579427838474751e+09,3.036391494318424478e-01,1.609667230991084497e-01,8.841245555267861489e-01,2.405053639911617136e+00,-1.797984587273934398e+00,-3.358566423850833926e-01
1.763579427852163553e+09,3.024101374012871934e-01,1.667399438485308028e-01,8.838486505837750418e-01,2.402806060916319542e+00,-1.795114403561764549e+00,-3.388702055361574317e-01
1.763579427865852594e+09,3.013137175572642712e-01,1.724574554614785316e-01,8.836002956180039059e-01,2.401064083868657217e+00,-1.791886417168064849e+00,-3.418111278714850987e-01
1.763579427879541397e+09,3.003495356149901707e-01,1.780861180631457541e-01,8.833811271511695651e-01,2.399751290408245197e+00,-1.788395468836051716e+00,-3.445738213940899852e-01
1.763579427893230200e+09,2.995260637517939140e-01,1.836019322063087988e-01,8.831858229885225509e-01,2.398776030521509117e+00,-1.784725646093727525e+00,-3.470719750608308729e-01
1.763579427906919241e+09,2.988577316009878304e-01,1.889871742556798739e-01,8.830043730404006919e-01,2.398038387865878196e+00,-1.780952983492500197e+00,-3.492320394342631751e-01
1.763579427920608044e+09,2.983591255957861454e-01,1.942233902325345984e-01,8.828267512879270917e-01,2.397435639483110670e+00,-1.777154943633223239e+00,-3.509805901886169921e-01
1.763579427934297085e+09,2.980456052959120083e-01,1.992969163459096249e-01,8.826418339168999871e-01,2.396884070074815742e+00,-1.773396923173587769e+00,-3.522457418331471080e-01
1.763579427947985888e+09,2.979360842573554602e-01,2.042069831604798602e-01,8.824346270345496679e-01,2.396360534579302204e+00,-1.769705071865531165e+00,-3.529602326412876745e-01
1.763579427961674690e+09,2.980501647764987050e-01,2.089591640419574403e-01,8.821888514773376100e-01,2.395865649885403403e+00,-1.766091224402809523e+00,-3.530588492062491923e-01
1.763579427975363731e+09,2.984080637067094144e-01,2.135570601672218682e-01,8.818881855625581023e-01,2.395396334774460012e+00,-1.762567931175847313e+00,-3.524758323775718516e-01
1.763579427989052534e+09,2.990231630978577027e-01,2.180146208881416359e-01,8.815185010955630673e-01,2.394952622572879886e+00,-1.759159562154488654e+00,-3.511491798505141371e-01
1.763579428002741575e+09,2.998981279462922811e-01,2.223609475896071719e-01,8.810693762524700601e-01,2.394534205864423004e+00,-1.755910624030701195e+00,-3.490231681840095246e-01
1.763579428016430378e+09,3.010338740415722802e-01,2.266279759299904550e-01,8.805308639344396893e-01,2.394142171640279315e+00,-1.752869081497032022e+00,-3.460423586938049523e-01
1.763579428030119181e+09,3.024304226172233601e-01,2.308468490431286879e-01,8.798938425295949051e-01,2.393774609196584802e+00,-1.750083565472515090e+00,-3.421559873449815381e-01
1.763579428043808222e+09,3.040746515388612070e-01,2.350451384334341365e-01,8.791592315664673585e-01,2.393399915602308692e+00,-1.747622960723537400e+00,-3.373657718568200958e-01
1.763579428057497025e+09,3.059394173268906725e-01,2.392458618431864414e-01,8.783385875896544404e-01,2.392955848904612104e+00,-1.745575106718905145e+00,-3.317294381828091998e-01
1.763579428071185827e+09,3.079990966424744347e-01,2.434727052664322766e-01,8.774424877828294056e-01,2.392381731097089403e+00,-1.744028191166562713e+00,-3.252994114935958692e-01
1.763579428084874868e+09,3.102215594896572393e-01,2.477479180710304707e-01,8.764853155526677320e-01,2.391614332367299589e+00,-1.743062825090455625e+00,-3.181486022531389568e-01
1.763579428098563671e+09,3.125527172622342698e-01,2.520891033625025091e-01,8.754936700150244278e-01,2.390588306502509752e+00,-1.742725731660286215e+00,-3.104161838638118676e-01
1.763579428112252712e+09,3.149289904449181776e-01,2.565121684146220438e-01,8.744995413103487936e-01,2.389236378353579937e+00,-1.743049822240354541e+00,-3.022703256395712357e-01
1.763579428125941515e+09,3.172876060176507695e-01,2.610328958988816783e-01,8.735344200497692224e-01,2.387491860046182079e+00,-1.744068908364569737e+00,-2.938767465707124438e-01
1.763579428139630318e+09,3.195641303132939481e-01,2.656616957369219989e-01,8.726305311802656783e-01,2.385306387410629281e+00,-1.745780263018722245e+00,-2.854132889469832013e-01
1.763579428153319359e+09,3.216918188028075054e-01,2.703994799710833785e-01,8.718210022063196396e-01,2.382664018970971131e+00,-1.748118203348913768e+00,-2.770773790672843018e-01
1.763579428167008162e+09,3.236038298547976866e-01,2.752458983375716817e-01,8.711389498813736365e-01,2.379552194593228531e+00,-1.751011211427779157e+00,-2.690677145798349712e-01
1.763579428180697203e+09,3.252348160281939293e-01,2.802001403196311968e-01,8.706166701178674749e-01,2.375960722118398483e+00,-1.754385953267851184e+00,-2.615782259774213081e-01
1.763579428194386005e+09,3.265387166327795576e-01,2.852504367270297658e-01,8.702752151412131987e-01,2.371912245670577679e+00,-1.758150279313835496e+00,-2.547378812936335613e-01
1.763579428208074808e+09,3.274824445447859222e-01,2.903786284081622537e-01,8.701282524395245188e-01,2.367449873024244145e+00,-1.762200748853978371e+00,-2.486328167294221125e-01
1.763579428221763849e+09,3.280316640278779228e-01,2.955664351697511738e-01,8.701899339933444333e-01,2.362616736525809724e+00,-1.766432868451847549e+00,-2.433517066843149390e-01
1.763579428235452652e+09,3.281665544475109719e-01,3.007951801954835136e-01,8.704685426883617128e-01,2.357459819641436916e+00,-1.770750491126111159e+00,-2.389503528248436148e-01
1.763579428249141693e+09,3.279101569698983365e-01,3.060457054963852119e-01,8.709552156623051600e-01,2.352037534694217502e+00,-1.775082069593948875e+00,-2.353854083915424278e-01
1.763579428262830496e+09,3.273008467765911589e-01,3.112985363059702637e-01,8.716348084836763599e-01,2.346412029413621703e+00,-1.779365038130994892e+00,-2.325793855211339134e-01
1.763579428276519299e+09,3.263733944855402025e-01,3.165341688557370414e-01,8.724937786165298803e-01,2.340645074313684848e+00,-1.783534461419011174e+00,-2.304618307078538098e-01
1.763579428290208340e+09,3.251828659011683498e-01,3.217365220364391543e-01,8.735088529345883535e-01,2.334794985374539777e+00,-1.787542533371789144e+00,-2.289261043888874136e-01
1.763579428303897142e+09,3.238072488206170108e-01,3.268935717079228254e-01,8.746455057840658576e-01,2.328915381869482104e+00,-1.791361432607008419e+00,-2.278258715002809409e-01
1.763579428317586184e+09,3.223288247557642427e-01,3.319942125825940393e-01,8.758672794008268703e-01,2.323059182865125916e+00,-1.794966736924455297e+00,-2.270067763908380776e-01
1.763579428331274986e+09,3.208274227865772765e-01,3.370273801510684786e-01,8.771383848291958163e-01,2.317277736644391517e+00,-1.798334996267065167e+00,-2.263195603616550977e-01
1.763579428344963789e+09,3.193746806805050076e-01,3.419865168999197125e-01,8.784236279530954761e-01,2.311605597463583628e+00,-1.801461785178225528e+00,-2.256334992687933916e-01
1.763579428358652830e+09,3.180332894376723951e-01,3.468684746408603470e-01,8.796892271836087573e-01,2.306063861171450124e+00,-1.804356564910511995e+00,-2.248367730389511099e-01
1.763579428372341633e+09,3.168685351301232522e-01,3.516695030205929107e-01,8.809005115081582904e-01,2.300675179667849513e+00,-1.807028388343439707e+00,-2.238133340229002677e-01
1.763579428386030674e+09,3.159338706182995282e-01,3.563870455613456500e-01,8.820273074739545249e-01,2.295459292735025247e+00,-1.809482862303076534e+00,-2.224652387009845300e-01
1.763579428399719477e+09,3.152512491613149170e-01,3.610198975916963926e-01,8.830516811294810697e-01,2.290431851116102369e+00,-1.811712220105343052e+00,-2.207425231368302654e-01
1.763579428413408279e+09,3.148313154960761251e-01,3.655678251217823194e-01,8.839600556371970397e-01,2.285606296393207781e+00,-1.813704629836246252e+00,-2.186123034464946269e-01
1.763579428427097321e+09,3.146858933767721633e-01,3.700303217546138113e-01,8.847385306650840109e-01,2.280996323145119131e+00,-1.815448501672234149e+00,-2.160404014205136169e-01
1.763579428440786123e+09,3.148157256030449380e-01,3.744007836633806430e-01,8.853813898701453633e-01,2.276612726634210215e+00,-1.816924721210559257e+00,-2.130309872540157579e-01
1.763579428454475164e+09,3.152060097540161365e-01,3.786638049824302410e-01,8.858950473323730090e-01,2.272461499066629642e+00,-1.818103338030591543e+00,-2.096443620925338147e-01
1.763579428468163967e+09,3.158410954209398547e-01,3.828033566483668992e-01,8.862864339062976882e-01,2.268548678536980834e+00,-1.818953889475678709e+00,-2.059435176866563355e-01
1.763579428481852770e+09,3.167042865134517826e-01,3.868041219317135404e-01,8.865630904454954164e-01,2.264878979880728949e+00,-1.819447935995970322e+00,-2.019913532749118001e-01
1.763579428495541811e+09,3.177723928089624117e-01,3.906576488755947318e-01,8.867350240054033828e-01,2.261448068392514887e+00,-1.819577550439141156e+00,-1.978375041449035032e-01
1.763579428509230614e+09,3.190184414739616892e-01,3.943591524011982874e-01,8.868137051690008210e-01,2.258246560462275898e+00,-1.819346472313638774e+00,-1.935249412858196794e-01
1.763579428522919655e+09,3.204154099422206747e-01,3.979037645706204329e-01,8.868107181032259811e-01,2.255265114193965470e+00,-1.818757636322968052e+00,-1.890968423688084987e-01
1.763579428536608458e+09,3.219389956309730016e-01,4.012918992388302963e-01,8.867353310280471357e-01,2.252491105263206617e+00,-1.817825174725926196e+00,-1.845875141161791022e-01
1.763579428550297260e+09,3.235720721000515110e-01,4.045385051925973197e-01,8.865908155126472900e-01,2.249902807382654579e+00,-1.816591542863353670e+00,-1.800073179451074645e-01
1.763579428563986301e+09,3.252995293451975689e-01,4.076620144860609862e-01,8.863789135834220234e-01,2.247476278714236386e+00,-1.815106547698848605e+00,-1.753607225120771551e-01
1.763579428577675104e+09,3.271057149364388628e-01,4.106802949902023658e-01,8.861016001073016568e-01,2.245188022350733892e+00,-1.813418823284010717e+00,-1.706531826146616693e-01
1.763579428591364145e+09,3.289795722978950954e-01,4.136118953994469827e-01,8.857596370696820820e-01,2.243013523412912935e+00,-1.811584870436998784e+00,-1.658869807039991817e-01
1.763579428605052948e+09,3.309141949697254059e-01,4.164750824842459176e-01,8.853527595929432392e-01,2.240928163779933424e+00,-1.809667956006200340e+00,-1.610624504629551423e-01
1.763579428618741751e+09,3.329033483500024593e-01,4.192886002268815249e-01,8.848805376608541717e-01,2.238906593004352352e+00,-1.807733093231984389e+00,-1.561793145839641128e-01
1.763579428632430792e+09,3.349401344666760316e-01,4.220702484361910645e-01,8.843423820025844151e-01,2.236926927345356031e+00,-1.805840454357430680e+00,-1.512362449583451729e-01
1.763579428646119595e+09,3.370143529116574332e-01,4.248342954357654522e-01,8.837362897241207715e-01,2.234985957993533834e+00,-1.804029275719574832e+00,-1.462236633644623807e-01
1.763579428659808636e+09,3.391141262368189691e-01,4.275923201884998526e-01,8.830595187903240717e-01,2.233091775898866871e+00,-1.802323547682381788e+00,-1.411275460179915175e-01
1.763579428673497438e+09,3.412273688608034594e-01,4.303568514217109842e-01,8.823092751756639318e-01,2.231251416374525398e+00,-1.800751186251941416e+00,-1.359335114684572243e-01
1.763579428687186241e+09,3.433440004116579680e-01,4.331342406989932559e-01,8.814839700090491004e-01,2.229471766736692118e+00,-1.799323510793051861e+00,-1.306351843763691734e-01
1.763579428700875282e+09,3.454582520648575295e-01,4.359179099278914227e-01,8.805848446323714107e-01,2.227757020088858564e+00,-1.798019934248668905e+00,-1.252446962019113097e-01
1.763579428714564085e+09,3.475654169765600709e-01,4.386976566050078130e-01,8.796138660256768160e-01,2.226111350484300644e+00,-1.796810856346461538e+00,-1.197791474555384150e-01
1.763579428728253126e+09,3.496603983160425089e-01,4.414637187596989198e-01,8.785730338413865192e-01,2.224538219404607720e+00,-1.795667877884914443e+00,-1.142549433079337318e-01
1.763579428741941929e+09,3.517312723360753179e-01,4.442000260800451072e-01,8.774678020372299603e-01,2.223034479040705946e+00,-1.794554854996050830e+00,-1.086952160174787796e-01
1.763579428755630732e+09,3.537577541847149454e-01,4.468836442238640072e-01,8.763077153820616472e-01,2.221588022425233344e+00,-1.793427873273457873e+00,-1.031301148705521947e-01
1.763579428769319773e+09,3.557196351779378651e-01,4.494915095268640637e-01,8.751022950450492166e-01,2.220187115456144777e+00,-1.792242337341001690e+00,-9.758985018680380041e-02
1.763579428783008575e+09,3.575965020052747634e-01,4.520017697948988666e-01,8.738612003274773832e-01,2.218816066689715871e+00,-1.790960943879162715e+00,-9.210457342286033910e-02
1.763579428796697617e+09,3.593697589397756298e-01,4.544023567405190422e-01,8.725933867012701795e-01,2.217437714680951633e+00,-1.789590428643476727e+00,-8.670030700887580710e-02
1.763579428810386419e+09,3.610213911334853587e-01,4.566855784323170520e-01,8.713076414707238149e-01,2.216004576310393936e+00,-1.788158836988480882e+00,-8.140170204990135328e-02
1.763579428824075222e+09,3.625332918397247139e-01,4.588434828471820714e-01,8.700127797438845789e-01,2.214469642525581428e+00,-1.786692629438942914e+00,-7.623339571230597356e-02
1.763579428837764263e+09,3.638927507483780688e-01,4.608746179030926982e-01,8.687148868744204444e-01,2.212781764023111108e+00,-1.785241060272435121e+00,-7.121402287728921532e-02
1.763579428851453066e+09,3.650989524086925564e-01,4.627916229590240960e-01,8.674141030187629831e-01,2.210880715886991421e+00,-1.783904167823193720e+00,-6.634936846529607135e-02
1.763579428865142107e+09,3.661534824107158803e-01,4.646100438059289073e-01,8.661092849720393172e-01,2.208704913231341216e+00,-1.782790462212084925e+00,-6.164219900979431982e-02
1.763579428878830910e+09,3.670575972682403876e-01,4.663449818978098738e-01,8.647995280065884360e-01,2.206192869118627886e+00,-1.782008077125319723e+00,-5.709598617385704816e-02
1.763579428892519712e+09,3.678172292387239528e-01,4.680173049258780082e-01,8.634809619022080218e-01,2.203291935441584748e+00,-1.781657145638498863e+00,-5.270636799070742978e-02
1.763579428906208754e+09,3.684421383899028624e-01,4.696525224443292568e-01,8.621473207370006220e-01,2.199958056503255044e+00,-1.781829088464029542e+00,-4.846275505935820210e-02
1.763579428919897556e+09,3.689425252950079281e-01,4.712767679190057457e-01,8.607920699631946837e-01,2.196146986937386636e+00,-1.782616700890347516e+00,-4.435378442633870072e-02
1.763579428933586359e+09,3.693282533984740823e-01,4.729139775896484266e-01,8.594093804441526041e-01,2.191820937860040175e+00,-1.784099812467797586e+00,-4.037164093299884515e-02
1.763579428947275400e+09,3.696092280975925570e-01,4.745781406319210527e-01,8.579962467145874072e-01,2.186971779472837607e+00,-1.786300116553662054e+00,-3.652562372126878787e-02
1.763579428960964203e+09,3.697945289932767499e-01,4.762775708981809575e-01,8.565516296736953583e-01,2.181609236118588147e+00,-1.789205465889618596e+00,-3.283456550264240992e-02
1.763579428974653244e+09,3.698942139628317305e-01,4.780216670924107847e-01,8.550737567271315953e-01,2.175738314352793967e+00,-1.792811356082290919e+00,-2.931564662882896188e-02
1.763579428988342047e+09,3.699119872435939760e-01,4.798166943502805704e-01,8.535642516400614443e-01,2.169386042149526350e+00,-1.797080440941530632e+00,-2.598865985955821009e-02
1.763579429002030849e+09,3.698411741502482530e-01,4.816646695289173996e-01,8.520299459182169022e-01,2.162614854328384073e+00,-1.801923886745248504e+00,-2.287484665144594656e-02
1.763579429015719891e+09,3.696722165300518892e-01,4.835664978000245307e-01,8.504790533462598390e-01,2.155494976800749640e+00,-1.807240497379070776e+00,-1.999696675109182559e-02
1.763579429029408693e+09,3.693978580202710860e-01,4.855230237334061671e-01,8.489191465057002173e-01,2.148098768918675461e+00,-1.812929254192184203e+00,-1.737511671564436963e-02
1.763579429043097734e+09,3.690281450996437673e-01,4.875329963647295761e-01,8.473531610330657937e-01,2.140534490099931464e+00,-1.818863418880055205e+00,-1.500748368821007775e-02
1.763579429056786537e+09,3.685914046525579635e-01,4.895929391580792212e-01,8.457793026407498527e-01,2.132946020993933711e+00,-1.824892766717590264e+00,-1.286887149884156575e-02
1.763579429070475340e+09,3.681145236479105298e-01,4.916996053906365072e-01,8.441960493085965966e-01,2.125475474376790963e+00,-1.830867182443948638e+00,-1.093657899006058969e-02
1.763579429084164381e+09,3.676287820475535040e-01,4.938491715767482360e-01,8.426010661009907254e-01,2.118263668554377865e+00,-1.836645558339527362e+00,-9.174869797452611317e-03
1.763579429097853184e+09,3.671780498222466105e-01,4.960358391808000755e-01,8.409902055163691603e-01,2.111437754180849335e+00,-1.842127566693898988e+00,-7.502625136198956372e-03
1.763579429111542225e+09,3.668113990498757526e-01,4.982531981383175879e-01,8.393583626901566230e-01,2.105119775080440903e+00,-1.847228439849826209e+00,-5.820758711071022905e-03
1.763579429125231028e+09,3.665775649335999420e-01,5.004947528216934227e-01,8.377006059420329942e-01,2.099432697791975944e+00,-1.851861933092845858e+00,-4.031485685895489293e-03
1.763579429138919830e+09,3.665168938066810655e-01,5.027521033214760182e-01,8.360144937496162276e-01,2.094449071203342783e+00,-1.855979758406252067e+00,-2.045159047804396679e-03
1.763579429152608871e+09,3.666548125056677820e-01,5.050131530378670908e-01,8.343021659367778620e-01,2.090151658426111947e+00,-1.859601047838068677e+00,2.130737688095213193e-04
1.763579429166297674e+09,3.670142307214616095e-01,5.072653751554457857e-01,8.325665776545959629e-01,2.086512112839120192e+00,-1.862752552682214846e+00,2.814673755405474459e-03
1.763579429179986715e+09,3.676173331614510098e-01,5.094964474743783889e-01,8.308107364973897901e-01,2.083500141003093109e+00,-1.865461981886156195e+00,5.829900407694940147e-03
1.763579429193675518e+09,3.684542717937432932e-01,5.116966092817308853e-01,8.290457789206120420e-01,2.081024038620612249e+00,-1.867778066788858604e+00,9.268736484964127526e-03
1.763579429207364321e+09,3.694916005046121610e-01,5.138583213606982003e-01,8.272885558987546073e-01,2.078947250868955710e+00,-1.869764632877787935e+00,1.309664285791219476e-02
1.763579429221053362e+09,3.706950934178867563e-01,5.159739268707791426e-01,8.255562976403683084e-01,2.077130079377885963e+00,-1.871487451398332169e+00,1.727817648846881327e-02
1.763579429234742165e+09,3.720264896852510383e-01,5.180376334897250912e-01,8.238657349206170988e-01,2.075441634020532167e+00,-1.873000786587083910e+00,2.176562094669593633e-02
1.763579429248431206e+09,3.734284410869555537e-01,5.200515945794507155e-01,8.222324240994488553e-01,2.073778277252642077e+00,-1.874316871699821974e+00,2.645890578728768427e-02
1.763579429262120008e+09,3.748369650435730560e-01,5.220212556299153039e-01,8.206708400181791374e-01,2.072051877508949591e+00,-1.875428061467047769e+00,3.123708485504491858e-02
1.763579429275808811e+09,3.761875005515850079e-01,5.239515554464299063e-01,8.191963008041193151e-01,2.070168459134844596e+00,-1.876331373984753803e+00,3.598067902699808585e-02
1.763579429289497852e+09,3.774276662280573458e-01,5.258496871431691533e-01,8.178168648443530087e-01,2.068069929012749775e+00,-1.877003351635250228e+00,4.057932074781783749e-02
1.763579429303186655e+09,3.785244190349659754e-01,5.277255220914451872e-01,8.165300376863208198e-01,2.065748638059780706e+00,-1.877394731647831216e+00,4.494020031990671876e-02
1.763579429316875696e+09,3.794476726572847403e-01,5.295897625540432196e-01,8.153312808303432302e-01,2.063207048733992632e+00,-1.877449179125086909e+00,4.897191743360286564e-02
1.763579429330564499e+09,3.801697520453238832e-01,5.314525545283641517e-01,8.142159076997845801e-01,2.060445600627126339e+00,-1.877117706562443145e+00,5.258929640930693622e-02
1.763579429344253302e+09,3.806893639699270859e-01,5.333220815609389653e-01,8.131731606891607900e-01,2.057467956897094385e+00,-1.876394376994030999e+00,5.575884590454226880e-02
1.763579429357942343e+09,3.810276839459325604e-01,5.352045962287530489e-01,8.121874688741693715e-01,2.054278255479271120e+00,-1.875314313174635927e+00,5.849404335386346188e-02
1.763579429371631145e+09,3.812042158349036591e-01,5.371064271418337643e-01,8.112435405296096746e-01,2.050881744600422607e+00,-1.873906890747365939e+00,6.080229437887494509e-02
1.763579429385320187e+09,3.812404710047567202e-01,5.390338740803247708e-01,8.103262683058179983e-01,2.047278509827252790e+00,-1.872223411120765180e+00,6.271284808645093134e-02
1.763579429399008989e+09,3.811590017667342845e-01,5.409931237659797443e-01,8.094223999065701669e-01,2.043454465537138276e+00,-1.870372325533125935e+00,6.430974853985899076e-02
1.763579429412697792e+09,3.809834100987649075e-01,5.429903956573897128e-01,8.085190751222315342e-01,2.039390459236586128e+00,-1.868482293161515706e+00,6.569692593925192947e-02
1.763579429426386833e+09,3.807369125676282051e-01,5.450319868505246745e-01,8.076034598315613433e-01,2.035067846156831006e+00,-1.866679480236518529e+00,6.697560331826456215e-02
1.763579429440075636e+09,3.804385336054810218e-01,5.471263121106176852e-01,8.066640039069834511e-01,2.030468983364761559e+00,-1.865083709633134079e+00,6.823136204696741980e-02
1.763579429453764677e+09,3.801006573735037364e-01,5.492853768313692431e-01,8.056909097400865027e-01,2.025577294940519302e+00,-1.863803201830478651e+00,6.952443414587188009e-02
1.763579429467453480e+09,3.797353166972536886e-01,5.515211401547840397e-01,8.046746400974528202e-01,2.020376963943276927e+00,-1.862945216496911582e+00,7.091329638586565953e-02
1.763579429481142282e+09,3.793538723914041122e-01,5.538454573983950802e-01,8.036062306587907766e-01,2.014854596896074046e+00,-1.862611839995129248e+00,7.245169929354673688e-02
1.763579429494831324e+09,3.789612671409579026e-01,5.562662480029200163e-01,8.024842687338219482e-01,2.009029119953167353e+00,-1.862846272076565945e+00,7.414108820519654808e-02
1.763579429508520126e+09,3.785586619727748792e-01,5.587890649106661556e-01,8.013118461472286125e-01,2.002939519250177103e+00,-1.863655834540528300e+00,7.595140038794753745e-02
1.763579429522209167e+09,3.781470247597023548e-01,5.614194993966648006e-01,8.000921064527196647e-01,1.996623497338667841e+00,-1.865049021767333004e+00,7.785264239953915144e-02
1.763579429535897970e+09,3.777288393391052268e-01,5.641643799277031857e-01,7.988273291355615369e-01,1.990133376745687022e+00,-1.867015162747444279e+00,7.981101414272961936e-02
1.763579429549586773e+09,3.773106257775486472e-01,5.670348201167464408e-01,7.975172508899571744e-01,1.983564299873555870e+00,-1.869485832603739572e+00,8.178023822172603152e-02
1.763579429563275814e+09,3.769004477407256748e-01,5.700432635086366551e-01,7.961605619805430800e-01,1.977023696354752946e+00,-1.872375996379413765e+00,8.371162017556803281e-02
1.763579429576964617e+09,3.765058767216524771e-01,5.732017500983815905e-01,7.947564463761151998e-01,1.970618345786784076e+00,-1.875601947104742484e+00,8.555542599077237131e-02
1.763579429590653658e+09,3.761383029262568289e-01,5.765233443983083239e-01,7.933004575081678000e-01,1.964446828210366647e+00,-1.879086548583301486e+00,8.727779964151709258e-02
1.763579429604342461e+09,3.758131759855774523e-01,5.800214385603974510e-01,7.917844417845726346e-01,1.958595880802968869e+00,-1.882763132148470353e+00,8.886384490997130403e-02
1.763579429618031263e+09,3.755468622604113960e-01,5.837099931526140706e-01,7.901993707783591114e-01,1.953152708399681137e+00,-1.886564649706556684e+00,9.030078894259226108e-02
1.763579429631720304e+09,3.753540265365498674e-01,5.876016020063400402e-01,7.885376482750434679e-01,1.948194346205388339e+00,-1.890431918477234463e+00,9.157848646944860560e-02
1.763579429645409107e+09,3.752406193753946573e-01,5.917008671946534237e-01,7.867997194904475800e-01,1.943736201376739414e+00,-1.894354565430055315e+00,9.270846854323672170e-02
1.763579429659098148e+09,3.752055292154497512e-01,5.960065778428380590e-01,7.849919650415811967e-01,1.939746108041338957e+00,-1.898358929605524548e+00,9.371724597980173044e-02
1.763579429672786951e+09,3.752490644779631346e-01,6.005183167015337720e-01,7.831200351705722706e-01,1.936199780579391128e+00,-1.902466270091355938e+00,9.463025964238795662e-02
1.763579429686475754e+09,3.753659637266473226e-01,6.052318675296864958e-01,7.811917021238238279e-01,1.933047922820349651e+00,-1.906709504937198263e+00,9.547154139962013564e-02
1.763579429700164795e+09,3.755386573892645075e-01,6.101342294556666435e-01,7.792189170557392019e-01,1.930189967683550556e+00,-1.911141796236792922e+00,9.625842114735660981e-02
1.763579429713853598e+09,3.757455931692715856e-01,6.152093340519785292e-01,7.772152157545936246e-01,1.927508130574226985e+00,-1.915823743272375479e+00,9.700665412061107440e-02
1.763579429727542639e+09,3.759657829517475958e-01,6.204416944819856061e-01,7.751937569021833951e-01,1.924887681306435061e+00,-1.920814100251254208e+00,9.773208066468029587e-02
1.763579429741231441e+09,3.761767837715579432e-01,6.258109716006852175e-01,7.731684668737713872e-01,1.922223569015873768e+00,-1.926154099156447197e+00,9.844932664321461024e-02
1.763579429754920244e+09,3.763547574507243310e-01,6.312912182771281966e-01,7.711537726856850794e-01,1.919426713679369900e+00,-1.931859746587559767e+00,9.917150547881251055e-02
1.763579429768609285e+09,3.764757456927363410e-01,6.368563474964058502e-01,7.691641547489993513e-01,1.916407834237649377e+00,-1.937946912621217654e+00,9.991170028798526670e-02
1.763579429782298088e+09,3.765167703458095483e-01,6.424796598994839680e-01,7.672136237593403241e-01,1.913084431586617340e+00,-1.944425685064103293e+00,1.006829899335648371e-01
1.763579429795986891e+09,3.764624623839957218e-01,6.481337078271209862e-01,7.653116167192017816e-01,1.909419024103272911e+00,-1.951272129543672795e+00,1.014993825828802571e-01
1.763579429809675932e+09,3.763016498440445723e-01,6.537904224804751419e-01,7.634651663294012014e-01,1.905398926359273437e+00,-1.958443354169949524e+00,1.023751460004345692e-01
1.763579429823364735e+09,3.760226713229216644e-01,6.594214328757941335e-01,7.616815645764767329e-01,1.901009766525143752e+00,-1.965897372156577116e+00,1.033248639924442269e-01
1.763579429837053776e+09,3.756221497528017816e-01,6.649986734788039255e-01,7.599658771850048566e-01,1.896263240952192008e+00,-1.973575905741015157e+00,1.043564119190530520e-01
1.763579429850742579e+09,3.751170711163598348e-01,6.704930740613340712e-01,7.583183019158243887e-01,1.891235347868097660e+00,-1.981379112459291436e+00,1.054611340309796197e-01
1.763579429864431381e+09,3.745288469756107297e-01,6.758761244324661410e-01,7.567377454183861207e-01,1.886016038885641288e+00,-1.989198807282175352e+00,1.066266103686686617e-01
1.763579429878120422e+09,3.738784165392534664e-01,6.811190460531829638e-01,7.552233151918820164e-01,1.880693585095779108e+00,-1.996927684420662930e+00,1.078409863543251385e-01
1.763579429891809225e+09,3.731873794626873186e-01,6.862001945936835323e-01,7.537721131302945743e-01,1.875361579337145868e+00,-2.004462348750140066e+00,1.090882185281824013e-01
1.763579429905498266e+09,3.724771550204294956e-01,6.911056131428022775e-01,7.523793380487855398e-01,1.870115262172899806e+00,-2.011706634486488454e+00,1.103491685681896733e-01
1.763579429919187069e+09,3.717697660280216421e-01,6.958212020069055592e-01,7.510399949798867159e-01,1.865052861808307538e+00,-2.018561684232106135e+00,1.116037070768215872e-01
1.763579429932875872e+09,3.710843829070135658e-01,7.003356955795229100e-01,7.497497828991539492e-01,1.860260713270306843e+00,-2.024943454066400861e+00,1.128343812135886859e-01
1.763579429946564913e+09,3.704273760453009601e-01,7.046501115070225030e-01,7.485079630312595489e-01,1.855775815660777317e+00,-2.030831376840480651e+00,1.140336022692454571e-01
1.763579429960253716e+09,3.697977608581630160e-01,7.087725915692212331e-01,7.473157714130737039e-01,1.851604629759962206e+00,-2.036243637988452093e+00,1.152005129617823115e-01
1.763579429973942757e+09,3.691955581898872518e-01,7.127101056095869192e-01,7.461742658238778025e-01,1.847760144585380848e+00,-2.041190439140737833e+00,1.163322376364496064e-01
1.763579429987631559e+09,3.686189878320217383e-01,7.164746215191769574e-01,7.450836084394778513e-01,1.844228285334381878e+00,-2.045713924486577184e+00,1.174362299798149684e-01
1.763579430001320362e+09,3.680640922647821500e-01,7.200867462169676658e-01,7.440417307231861344e-01,1.840948813243752591e+00,-2.049909828521577992e+00,1.185380981274183204e-01
1.763579430015009403e+09,3.675262385129026699e-01,7.235694673129020593e-01,7.430460705469074112e-01,1.837849776174072636e+00,-2.053888028269906130e+00,1.196681843792868072e-01
1.763579430028698206e+09,3.670008049111084247e-01,7.269446673492748756e-01,7.420943420155176051e-01,1.834861130131674178e+00,-2.057754764616008369e+00,1.208551403830002979e-01
1.763579430042387247e+09,3.664814848753261134e-01,7.302296016042312266e-01,7.411858264321978806e-01,1.831905411199360678e+00,-2.061610774573193527e+00,1.221188777120282704e-01
1.763579430056076050e+09,3.659600607393647120e-01,7.334351535951577628e-01,7.403218846330199554e-01,1.828899558392785396e+00,-2.065546711771914179e+00,1.234682484646903999e-01
1.763579430069764853e+09,3.654285446035986928e-01,7.365729218471260831e-01,7.395036352013956149e-01,1.825759844697978806e+00,-2.069655123425789611e+00,1.249130174142351474e-01
1.763579430083453894e+09,3.648765272127261206e-01,7.396509868755652972e-01,7.387336475245412926e-01,1.822407258099075777e+00,-2.074016340584194040e+00,1.264581279226552057e-01
1.763579430097142696e+09,3.642820236128677669e-01,7.426615366676753149e-01,7.380211916398515815e-01,1.818787416041233174e+00,-2.078652929684631445e+00,1.280875583110780702e-01
1.763579430110831738e+09,3.636179836828824508e-01,7.455899511382210187e-01,7.373784287849662888e-01,1.814856370791995577e+00,-2.083562397671279154e+00,1.297760906561656047e-01
1.763579430124520540e+09,3.628575817528756908e-01,7.484219070259234829e-01,7.368173868643201896e-01,1.810569521195214637e+00,-2.088743655344075467e+00,1.314988930103097586e-01
1.763579430138209343e+09,3.619748022230942497e-01,7.511377277797974816e-01,7.363519167225066608e-01,1.805898321378491600e+00,-2.094177574473781611e+00,1.332296750989788447e-01
1.763579430151898384e+09,3.609450225243762134e-01,7.537067262249911304e-01,7.359997437918638363e-01,1.800846827150872631e+00,-2.099808713037779828e+00,1.349389226319288315e-01
1.763579430165587187e+09,3.597445144109817083e-01,7.560964799178491180e-01,7.357789798482715637e-01,1.795424607869614997e+00,-2.105575877202116697e+00,1.365971483538523101e-01
1.763579430179276228e+09,3.583494147374354233e-01,7.582748373219945215e-01,7.357076947816775236e-01,1.789640673945101401e+00,-2.111418517431589148e+00,1.381749521105005429e-01
1.763579430192965031e+09,3.567520627303911174e-01,7.602108935720223171e-01,7.357986133530602935e-01,1.783515189920336530e+00,-2.117275337388542678e+00,1.396583031267039365e-01
1.763579430206653833e+09,3.549577578409199852e-01,7.618754025831412369e-01,7.360599552880848773e-01,1.777076346266330820e+00,-2.123085856131297966e+00,1.410458347947840529e-01
1.763579430220342875e+09,3.529722811529348303e-01,7.632386094483777361e-01,7.365000165617958672e-01,1.770352995164093057e+00,-2.128788649765060104e+00,1.423365745472847110e-01
1.763579430234031677e+09,3.508035132440600057e-01,7.642745284322010058e-01,7.371245173841692866e-01,1.763373866769827325e+00,-2.134327584540984812e+00,1.435326041422422538e-01
1.763579430247720718e+09,3.484678739119361213e-01,7.649718362101191049e-01,7.379285823467366390e-01,1.756166674083694312e+00,-2.139666950876009999e+00,1.446504420441085681e-01
1.763579430261409521e+09,3.459861983140359865e-01,7.653268074085336492e-01,7.389022441102818251e-01,1.748758936578418854e+00,-2.144781873103150716e+00,1.457126896102353131e-01
1.763579430275098324e+09,3.433782696720508731e-01,7.653338091636213703e-01,7.400363758750529986e-01,1.741178231299691515e+00,-2.149644281163340498e+00,1.467416370887582311e-01
1.763579430288787365e+09,3.406680086937206031e-01,7.649969730687117275e-01,7.413197121251147159e-01,1.733449506892196679e+00,-2.154245492944008689e+00,1.477567947215288890e-01
1.763579430302476168e+09,3.378852120966939765e-01,7.643348765425095337e-01,7.427382968569519184e-01,1.725594269468103015e+00,-2.158605405433251523e+00,1.487721321631872984e-01
1.763579430316165209e+09,3.350609304289632884e-01,7.633689561301121307e-01,7.442776327847137052e-01,1.717632567583161629e+00,-2.162750311640919243e+00,1.498009087049253785e-01
1.763579430329854012e+09,3.322255687882094688e-01,7.621211715418155785e-01,7.459229051897793283e-01,1.709585677947082383e+00,-2.166705225798766232e+00,1.508563015492867809e-01
1.763579430343542814e+09,3.294053601367070705e-01,7.606244283598455613e-01,7.476550358210126701e-01,1.701479176430791718e+00,-2.170499137344685803e+00,1.519521099507235573e-01
1.763579430357231855e+09,3.266221663651734386e-01,7.589212372189959588e-01,7.494512629464916698e-01,1.693343174203981727e+00,-2.174163237776397750e+00,1.531021584950673919e-01
1.763579430370920658e+09,3.238986586723274774e-01,7.570539064442998178e-01,7.512886839680005258e-01,1.685207927473101774e+00,-2.177728910893503844e+00,1.543207620469382313e-01
1.763579430384609699e+09,3.212540987815484805e-01,7.550630282644692493e-01,7.531465552480669512e-01,1.677103127081431166e+00,-2.181224586224604245e+00,1.556175941892811720e-01
1.763579430398298502e+09,3.186974383429768132e-01,7.529812565205323827e-01,7.550122664786188542e-01,1.669057860958168549e+00,-2.184666432659100543e+00,1.569851610402093478e-01
1.763579430411987305e+09,3.162335530717416132e-01,7.508384831457641795e-01,7.568761927890750307e-01,1.661100508929034048e+00,-2.188066487016525841e+00,1.584098500800958098e-01
1.763579430425676346e+09,3.138676336732753036e-01,7.486647078201812411e-01,7.587285307595859063e-01,1.653259462246106093e+00,-2.191437037959902412e+00,1.598785032030634046e-01
1.763579430439365149e+09,3.115996586665906176e-01,7.464816982396232925e-01,7.605646154377880830e-01,1.645564569645131980e+00,-2.194773475490006565e+00,1.613733658081578093e-01
1.763579430453054190e+09,3.094205830209495467e-01,7.442970974097138370e-01,7.623885886560786140e-01,1.638047132145915130e+00,-2.198043241269366010e+00,1.628694314416101463e-01
1.763579430466742992e+09,3.073207770376460424e-01,7.421172315805024677e-01,7.642053656710197096e-01,1.630738893270672785e+00,-2.201210878497757761e+00,1.643409926118507836e-01
1.763579430480431795e+09,3.052905124453497709e-01,7.399476111455498550e-01,7.660203154693472349e-01,1.623670632141327896e+00,-2.204240324059570266e+00,1.657625444625989986e-01
1.763579430494120836e+09,3.033219240457367682e-01,7.377817902045878951e-01,7.678450128287490628e-01,1.616861522050512701e+00,-2.207084480889228040e+00,1.671119489025726379e-01
1.763579430507809639e+09,3.014086331654766138e-01,7.356054423889523131e-01,7.696949826790407956e-01,1.610322955584385873e+00,-2.209688965830494123e+00,1.683694887255832717e-01
1.763579430521498680e+09,2.995438272339706609e-01,7.334038990060923746e-01,7.715861584237289073e-01,1.604066411577911078e+00,-2.211998896810141613e+00,1.695151182045375460e-01
1.763579430535187483e+09,2.977240837560657938e-01,7.311617682973875487e-01,7.735332454554983972e-01,1.598096432961634950e+00,-2.213962920688328229e+00,1.705323849521321600e-01
1.763579430548876286e+09,2.959564035444521291e-01,7.288597034766595151e-01,7.755483523898986098e-01,1.592393399994296521e+00,-2.215540120812047320e+00,1.714154861601010493e-01
1.763579430562565327e+09,2.942517531786701390e-01,7.264775681256999684e-01,7.776419749894616373e-01,1.586928615750184957e+00,-2.216694572633338023e+00,1.721636484590905736e-01
1.763579430576254129e+09,2.926204345696968856e-01,7.239949021489703318e-01,7.798253758890258958e-01,1.581675571766063992e+00,-2.217388287169517636e+00,1.727740453017357347e-01
1.763579430589943171e+09,2.910755323071533285e-01,7.213970272117855576e-01,7.821026163848668888e-01,1.576599197985768752e+00,-2.217598782380566735e+00,1.732589684212764436e-01
1.763579430603631973e+09,2.896333931247677684e-01,7.186776275378187195e-01,7.844680869675356716e-01,1.571655894694483635e+00,-2.217323506630971330e+00,1.736496483535691360e-01
1.763579430617320776e+09,2.883110181627692170e-01,7.158312725286519740e-01,7.869147811886161303e-01,1.566799380821487508e+00,-2.216562914605324508e+00,1.739807808774939679e-01
1.763579430631009817e+09,2.871251393817392250e-01,7.128536058841498102e-01,7.894355522202575193e-01,1.561986218825917261e+00,-2.215318469631036624e+00,1.742857068956153166e-01
1.763579430644698620e+09,2.860932567507061819e-01,7.097499915677807358e-01,7.920189701117397174e-01,1.557186031491245126e+00,-2.213603927978002428e+00,1.745954071366673521e-01
1.763579430658387423e+09,2.852326306593294669e-01,7.065331561176597663e-01,7.946508854727982740e-01,1.552380559548673489e+00,-2.211442658420794238e+00,1.749376572939416730e-01
1.763579430672076464e+09,2.845611979266657876e-01,7.032150936878593939e-01,7.973171559154814680e-01,1.547548513569192874e+00,-2.208856724803687221e+00,1.753414542486311511e-01
1.763579430685765266e+09,2.840921232173702626e-01,6.998093564019106649e-01,8.000046482980937013e-01,1.542683888582103036e+00,-2.205872941873956883e+00,1.758293129272517352e-01
1.763579430699454308e+09,2.838249453657738508e-01,6.963316285826787189e-01,8.027040631386509473e-01,1.537819855194461960e+00,-2.202528876304812755e+00,1.764065244297979007e-01
1.763579430713143110e+09,2.837549949158430507e-01,6.927987665515059623e-01,8.054070516583704542e-01,1.533002774063891405e+00,-2.198866067037070771e+00,1.770727477609652656e-01
1.763579430726831913e+09,2.838779143367086699e-01,6.892275503239830847e-01,8.081049976084667685e-01,1.528277555316163383e+00,-2.194925209451223935e+00,1.778282742817225148e-01
1.763579430740520954e+09,2.841864539418789692e-01,6.856441211945464298e-01,8.107786253985879155e-01,1.523698728271533520e+00,-2.190739121777483422e+00,1.786721025473156088e-01
1.763579430754209757e+09,2.846695572672364172e-01,6.820884815814880486e-01,8.133926916708951182e-01,1.519333830477671343e+00,-2.186328736689238994e+00,1.796018526420884442e-01
1.763579430767898798e+09,2.853157753389145568e-01,6.786007064645339648e-01,8.159117874058292585e-01,1.515250699278511970e+00,-2.181714676743721437e+00,1.806151131996859283e-01
1.763579430781587601e+09,2.861111546066771316e-01,6.752197616160114935e-01,8.183017562345812346e-01,1.511517829707414107e+00,-2.176920959148199497e+00,1.817096394903964518e-01
1.763579430795276403e+09,2.870146356897364526e-01,6.719646996671536643e-01,8.205500133622107839e-01,1.508204013683576816e+00,-2.172010896769828836e+00,1.828860757671187387e-01
1.763579430808965445e+09,2.879688813877862574e-01,6.688429311478528705e-01,8.226566038846121476e-01,1.505378609087813624e+00,-2.167071186569799135e+00,1.841467250719137361e-01
1.763579430822654247e+09,2.889164342228887628e-01,6.658620802081089973e-01,8.246214154622352188e-01,1.503111315586815433e+00,-2.162188923931629869e+00,1.854939348445583946e-01
1.763579430836343288e+09,2.898062980882247786e-01,6.630314748533334690e-01,8.264423098837698767e-01,1.501459911286613824e+00,-2.157446136437503270e+00,1.869279770213417013e-01
1.763579430850032091e+09,2.906183930137064553e-01,6.603714532073228227e-01,8.281049229828616465e-01,1.500427156793312733e+00,-2.152902918786891551e+00,1.884398120096844043e-01
1.763579430863720894e+09,2.913443008862723893e-01,6.579053242199041085e-01,8.295914279808483949e-01,1.499994266132523624e+00,-2.148610228213850171e+00,1.900162294831567178e-01
1.763579430877409935e+09,2.919749648865593850e-01,6.556573661194551317e-01,8.308829998743763046e-01,1.500144664946421624e+00,-2.144620137084135791e+00,1.916452271098475491e-01
1.763579430891098738e+09,2.925009409751573308e-01,6.536407531787655767e-01,8.319724362360920722e-01,1.500852482952351963e+00,-2.140978880095489423e+00,1.933058276923116936e-01
1.763579430904787779e+09,2.929115872865972192e-01,6.518524778440122347e-01,8.328692802871603407e-01,1.502080418618416457e+00,-2.137724095940462199e+00,1.949653642025558908e-01
1.763579430918476582e+09,2.931959831749882395e-01,6.502869583440447077e-01,8.335858897135068890e-01,1.503788831116460001e+00,-2.134892791524313438e+00,1.965885052595717220e-01
1.763579430932165384e+09,2.933445204239237825e-01,6.489378270072321264e-01,8.341351296548863425e-01,1.505936618654289294e+00,-2.132517159019761355e+00,1.981415569966827328e-01
1.763579430945854425e+09,2.933554994820867790e-01,6.477897320208716447e-01,8.345381734867250989e-01,1.508466905038418737e+00,-2.130597890578064035e+00,1.995949753169271590e-01
1.763579430959543228e+09,2.932331873228463670e-01,6.468214796316448245e-01,8.348212531595526897e-01,1.511312558850430143e+00,-2.129113159894855389e+00,2.009233994133838297e-01
1.763579430973232269e+09,2.929807277155005996e-01,6.460124436070595610e-01,8.350104094627892604e-01,1.514407219741363608e+00,-2.128044288830668762e+00,2.021000918619456910e-01
1.763579430986921072e+09,2.926067992694369457e-01,6.453401186590299599e-01,8.351303503047565746e-01,1.517686535603259390e+00,-2.127360225007859373e+00,2.031079701824094752e-01
1.763579431000609875e+09,2.921300830872681220e-01,6.447791152431381345e-01,8.352021812787098209e-01,1.521092901540072928e+00,-2.127008759554926964e+00,2.039491612171662749e-01
1.763579431014298916e+09,2.915716121459742682e-01,6.443031570991258894e-01,8.352465345701555188e-01,1.524569457541635309e+00,-2.126932471464638930e+00,2.046296871669276429e-01
1.763579431027987719e+09,2.909521662680588650e-01,6.438865207483059905e-01,8.352834424895407839e-01,1.528060547691341586e+00,-2.127074554971660536e+00,2.051563435005539782e-01
1.763579431041676760e+09,2.902935608127626965e-01,6.435076501757810430e-01,8.353257266973554973e-01,1.531527225643540602e+00,-2.127374558682797012e+00,2.055514168924574281e-01
1.763579431055365562e+09,2.896184754650865667e-01,6.431497372206613772e-01,8.353783808002243072e-01,1.534948153482793343e+00,-2.127768919246010082e+00,2.058535779328673210e-01
1.763579431069054365e+09,2.889496399242054703e-01,6.427957378886617335e-01,8.354466715274009303e-01,1.538301577119484564e+00,-2.128193923868074933e+00,2.061010013679388242e-01
1.763579431082743406e+09,2.883082164343128140e-01,6.424296820529920016e-01,8.355353188489131888e-01,1.541566502101171521e+00,-2.128589470774838066e+00,2.063329739763727910e-01
1.763579431096432209e+09,2.877063054858665092e-01,6.420403428112659849e-01,8.356481496202505799e-01,1.544720943969856819e+00,-2.128916709460508816e+00,2.065907229276887358e-01
1.763579431110121250e+09,2.871519691985768286e-01,6.416186649467985337e-01,8.357884405880147138e-01,1.547743243611403141e+00,-2.129146118502935892e+00,2.069164992111464374e-01
1.763579431123810053e+09,2.866535119531303799e-01,6.411554637667661316e-01,8.359595132687959174e-01,1.550611290539536391e+00,-2.129247721984949049e+00,2.073528380631596557e-01
1.763579431137498856e+09,2.862179518110004039e-01,6.406431437058609513e-01,8.361640116023697500e-01,1.553306005659429445e+00,-2.129194512081579838e+00,2.079361300760555198e-01
1.763579431151187897e+09,2.858497064841939994e-01,6.400779203187537680e-01,8.364026692329520341e-01,1.555814836141839574e+00,-2.128965957688625732e+00,2.086893001889835730e-01
1.763579431164876699e+09,2.855523349151675716e-01,6.394568703586315239e-01,8.366760887140511915e-01,1.558126863757857805e+00,-2.128543334596195269e+00,2.096307516893344824e-01
1.763579431178565741e+09,2.853297127054718052e-01,6.387769339624056464e-01,8.369846727365488626e-01,1.560230856824244450e+00,-2.127907405191617585e+00,2.107806805324435040e-01
1.763579431192254543e+09,2.851796425993160522e-01,6.380362469748681598e-01,8.373334084639560970e-01,1.562123126870862411e+00,-2.127047495841419167e+00,2.121281806823807070e-01
1.763579431205943346e+09,2.850938749439874131e-01,6.372340896972500390e-01,8.377318438310956683e-01,1.563807632469339293e+00,-2.125961461872432512e+00,2.136315863218182787e-01
1.763579431219632387e+09,2.850635658670713779e-01,6.363697363207686530e-01,8.381900751977414687e-01,1.565289161512680272e+00,-2.124647800954167387e+00,2.152463122676978591e-01
1.763579431233321190e+09,2.850796403286833813e-01,6.354435944687707449e-01,8.387176527731459164e-01,1.566571642118825380e+00,-2.123106384149167081e+00,2.169249716932612759e-01
1.763579431247010231e+09,2.851307265750927522e-01,6.344618845597067569e-01,8.393225899880708551e-01,1.567655547081117762e+00,-2.121344083014114368e+00,2.185996629102199829e-01
1.763579431260699034e+09,2.852043115665536255e-01,6.334342843329410222e-01,8.400115824882677940e-01,1.568539501277433246e+00,-2.119372471316576245e+00,2.201919387263357175e-01
1.763579431274387836e+09,2.852879437765359905e-01,6.323699397704870551e-01,8.407918516345654902e-01,1.569221980475245193e+00,-2.117201743046233542e+00,2.216238063995357166e-01
1.763579431288076878e+09,2.853693456261288119e-01,6.312791228073448835e-01,8.416677982745588427e-01,1.569705121230126066e+00,-2.114849326088304338e+00,2.228219238335930885e-01
1.763579431301765680e+09,2.854366949876549486e-01,6.301734873225035560e-01,8.426389310601842819e-01,1.569998278483160092e+00,-2.112345185262033631e+00,2.237234711257177211e-01
1.763579431315454721e+09,2.854782504618523231e-01,6.290651492645524812e-01,8.437036832873979764e-01,1.570112160254961919e+00,-2.109721990066843578e+00,2.242672036601323637e-01
1.763579431329143524e+09,2.854822210269833405e-01,6.279657665643723075e-01,8.448606520772974360e-01,1.570057956395617182e+00,-2.107012449342734683e+00,2.243933627971616274e-01
1.763579431342832327e+09,2.854361783179801271e-01,6.268831655170342687e-01,8.461089127413317090e-01,1.569853008337675604e+00,-2.104254088972126180e+00,2.240569675704114361e-01
1.763579431356521368e+09,2.853271282423738842e-01,6.258212072887138211e-01,8.474480651106124363e-01,1.569520920639577266e+00,-2.101488616109000951e+00,2.232283665980376863e-01
1.763579431370210171e+09,2.851420399300304553e-01,6.247841448491907590e-01,8.488776409943228352e-01,1.569084719256220506e+00,-2.098758046063934568e+00,2.218763947049899043e-01
1.763579431383899212e+09,2.848686532515897207e-01,6.237748374986092914e-01,8.503967294665528698e-01,1.568570493556643353e+00,-2.096100941479380086e+00,2.199784514145274317e-01
1.763579431397588015e+09,2.844980730985168793e-01,6.227918690835188009e-01,8.520019338858852986e-01,1.568015366583560555e+00,-2.093541779018919691e+00,2.175434640021022548e-01
1.763579431411276817e+09,2.840226307411645168e-01,6.218320527096675709e-01,8.536890830480555747e-01,1.567460582834110161e+00,-2.091099701263753996e+00,2.145922889595703598e-01
1.763579431424965858e+09,2.834345501426038250e-01,6.208923338301551853e-01,8.554540363874622022e-01,1.566947291038367274e+00,-2.088794160827311508e+00,2.111449208261937938e-01
1.763579431438654661e+09,2.827285141764089849e-01,6.199688653630396340e-01,8.572935421182613647e-01,1.566508823890738755e+00,-2.086641898184945720e+00,2.072233325192142928e-01
1.763579431452343702e+09,2.819038400262904309e-01,6.190561834540061481e-01,8.592063880775966389e-01,1.566163608677074937e+00,-2.084654183279172290e+00,2.028515434932971206e-01
1.763579431466032505e+09,2.809605041002629089e-01,6.181487105335662369e-01,8.611915257940606638e-01,1.565927401181583578e+00,-2.082841767921546072e+00,1.980547289502674335e-01
1.763579431479721308e+09,2.798984721025051803e-01,6.172408215913872676e-01,8.632479891746116518e-01,1.565815953753375123e+00,-2.081215255811558862e+00,1.928578279729113998e-01
1.763579431493410349e+09,2.787183994751148974e-01,6.163276106176487357e-01,8.653761479604761275e-01,1.565822380903042044e+00,-2.079785452454061545e+00,1.872996572073460098e-01
1.763579431507099152e+09,2.774217090941208386e-01,6.154048165853978070e-01,8.675772209024787962e-01,1.565921547428633431e+00,-2.078563179430751529e+00,1.814307149369277783e-01
1.763579431520787954e+09,2.760095670490532727e-01,6.144681424804822045e-01,8.698527710489436515e-01,1.566087255376376053e+00,-2.077559527211083612e+00,1.753015768715836253e-01
1.763579431534476995e+09,2.744849871219097737e-01,6.135133569296400413e-01,8.722031842405034707e-01,1.566292332254322073e+00,-2.076782891472946257e+00,1.689658944904363358e-01
1.763579431548165798e+09,2.728582001448688898e-01,6.125364166876683392e-01,8.746245441657174435e-01,1.566502913161985644e+00,-2.076231357104659114e+00,1.624919216202463657e-01
1.763579431561854839e+09,2.711431808161365309e-01,6.115333880824087576e-01,8.771106475157770532e-01,1.566682988853979053e+00,-2.075897368321793390e+00,1.559537297235810416e-01
1.763579431575543642e+09,2.693528448594593727e-01,6.105002577259814878e-01,8.796560242526491047e-01,1.566796074914978298e+00,-2.075775087970880062e+00,1.494251618184831709e-01
1.763579431589232445e+09,2.675068518077703961e-01,6.094342508609578157e-01,8.822494950279409220e-01,1.566811949994149744e+00,-2.075848491933327544e+00,1.429798683044045948e-01
1.763579431602921486e+09,2.656346294296915156e-01,6.083346358083241423e-01,8.848712559010035728e-01,1.566710838430441122e+00,-2.076086619805336042e+00,1.366904569416170778e-01
1.763579431616610289e+09,2.637678247370277007e-01,6.072010383059466276e-01,8.874996968549582199e-01,1.566474243780185072e+00,-2.076455679936493048e+00,1.306302529197587436e-01
1.763579431630299330e+09,2.619373533766281015e-01,6.060333995252586980e-01,8.901131202979840618e-01,1.566086160293008067e+00,-2.076921209494701603e+00,1.248709114813134347e-01
1.763579431643988132e+09,2.601740935191319548e-01,6.048357247983494611e-01,8.926832258367594086e-01,1.565552932905653227e+00,-2.077436960243198794e+00,1.194776567420694352e-01
1.763579431657676935e+09,2.585079288255452967e-01,6.036154974404271956e-01,8.951767039735951670e-01,1.564901511900685049e+00,-2.077946666889998628e+00,1.145079655379736827e-01
1.763579431671365976e+09,2.569692798197655836e-01,6.023799331088482978e-01,8.975602291848889802e-01,1.564156558525862106e+00,-2.078394690532179734e+00,1.100211298101005514e-01
1.763579431685054779e+09,2.555851909788126042e-01,6.011366996980934685e-01,8.998028279901727489e-01,1.563350785481083749e+00,-2.078725009574875493e+00,1.060659288651839838e-01
1.763579431698743820e+09,2.543714931782377620e-01,5.998938031303553409e-01,9.018830733055556159e-01,1.562538143589237594e+00,-2.078882903057027054e+00,1.026571763509961099e-01
1.763579431712432623e+09,2.533403098906471529e-01,5.986595910486283145e-01,9.037824080481380307e-01,1.561780552552338719e+00,-2.078813717365896707e+00,9.979829533791773066e-02
1.763579431726121426e+09,2.525039232248375565e-01,5.974422769167476721e-01,9.054823349950524847e-01,1.561139016615948227e+00,-2.078462996415869402e+00,9.749320106850611900e-02
1.763579431739810467e+09,2.518679117238637466e-01,5.962489323248725270e-01,9.069741675598310682e-01,1.560672956770247088e+00,-2.077783511362548463e+00,9.572374891296360488e-02
1.763579431753499269e+09,2.514278969486002380e-01,5.950848788042713000e-01,9.082642324378001897e-01,1.560438731372908228e+00,-2.076738938786244937e+00,9.443833485774497105e-02
1.763579431767188311e+09,2.511786180589554163e-01,5.939552349088017547e-01,9.093598712027299857e-01,1.560492350071766010e+00,-2.075294189087755203e+00,9.358332693468422725e-02
1.763579431780877113e+09,2.511136719694523345e-01,5.928650637056507300e-01,9.102687212213015355e-01,1.560888460233145425e+00,-2.073417560938234594e+00,9.310515888425967279e-02
1.763579431794565916e+09,2.512129559259618783e-01,5.918180314608617598e-01,9.109999139425394299e-01,1.561665573088331982e+00,-2.071118751895271615e+00,9.295800195715397951e-02
1.763579431808254957e+09,2.514480468876122976e-01,5.908169748901674900e-01,9.115635183634881455e-01,1.562851849938607707e+00,-2.068433065389560177e+00,9.310067363668023122e-02
1.763579431821943760e+09,2.517905885292168744e-01,5.898648063820626231e-01,9.119696307455623652e-01,1.564476526988958227e+00,-2.065394792213891773e+00,9.349160749423138239e-02
1.763579431835632801e+09,2.522099902492058732e-01,5.889642294677275292e-01,9.122273366261165473e-01,1.566555861833573537e+00,-2.062054285486361938e+00,9.409555077591749694e-02
1.763579431849321604e+09,2.526685856748488446e-01,5.881178235622362971e-01,9.123420992613480163e-01,1.569068147487698406e+00,-2.058510548294182563e+00,9.489734878424026243e-02
1.763579431863010406e+09,2.531266860645474681e-01,5.873278611254479920e-01,9.123186665823443953e-01,1.571978574336186263e+00,-2.054878184143704267e+00,9.588719984075823322e-02
1.763579431876699448e+09,2.535447256086217349e-01,5.865968550275673099e-01,9.121614511870898001e-01,1.575255418181939149e+00,-2.051269113244310383e+00,9.705566809155739827e-02
1.763579431890388250e+09,2.538848194332303243e-01,5.859247116587501525e-01,9.118801260362452421e-01,1.578849798501349211e+00,-2.047803432547385949e+00,9.838067659440763446e-02
1.763579431904077291e+09,2.541117334588246512e-01,5.853079816007494829e-01,9.114910290744802079e-01,1.582694531056531240e+00,-2.044607514648446589e+00,9.982367109113168824e-02
1.763579431917766094e+09,2.541902251300626747e-01,5.847428655870277048e-01,9.110113656563904039e-01,1.586718352854981307e+00,-2.041810817255071075e+00,1.013441006562358637e-01
1.763579431931454897e+09,2.540863209810884649e-01,5.842250831657581633e-01,9.104587561548938002e-01,1.590854144105968038e+00,-2.039536268801861230e+00,1.028997720686940370e-01
1.763579431945143938e+09,2.537737395550518360e-01,5.837463493689227789e-01,9.098555678722969331e-01,1.595054459181558748e+00,-2.037872032526178323e+00,1.044320368532259680e-01
1.763579431958832741e+09,2.532327444170801023e-01,5.832954478731745551e-01,9.092275653714858574e-01,1.599288063095841705e+00,-2.036876595868436723e+00,1.058705300351553552e-01
1.763579431972521782e+09,2.524422651229146775e-01,5.828613591512015191e-01,9.086003179388970619e-01,1.603521567570326933e+00,-2.036614098249200033e+00,1.071453309923674074e-01
1.763579431986210585e+09,2.513869516984924002e-01,5.824331157734407016e-01,9.079986667517387922e-01,1.607728408859732339e+00,-2.037125315548699689e+00,1.081906050851163675e-01
1.763579431999899387e+09,2.500655173444791268e-01,5.820005139038133546e-01,9.074444477106167195e-01,1.611897670012250261e+00,-2.038393974441685241e+00,1.089549591097646597e-01
1.763579432013588428e+09,2.484812948743991279e-01,5.815534540370731476e-01,9.069587542807401315e-01,1.616023949389079339e+00,-2.040384769960239986e+00,1.093908986216803880e-01
1.763579432027277231e+09,2.466374216270665332e-01,5.810821034344899605e-01,9.065624256491888744e-01,1.620100953415202438e+00,-2.043063827656780518e+00,1.094516263300707171e-01
1.763579432040966272e+09,2.445456707744286529e-01,5.805834955944462195e-01,9.062669601232952177e-01,1.624127187119776661e+00,-2.046368054722942365e+00,1.091202607806480845e-01
1.763579432054655075e+09,2.422300005809405188e-01,5.800646121692414336e-01,9.060705321792298372e-01,1.628106568811945820e+00,-2.050194322296869487e+00,1.084226277541709138e-01
1.763579432068343878e+09,2.397146785659272084e-01,5.795326409643166699e-01,9.059709473374041311e-01,1.632043466222101502e+00,-2.054438317608181741e+00,1.073856853036896652e-01
1.763579432082032919e+09,2.370255332578222185e-01,5.789940557387691644e-01,9.059654948506007388e-01,1.635941885773720017e+00,-2.058994702686615330e+00,1.060381067445021475e-01
1.763579432095721722e+09,2.341991727690353464e-01,5.784465598372597883e-01,9.060505872671282823e-01,1.639801345337166927e+00,-2.063758298833712868e+00,1.044119049882672318e-01
1.763579432109410763e+09,2.312776909368723655e-01,5.778832180944899477e-01,9.062220362894136683e-01,1.643619409158256106e+00,-2.068624292563614464e+00,1.025412971096725245e-01
1.763579432123099566e+09,2.283036048365380821e-01,5.772972927572347368e-01,9.064755469011809286e-01,1.647393415167038189e+00,-2.073486871843038148e+00,1.004606740518115965e-01
1.763579432136788368e+09,2.253141689368992340e-01,5.766795666651476360e-01,9.068094268405305636e-01,1.651119995329820567e+00,-2.078251510462751916e+00,9.820166443496670949e-02
1.763579432150477409e+09,2.223337728812996850e-01,5.760144945906564562e-01,9.072287549426277797e-01,1.654793215889497127e+00,-2.082850546390782487e+00,9.578934629153715297e-02
1.763579432164166212e+09,2.193837150430424932e-01,5.752852391862712800e-01,9.077400510096481634e-01,1.658406621756164601e+00,-2.087223490494314770e+00,9.324705920639825285e-02
1.763579432177855253e+09,2.164855975440321545e-01,5.744749527794760224e-01,9.083497945682038610e-01,1.661953825712820798e+00,-2.091308589274147423e+00,9.059842916986222960e-02
1.763579432191544056e+09,2.136572676219627986e-01,5.735694400098102497e-01,9.090623549774354828e-01,1.665432273755250714e+00,-2.095062887968886400e+00,8.786204962604218793e-02
1.763579432205232859e+09,2.109127228244793151e-01,5.725573877483621787e-01,9.098797905594829816e-01,1.668843545894199032e+00,-2.098462432829398594e+00,8.505146199896555792e-02
1.763579432218921900e+09,2.082656695285825532e-01,5.714274564521490962e-01,9.108041374280062552e-01,1.672189801142839105e+00,-2.101484517986436096e+00,8.217958566279652544e-02
1.763579432232610703e+09,2.057290127138513280e-01,5.701697859382903744e-01,9.118365819785939630e-01,1.675471883451602473e+00,-2.104110889191148637e+00,7.925963146010125970e-02
1.763579432246299744e+09,2.033101855375363809e-01,5.687812057309428182e-01,9.129745772714009666e-01,1.678686159998164396e+00,-2.106349168656505899e+00,7.630352210029883731e-02
1.763579432259988546e+09,2.010136571732566158e-01,5.672628951235372252e-01,9.142131007649630936e-01,1.681825644934410224e+00,-2.108221751124213394e+00,7.332341850941993810e-02
1.763579432273677349e+09,1.988442476591160413e-01,5.656151506726666556e-01,9.155476584716877309e-01,1.684884218987988014e+00,-2.109749263262704844e+00,7.033067471389432834e-02
1.763579432287366390e+09,1.968054208596023424e-01,5.638410347261864075e-01,9.169723003530207972e-01,1.687853053802182757e+00,-2.110954944868494998e+00,6.734112644646826629e-02
1.763579432301055193e+09,1.948984432042531745e-01,5.619485209660833869e-01,9.184786999045299050e-01,1.690718294647395981e+00,-2.111864391323954759e+00,6.437942373867033830e-02
1.763579432314744234e+09,1.931238644774601887e-01,5.599467871922939599e-01,9.200578202437459385e-01,1.693464978883906680e+00,-2.112504410564341129e+00,6.147252349994998533e-02
1.763579432328433037e+09,1.914821446227510660e-01,5.578450373920355032e-01,9.217010378094894207e-01,1.696078147524207047e+00,-2.112901476240032217e+00,5.864640685071135368e-02
1.763579432342121840e+09,1.899686024439180554e-01,5.556550094521102157e-01,9.234042451938146989e-01,1.698542743963662005e+00,-2.113083472340842039e+00,5.591819282971437211e-02
1.763579432355810881e+09,1.885725010123766865e-01,5.533913053632869561e-01,9.251691540473511166e-01,1.700843556054330907e+00,-2.113079490246797310e+00,5.329328472723429688e-02
1.763579432369499683e+09,1.872832940303013616e-01,5.510687242234786343e-01,9.269970329354586536e-01,1.702965248999631642e+00,-2.112918773750909640e+00,5.077809845954252971e-02
1.763579432383188725e+09,1.860895817873876590e-01,5.487007979187517037e-01,9.288926218218951369e-01,1.704892509979004434e+00,-2.112628903116247958e+00,4.837007041358846321e-02
1.763579432396877527e+09,1.849773353174459789e-01,5.462942356343433170e-01,9.308779737644340413e-01,1.706608981289343463e+00,-2.112227843936696825e+00,4.601994910325244575e-02
1.763579432410566330e+09,1.839310473214549047e-01,5.438523607201363186e-01,9.329835084157726000e-01,1.708098268712106460e+00,-2.111728976125297752e+00,4.365625915532723306e-02
1.763579432424255371e+09,1.829353337848253769e-01,5.413787477833817974e-01,9.352392631178213511e-01,1.709343413264204248e+00,-2.111146074288182906e+00,4.120850960232444460e-02
1.763579432437944174e+09,1.819728038542291759e-01,5.388707006468490546e-01,9.376799628216344606e-01,1.710344341214820929e+00,-2.110485801935256589e+00,3.859793379004913122e-02
1.763579432451632977e+09,1.810213458502578920e-01,5.363110321992594631e-01,9.403517089187043432e-01,1.711137288921611654e+00,-2.109739587010617257e+00,3.572614955649275337e-02
1.763579432465322018e+09,1.800584069295595169e-01,5.336809050021803502e-01,9.433011564548832162e-01,1.711764716745066695e+00,-2.108896366200144534e+00,3.249400044492323919e-02
1.763579432479010820e+09,1.790614995357366901e-01,5.309616118788881289e-01,9.465749550751199060e-01,1.712268544753109412e+00,-2.107945362275245760e+00,2.880223204755011021e-02
1.763579432492699862e+09,1.780161028072411999e-01,5.281508170498517840e-01,9.501890381553831366e-01,1.712696345242741724e+00,-2.106877372482319100e+00,2.460978365750784644e-02
1.763579432506388664e+09,1.769148644904790513e-01,5.252606029110893360e-01,9.541327180708742972e-01,1.713099133059460710e+00,-2.105685531469599692e+00,1.992585617269769169e-02
1.763579432520077467e+09,1.757501215590106525e-01,5.223030122859946278e-01,9.583952020991897136e-01,1.713529434834778042e+00,-2.104361845803995212e+00,1.475974144146908681e-02
1.763579432533766508e+09,1.745191241984829222e-01,5.192948300967739073e-01,9.629567094882267586e-01,1.714031899771982559e+00,-2.102906811654167818e+00,9.139680019999298077e-03
1.763579432547455311e+09,1.732387460877394258e-01,5.162713122137794208e-01,9.677614817138339154e-01,1.714621483393464318e+00,-2.101354435933910469e+00,3.169515398296532827e-03
1.763579432561144352e+09,1.719350420665193280e-01,5.132768019418187944e-01,9.727365582770063357e-01,1.715298774907218382e+00,-2.099754266076401255e+00,-3.010576834313016727e-03
1.763579432574833155e+09,1.706327274907110392e-01,5.103536859245098034e-01,9.778121202202956219e-01,1.716066713753731987e+00,-2.098153864816131531e+00,-9.267040001455050316e-03
1.763579432588521957e+09,1.693587346903810409e-01,5.075527221868986194e-01,9.829074698290938272e-01,1.716923836968520911e+00,-2.096601026196367457e+00,-1.544559458283195977e-02
1.763579432602210999e+09,1.681418166358767119e-01,5.049366073516546871e-01,9.879273952938444348e-01,1.717864546376187462e+00,-2.095140282650928665e+00,-2.136531703455315026e-02
1.763579432615899801e+09,1.670117590684015163e-01,5.025715009649813769e-01,9.927720136078905799e-01,1.718881333090648056e+00,-2.093816967854006172e+00,-2.683656487102999144e-02
1.763579432629588842e+09,1.659972157291749739e-01,5.005211665781418295e-01,9.973451722272043130e-01,1.719968823425745308e+00,-2.092673023980817781e+00,-3.167712430087563785e-02
1.763579432643277645e+09,1.651197980699614376e-01,4.988365528055059839e-01,1.001572244864895822e+00,1.721137138342105910e+00,-2.091719578971317439e+00,-3.575284964769433194e-02
1.763579432656966448e+09,1.643932320062700958e-01,4.975536437136177659e-01,1.005403117647945432e+00,1.722413039089181197e+00,-2.090935763911088152e+00,-3.898265571003359242e-02
1.763579432670655489e+09,1.638320846577655532e-01,4.967104348144936732e-01,1.008784947596106374e+00,1.723821966036032993e+00,-2.090302814559989564e+00,-4.128022951774524413e-02
1.763579432684344292e+09,1.634471221422195142e-01,4.963345059947865678e-01,1.011677469051437406e+00,1.725393409604200068e+00,-2.089796864426062051e+00,-4.258107662882350958e-02
1.763579432698033333e+09,1.632355443176891907e-01,4.964148534304530513e-01,1.014086079032498589e+00,1.727169127857477227e+00,-2.089381502233474741e+00,-4.289610394998836368e-02
1.763579432711722136e+09,1.631889581820356039e-01,4.969247305483281973e-01,1.016034769459823961e+00,1.729195997807043916e+00,-2.089014531149897103e+00,-4.226761689377261932e-02
1.763579432725410938e+09,1.632994450412294796e-01,4.978386364545376863e-01,1.017546104044375399e+00,1.731520688870654467e+00,-2.088654218269331064e+00,-4.073527039850687731e-02
1.763579432739099979e+09,1.635547854647314836e-01,4.991258531774168672e-01,1.018653023879149133e+00,1.734171685812506247e+00,-2.088268185273917776e+00,-3.835364509811756834e-02
1.763579432752788782e+09,1.639351821482832317e-01,5.007469672184364784e-01,1.019406523629488470e+00,1.737142989093052314e+00,-2.087841580419702137e+00,-3.520302568146867900e-02
1.763579432766477823e+09,1.644197383530902890e-01,5.026614556282738011e-01,1.019860064139328948e+00,1.740423852540199157e+00,-2.087362647211188360e+00,-3.136699291739206141e-02
1.763579432780166626e+09,1.649872987922714751e-01,5.048286217276183319e-01,1.020067262805561370e+00,1.744002322507291147e+00,-2.086820666643839139e+00,-2.692975366931835493e-02
1.763579432793855429e+09,1.656087876967095862e-01,5.072042834067014283e-01,1.020089087241542902e+00,1.747828968273742678e+00,-2.086245411898794977e+00,-2.198806312397115145e-02
1.763579432807544470e+09,1.662492183952850033e-01,5.097419382591671377e-01,1.019991631998758086e+00,1.751827222072901646e+00,-2.085696250312825573e+00,-1.664801758398916365e-02
1.763579432821233273e+09,1.668734946652989104e-01,5.123943926604123122e-01,1.019841577241448416e+00,1.755918603023246760e+00,-2.085233755598059346e+00,-1.101628968456204276e-02
1.763579432834922314e+09,1.674453497561610160e-01,5.151175231817735067e-01,1.019703711510559607e+00,1.760027124602921100e+00,-2.084920910302591857e+00,-5.202179312697779480e-03
1.763579432848611116e+09,1.679245838182841233e-01,5.178749130964932501e-01,1.019638580890691815e+00,1.764078664885876613e+00,-2.084833153158579755e+00,6.712946249104797137e-04
1.763579432862299919e+09,1.682691568078528155e-01,5.206347734764663615e-01,1.019703591939415066e+00,1.768003510486184204e+00,-2.085048359526147976e+00,6.478295062560683430e-03
1.763579432875988960e+09,1.684377696636549238e-01,5.233632354784046870e-01,1.019958034214063280e+00,1.771728202058614920e+00,-2.085646114811186447e+00,1.209157369317263864e-02
1.763579432889677763e+09,1.683849998178319485e-01,5.260436538673828322e-01,1.020443395429427413e+00,1.775215935751681906e+00,-2.086681742860468258e+00,1.740579286084189062e-02
1.763579432903366804e+09,1.680615320273386171e-01,5.286818132073070053e-01,1.021177572503702002e+00,1.778478771241853496e+00,-2.088176774837538829e+00,2.234707837148287510e-02
1.763579432917055607e+09,1.674159803620431097e-01,5.312868183530180533e-01,1.022175454855122068e+00,1.781535228591978548e+00,-2.090149406636503393e+00,2.684431006354597374e-02
1.763579432930744410e+09,1.664028426371304825e-01,5.338673172650574283e-01,1.023449696572299450e+00,1.784406625645514666e+00,-2.092610986762635239e+00,3.083138797883734281e-02
1.763579432944433451e+09,1.650118094973093696e-01,5.364330574936755358e-01,1.024993908749158633e+00,1.787143563287918013e+00,-2.095521567858295686e+00,3.427477339616796792e-02
1.763579432958122253e+09,1.632624593996823970e-01,5.389940518362186239e-01,1.026786227673378571e+00,1.789818341000853463e+00,-2.098799849551420404e+00,3.716872130163018789e-02
1.763579432971811295e+09,1.611698018928395537e-01,5.415605034488714109e-01,1.028806987050916000e+00,1.792502062894996362e+00,-2.102369426676693021e+00,3.950256959296911952e-02
1.763579432985500097e+09,1.587643483892113572e-01,5.441427088089144659e-01,1.031029455526688343e+00,1.795263258691977670e+00,-2.106143338708658774e+00,4.128841258815518084e-02
1.763579432999188900e+09,1.561141827871103116e-01,5.467518589733464385e-01,1.033410374803761522e+00,1.798158268547855210e+00,-2.110014776822343840e+00,4.259897558687927160e-02
1.763579433012877941e+09,1.533002879485276804e-01,5.493994236458374925e-01,1.035900711451719580e+00,1.801240381113517808e+00,-2.113869115167688051e+00,4.352699194862633819e-02
1.763579433026566744e+09,1.504022709076413278e-01,5.520966234697002317e-01,1.038452058689774749e+00,1.804562438417812942e+00,-2.117593018251767933e+00,4.416296165346933478e-02
1.763579433040255785e+09,1.474992498570389943e-01,5.548510923014119411e-01,1.041019033360697454e+00,1.808158649567749521e+00,-2.121091204821190956e+00,4.459721319763421121e-02
1.763579433053944588e+09,1.446689064190572194e-01,5.576643095757285451e-01,1.043561085406567113e+00,1.812033044407116655e+00,-2.124297353499662755e+00,4.491797310077572797e-02
1.763579433067633390e+09,1.419883665171453313e-01,5.605373695270744472e-01,1.046038390135562768e+00,1.816187779799364410e+00,-2.127147536674686812e+00,4.521297712458047929e-02
1.763579433081322432e+09,1.395322557142696651e-01,5.634702975939048786e-01,1.048413140234149443e+00,1.820622530588816623e+00,-2.129582009839670498e+00,4.556672570154076535e-02
1.763579433095011234e+09,1.373406031626395185e-01,5.664491128615897209e-01,1.050674884364867445e+00,1.825309855632384348e+00,-2.131591671095290241e+00,4.601848254731562282e-02
1.763579433108700275e+09,1.354309440442607315e-01,5.694512312955384292e-01,1.052830870638533645e+00,1.830205268886623493e+00,-2.133200358866227386e+00,4.657870530783350671e-02
1.763579433122389078e+09,1.338212661787785140e-01,5.724537034976835415e-01,1.054888256003273517e+00,1.835263783621565503e+00,-2.134431603659357801e+00,4.725776339016070360e-02
1.763579433136077881e+09,1.325211386185430884e-01,5.754346354910711003e-01,1.056856919483112556e+00,1.840440529124711011e+00,-2.135315960845615813e+00,4.806093298325216090e-02
1.763579433149766922e+09,1.315142087064566090e-01,5.783747753669447045e-01,1.058755512576589952e+00,1.845689871831431850e+00,-2.135905150348366810e+00,4.897649382532107826e-02
1.763579433163455725e+09,1.307770454767709645e-01,5.812555833974414332e-01,1.060604475294729676e+00,1.850965972027456274e+00,-2.136257041293593506e+00,4.998884778052025551e-02
1.763579433177144766e+09,1.302864883971048549e-01,5.840585779624648533e-01,1.062424786678334954e+00,1.856223155370681610e+00,-2.136428835382898406e+00,5.108182360796177657e-02
1.763579433190833569e+09,1.300267727231353976e-01,5.867656247540586900e-01,1.064228271404304094e+00,1.861418781881187590e+00,-2.136477318825432459e+00,5.225437380349170352e-02
1.763579433204522371e+09,1.299918206829131506e-01,5.893592834455421148e-01,1.066016302722017750e+00,1.866514809034414357e+00,-2.136457277084378159e+00,5.352316101146536997e-02
1.763579433218211412e+09,1.301756912408953137e-01,5.918221172690127929e-01,1.067789329332976100e+00,1.871473012276254178e+00,-2.136424579161726900e+00,5.490661893361031831e-02
1.763579433231900215e+09,1.305779008851055967e-01,5.941369046654123576e-01,1.069545881264008180e+00,1.876257498940920865e+00,-2.136429127382210247e+00,5.642463543671041165e-02
1.763579433245589256e+09,1.312323872625646703e-01,5.962882870045144168e-01,1.071271901922893344e+00,1.880843916915992731e+00,-2.136489074212737371e+00,5.810917188999621674e-02
1.763579433259278059e+09,1.321941913037252836e-01,5.982620952237222012e-01,1.072945457769897804e+00,1.885217183813932218e+00,-2.136600673285795171e+00,5.999925085148150733e-02
1.763579433272966862e+09,1.335179544541656438e-01,6.000438775299397065e-01,1.074544927372118375e+00,1.889359054648003688e+00,-2.136763296756335251e+00,6.213382077496100442e-02
1.763579433286655903e+09,1.352449423578894194e-01,6.016213400898345887e-01,1.076052896592441410e+00,1.893270119396957218e+00,-2.136969466978702048e+00,6.454737187282917621e-02
1.763579433300344706e+09,1.373792572222713726e-01,6.029871188530087078e-01,1.077463758317701581e+00,1.896993505779772660e+00,-2.137200344246086292e+00,6.726147076350746934e-02
1.763579433314033508e+09,1.399159405078974905e-01,6.041352726153640385e-01,1.078774868439211332e+00,1.900584640151660620e+00,-2.137433172163529349e+00,7.029494860000376488e-02
1.763579433327722549e+09,1.428493924044658137e-01,6.050600571124576943e-01,1.079983804823404503e+00,1.904098041641038241e+00,-2.137645809138318587e+00,7.366580216705823081e-02
1.763579433341411352e+09,1.461357847837995994e-01,6.057650003409521533e-01,1.081099538605453159e+00,1.907606459489378237e+00,-2.137813491846631386e+00,7.737019128485402020e-02
1.763579433355100393e+09,1.496801318163478167e-01,6.062662933281534050e-01,1.082146658849218568e+00,1.911206555433849541e+00,-2.137908569167903838e+00,8.137450951663491305e-02
1.763579433368789196e+09,1.533864023160667889e-01,6.065802723557373044e-01,1.083149901351768252e+00,1.914995314952402161e+00,-2.137903235993148243e+00,8.564461798736593134e-02
1.763579433382477999e+09,1.571583670418666978e-01,6.067234398546726970e-01,1.084135269112919575e+00,1.919068087411586854e+00,-2.137770161345172504e+00,9.013832768829302400e-02
1.763579433396167040e+09,1.609112052202441023e-01,6.067094861508720571e-01,1.085134114734309430e+00,1.923500355702478126e+00,-2.137485863413338016e+00,9.475667558968130233e-02
1.763579433409855843e+09,1.645653728982501562e-01,6.065510779369026606e-01,1.086180686057814926e+00,1.928356369257927749e+00,-2.137029250591230500e+00,9.936963159202698292e-02
1.763579433423544884e+09,1.680410285821530569e-01,6.062603473250711694e-01,1.087309622137422771e+00,1.933702330890566312e+00,-2.136378497366720808e+00,1.038477819675939495e-01
1.763579433437233686e+09,1.712733281594017165e-01,6.058596377892083717e-01,1.088547258336772350e+00,1.939577517230756776e+00,-2.135519321246479141e+00,1.080636669320955562e-01
1.763579433450922489e+09,1.742381640649764418e-01,6.053972602125413660e-01,1.089899089245738972e+00,1.945955669348931050e+00,-2.134453237340865339e+00,1.118933505260093358e-01
1.763579433464611530e+09,1.769193466324914255e-01,6.049276383509022414e-01,1.091365506638415361e+00,1.952793580997066014e+00,-2.133188464370921800e+00,1.152169455912351731e-01
1.763579433478300333e+09,1.793007013881329492e-01,6.045043837202163095e-01,1.092947552477215423e+00,1.960050650770544634e+00,-2.131730564304207931e+00,1.179119517676995854e-01
1.763579433491989374e+09,1.813491782459145385e-01,6.041858215353113071e-01,1.094637994861939356e+00,1.967645518627815893e+00,-2.130139951740387172e+00,1.199162060613395003e-01
1.763579433505678177e+09,1.830160439780988690e-01,6.040332479282729539e-01,1.096422036596940819e+00,1.975459469495201237e+00,-2.128527101925715925e+00,1.212241819037683382e-01
1.763579433519366980e+09,1.842499440991755000e-01,6.041096912226090465e-01,1.098284263200047350e+00,1.983370085316552567e+00,-2.127008211570556639e+00,1.218342969757407607e-01
1.763579433533056021e+09,1.850090238918322139e-01,6.044713831616693733e-01,1.100208615912072307e+00,1.991256303123352334e+00,-2.125693311451316792e+00,1.217511467334713299e-01
1.763579433546744823e+09,1.852909758755529324e-01,6.051490085110690087e-01,1.102174323920090071e+00,1.998992820718971331e+00,-2.124676920169279004e+00,1.210111611908459561e-01
1.763579433560433865e+09,1.851166521575844937e-01,6.061566089970958915e-01,1.104158692568487421e+00,2.006456401646679488e+00,-2.124040174097866718e+00,1.196687905409519748e-01
1.763579433574122667e+09,1.845022921346158862e-01,6.075132456328798947e-01,1.106138825826413763e+00,2.013519869243863614e+00,-2.123870489148089735e+00,1.177746465612787841e-01
1.763579433587811470e+09,1.834799526119703927e-01,6.092118594291308087e-01,1.108094392082890733e+00,2.020084594163825908e+00,-2.124216002109744927e+00,1.153956647419714932e-01
1.763579433601500511e+09,1.821062055815559355e-01,6.112006027083844995e-01,1.110010137054366686e+00,2.026105260205252279e+00,-2.125054294346364170e+00,1.126251265954380659e-01
1.763579433615189314e+09,1.804439724966850345e-01,6.134169450186515160e-01,1.111871590750017846e+00,2.031546347544865405e+00,-2.126347816982763206e+00,1.095633829162090817e-01
1.763579433628878355e+09,1.785554996842892983e-01,6.157999083844672983e-01,1.113664533174525850e+00,2.036376656010307151e+00,-2.128057327327106396e+00,1.063085578377776369e-01
1.763579433642567158e+09,1.765137638533761655e-01,6.182797657623030352e-01,1.115374804657886632e+00,2.040614873000875296e+00,-2.130097238814419480e+00,1.029575726255862050e-01
1.763579433656255960e+09,1.743997150269755991e-01,6.207813406675035672e-01,1.116989147350843092e+00,2.044328981757278285e+00,-2.132340295870923885e+00,9.960286859486296163e-02
1.763579433669945002e+09,1.722953316215828923e-01,6.232281273997697379e-01,1.118493608318077870e+00,2.047583586023981717e+00,-2.134659583600841515e+00,9.633913385757056358e-02
1.763579433683633804e+09,1.702658159137995508e-01,6.255617070927665946e-01,1.119882638506427330e+00,2.050455616315625562e+00,-2.136948206556926522e+00,9.323702039185330359e-02
1.763579433697322845e+09,1.683032316551660301e-01,6.278016294716184387e-01,1.121186370509682728e+00,2.053062503691049479e+00,-2.139194624823669066e+00,9.026632814747662104e-02
1.763579433711011648e+09,1.663736360755474764e-01,6.299952390113948697e-01,1.122447690309509749e+00,2.055537210967137707e+00,-2.141420471716930951e+00,8.736064680937787041e-02
