# t,tx,ty,tz,rx,ry,rz
1.763579365280213833e+09,3.200111201436425801e-01,-3.571596108683441351e-01,1.842579532755070915e+00,1.845716880734081133e+00,-2.468817063809091827e+00,-1.391571268016180384e-02
1.763579365320213795e+09,3.200111201436425801e-01,-3.571596108683441351e-01,1.842579532755070915e+00,1.845716880734081133e+00,-2.468817063809091827e+00,-1.391571268016180384e-02
1.763579365370402098e+09,2.918271800386793569e-01,-3.660681073230135363e-01,1.814432656674783040e+00,1.844179302685043931e+00,-2.455689143148955367e+00,-1.491760748006130261e-02
1.763579365470436573e+09,2.719937857089109179e-01,-4.073978111157867676e-01,1.768487801835945561e+00,1.857512708753320307e+00,-2.446740267450858930e+00,-2.975422577666157753e-02
1.763579365520395994e+09,2.412926394999784230e-01,-4.582883282869253949e-01,1.757312434252426669e+00,1.852297525332196493e+00,-2.420778434771362342e+00,-2.565191781286278380e-02
1.763579365570331335e+09,2.605662528816126700e-01,-4.404645234686185851e-01,1.735683117097282402e+00,1.873208742770890778e+00,-2.422455004793580002e+00,-9.155704190764795206e-03
1.763579365620255947e+09,3.251567326639167588e-01,-4.159342675876669948e-01,1.748298841456403130e+00,1.910724575610416309e+00,-2.437754429257864341e+00,-1.481781057206748263e-02
1.763579365670621872e+09,2.654576741530782491e-01,-4.676639461232781070e-01,1.686293259747979389e+00,1.888648059942126256e+00,-2.391779172954034305e+00,-3.787304351728436325e-02
1.763579365720834494e+09,2.623099620051720926e-01,-4.368955770280395501e-01,1.683056308676522006e+00,1.914107288903977633e+00,-2.385516086338201447e+00,-1.752477073559827528e-02
1.763579365770913363e+09,2.948226762608711637e-01,-4.348242008802375436e-01,1.669442307285663896e+00,1.943279554333164683e+00,-2.393327924488694247e+00,-2.944891883165369484e-02
1.763579365820717573e+09,2.934099926119524415e-01,-4.674364981229162663e-01,1.631479504515717105e+00,1.945485144312886217e+00,-2.394998861145145597e+00,-5.486983439508894000e-02
1.763579365870564461e+09,2.169710213498456663e-01,-4.790197768729913541e-01,1.618317610867154865e+00,1.927671847660613391e+00,-2.383834290084251517e+00,-2.119545999391704572e-02
1.763579365920380831e+09,2.507169891121541205e-01,-5.078941764030120432e-01,1.578136472649439570e+00,1.953138556966355077e+00,-2.375773824647066768e+00,-6.555082271100728941e-02
1.763579365970483065e+09,2.376857051239450458e-01,-4.711789659377347839e-01,1.602647831104927700e+00,1.977834686303967526e+00,-2.371349049602748504e+00,-2.392994785591541843e-02
1.763579366020317793e+09,2.711656341812762605e-01,-4.562458739484144266e-01,1.574853436173015986e+00,2.001964359810545879e+00,-2.369673175909216223e+00,-4.632882968589916578e-02
1.763579366070366383e+09,2.187470244846084766e-01,-4.492760417032193865e-01,1.549826818779327153e+00,1.988777275655351895e+00,-2.341143937245861562e+00,-3.588147039177792819e-02
1.763579366120446444e+09,1.930704266006207093e-01,-4.064539490943927524e-01,1.553979969957867802e+00,1.996477212207794505e+00,-2.335776194040314113e+00,-2.077182174673747675e-02
1.763579366170426369e+09,1.840428770792460478e-01,-3.712962217611597837e-01,1.542692327672940511e+00,2.006741797217968859e+00,-2.341174971361733359e+00,-3.001916701544952992e-02
1.763579366220409870e+09,1.753092365409347209e-01,-3.591196082942242351e-01,1.513664635525967306e+00,2.021869675344134976e+00,-2.338155588573313626e+00,-5.453035380783601005e-02
1.763579366270286560e+09,1.324259425574185467e-01,-3.550671022722962644e-01,1.500389900650342057e+00,2.025960944954569687e+00,-2.329510079384159660e+00,-5.291463079092988825e-02
1.763579366320334435e+09,1.158552028597739647e-01,-3.397377894920858288e-01,1.495395722057477839e+00,2.044055683504081067e+00,-2.330257735129823704e+00,-5.060480850605919567e-02
1.763579366370191574e+09,1.066830621970359522e-01,-3.454570436439420300e-01,1.476495819796097342e+00,2.057851272703950407e+00,-2.318592760255376639e+00,-6.460116748106407847e-02
1.763579366420135498e+09,1.201913222614384436e-01,-3.276694392431198088e-01,1.470013634415405113e+00,2.091139846327928709e+00,-2.310341277424638573e+00,-6.784017784889248559e-02
1.763579366470158339e+09,1.217584658991887198e-01,-3.158088414045987502e-01,1.445022460675676079e+00,2.108488620861000751e+00,-2.291481244496778036e+00,-6.899622665326610171e-02
1.763579366520386934e+09,1.289975909108032892e-01,-2.742460171752987286e-01,1.450093445232496947e+00,2.131197066112200389e+00,-2.281964389027711260e+00,-3.867233331798645285e-02
1.763579366570447206e+09,1.366897967942393988e-01,-2.458281303448755784e-01,1.428996483435066800e+00,2.141306998788037763e+00,-2.254450116618813116e+00,-2.456972388639985100e-02
1.763579366620527267e+09,1.820999858784650705e-01,-2.016343676978184229e-01,1.413255528872752853e+00,2.170577757977119493e+00,-2.235169581410420214e+00,-2.916488239392294249e-02
1.763579366670537472e+09,1.976861270248498614e-01,-1.457556462354420157e-01,1.403841136111008581e+00,2.184434883356207724e+00,-2.218530786083353412e+00,-1.610549860963132740e-02
1.763579366720373154e+09,7.154113493774126586e-02,4.571040478551674502e-01,1.402904699191142690e+00,2.064934696405754444e+00,-2.076521254154464202e+00,4.909263891395818646e-01
1.763579366770218372e+09,7.597156219117996712e-02,4.324837509736941255e-01,1.383930654884067968e+00,2.088183566470315888e+00,-2.100295119124395260e+00,4.501353925676120360e-01
1.763579366820035458e+09,8.620534807575111480e-02,4.050678282319108980e-01,1.370125922561388654e+00,2.111059100745542594e+00,-2.107715210268687134e+00,4.074640967758604293e-01
1.763579366870410681e+09,8.564973251348885486e-02,3.866447665238404441e-01,1.357181925410377854e+00,2.139274079877196755e+00,-2.092358273668709856e+00,3.871274733545046476e-01
1.763579366920576334e+09,9.055457051605284025e-02,3.664412677659242834e-01,1.346759971414664081e+00,2.164018486086431547e+00,-2.072303608159886235e+00,3.619522769542981577e-01
1.763579366970463037e+09,1.017161742397001273e-01,3.464285315833325885e-01,1.338957420621155636e+00,2.182877207159915844e+00,-2.044856621449486322e+00,3.371084474210163662e-01
1.763579367020390034e+09,1.041680525117199690e-01,3.057214026427941267e-01,1.332985147566171813e+00,2.218508951236511706e+00,-2.024216110000136126e+00,3.034391940765820972e-01
1.763579367070310831e+09,1.090187900076345362e-01,2.701812487692545339e-01,1.321794667617428365e+00,2.250237728361297318e+00,-2.008630497164674011e+00,2.551018649772284763e-01
1.763579367120308876e+09,9.142747640824350208e-02,2.779407280431407945e-01,1.303033112328654930e+00,2.259632393786329185e+00,-1.998353318885004892e+00,2.394099537234249675e-01
1.763579367170346737e+09,8.729786941565530201e-02,2.728611996901776915e-01,1.287297398860280717e+00,2.268550186114099088e+00,-1.986613412407296053e+00,2.076006593936677858e-01
1.763579367220308304e+09,8.639740221796282649e-02,2.438544931732501975e-01,1.276538572583188591e+00,2.296712757334119726e+00,-1.972072164055621357e+00,1.731440393183617532e-01
1.763579367270357847e+09,9.032613331114834609e-02,2.332270869994344242e-01,1.265357895347233974e+00,2.331375576070019218e+00,-1.935401537416925999e+00,1.680999367554270874e-01
1.763579367320531368e+09,9.442874516700990040e-02,2.168350875357742402e-01,1.253750477898962545e+00,2.378028501773197245e+00,-1.901548797574047045e+00,1.682296426353668273e-01
1.763579367370966673e+09,9.042411810036043995e-02,2.241577582318922679e-01,1.238181242003918436e+00,2.399128858973804235e+00,-1.890594817419583018e+00,1.837408258190936783e-01
1.763579367421078205e+09,1.013124501092803609e-01,2.306588772479268301e-01,1.224195107467231924e+00,2.399524989552938692e+00,-1.897910631284839056e+00,1.897265877729152894e-01
1.763579367470889568e+09,1.092210048388605470e-01,2.206551663701528387e-01,1.211815879800266282e+00,2.411314791657539480e+00,-1.908365376724904694e+00,1.937852153858533599e-01
1.763579367520624876e+09,1.203404184796196957e-01,2.097946257278705817e-01,1.200455619035697419e+00,2.422283096952579040e+00,-1.916152764024787514e+00,1.927175066325980679e-01
1.763579367570589066e+09,1.262878350995334242e-01,2.047583887290515547e-01,1.189219343731408696e+00,2.426759840139836033e+00,-1.926916981519560590e+00,1.922960781185237000e-01
1.763579367620464325e+09,1.314279107963023385e-01,1.939951161490255926e-01,1.179655473817560640e+00,2.425884855712384880e+00,-1.936948420542972560e+00,1.864775214761467403e-01
1.763579367670187235e+09,1.343797378980219337e-01,1.680231244207388841e-01,1.170185208138236677e+00,2.419114781906285039e+00,-1.947483553137930867e+00,1.591360050297591366e-01
1.763579367720063210e+09,1.124701396811095960e-01,1.512399118224910799e-01,1.161023657204141912e+00,2.397135744190962647e+00,-1.964316646952893208e+00,1.454320483964328392e-01
1.763579367770251274e+09,9.739004340666367054e-02,1.148554393106255428e-01,1.150138259854437406e+00,2.381101233183696930e+00,-1.979312441821802215e+00,9.894578292731905089e-02
1.763579367820380211e+09,5.072559036757232770e-02,9.928305825884453650e-02,1.144957170559006920e+00,2.367725446799652911e+00,-1.981849983779088609e+00,9.707752160193422464e-02
1.763579367870351076e+09,3.097720231372943361e-03,6.163604374808142466e-02,1.137092839170597225e+00,2.367947686362521065e+00,-1.985926905610631010e+00,8.010120972415024632e-02
1.763579367920300245e+09,-4.501234776602014431e-02,1.411193668754967198e-02,1.125694216288297689e+00,2.376211124006009090e+00,-1.994636817466586054e+00,6.093475079348147777e-02
1.763579367970771313e+09,-9.069437014017589505e-02,-3.058901553893475945e-03,1.118936903022573315e+00,2.371852779072827655e+00,-2.000410631826514685e+00,6.728653813766083402e-02
1.763579368020950317e+09,-1.244925613233751616e-01,-1.285337439098182578e-02,1.109073999776508446e+00,2.370733363043199038e+00,-2.010078867283424664e+00,6.576655878766837771e-02
1.763579368070759535e+09,-1.505691769143402969e-01,-7.910042394309695080e-03,1.099270428353774420e+00,2.369597683113941144e+00,-2.020407661687800172e+00,6.669345035611526362e-02
1.763579368120373964e+09,-1.678392980596960515e-01,2.682622805852120235e-03,1.088837336170437098e+00,2.370593050416721859e+00,-2.032131074379538660e+00,6.700575302198930050e-02
1.763579368170202971e+09,-1.795764703392790096e-01,2.207789176334248177e-02,1.079004562882646123e+00,2.366993954773190190e+00,-2.047153907528397543e+00,6.879878325070294676e-02
1.763579368220208406e+09,-1.874313466445638177e-01,4.027649745284519328e-02,1.068748738644873519e+00,2.365721348872928953e+00,-2.063864481109259241e+00,6.812658091342209399e-02
1.763579368270441771e+09,-1.901923711434094777e-01,5.530442988557705830e-02,1.059342399707861260e+00,2.354293622586311585e+00,-2.066793803709088273e+00,6.357447125812133726e-02
1.763579368320573807e+09,-1.916407808764882537e-01,6.983509297920763303e-02,1.051428038678956733e+00,2.344036809316209169e+00,-2.064779632541509091e+00,6.004353241233349042e-02
1.763579368370497942e+09,-1.901170249975767113e-01,7.788094533903187899e-02,1.044178339184665072e+00,2.336743671655690413e+00,-2.057082314613087881e+00,5.204518791729932647e-02
1.763579368420432806e+09,-1.853324503168289061e-01,8.479820036131072158e-02,1.038701260529387715e+00,2.333288284211672003e+00,-2.047515147258951451e+00,4.529847366815703547e-02
1.763579368470266104e+09,-1.814124730682365461e-01,8.655044775172802962e-02,1.033989838383154281e+00,2.327265530390714154e+00,-2.041279507945466865e+00,3.788616652829603082e-02
1.763579368520196676e+09,-1.764282523653286638e-01,8.417567116469092114e-02,1.030411422464448723e+00,2.321701455843330208e+00,-2.037525243153794907e+00,2.670419226519441663e-02
1.763579368570238113e+09,-1.721754035865631638e-01,8.011815109491925158e-02,1.025771147416331130e+00,2.318153341926215472e+00,-2.029385741078804539e+00,1.693317334548462977e-02
1.763579368620239019e+09,-1.659573430757765589e-01,7.907635128961512661e-02,1.021865602853754051e+00,2.319347875223610078e+00,-2.019494785321736430e+00,7.848706364036259903e-03
1.763579368670210361e+09,-1.595460651388702356e-01,7.360320043559649694e-02,1.017312646847733371e+00,2.322652762886561195e+00,-2.005923612208313500e+00,-1.355765034567697107e-03
1.763579368720150948e+09,-1.547521255620480096e-01,6.559314171455460363e-02,1.011734888981598246e+00,2.323633359211905614e+00,-1.994379655460326362e+00,-9.204321454304942307e-03
1.763579368770228863e+09,-1.491510087196563639e-01,5.429024885086254637e-02,1.006236041739688947e+00,2.328790081823483682e+00,-1.981829332810956190e+00,-1.398170915068135990e-02
1.763579368820343494e+09,-1.422241416513000956e-01,3.566134944296004555e-02,9.987085931137471562e-01,2.333605515584840528e+00,-1.967363086959038831e+00,-1.921404030474132413e-02
1.763579368870625257e+09,-1.376300825061126942e-01,1.454120595892617607e-02,9.896923725665150995e-01,2.334028757402620613e+00,-1.957931353661171325e+00,-1.972181766462778249e-02
1.763579368920689344e+09,-1.316501630030534609e-01,-5.058823666779129792e-03,9.813770984304287515e-01,2.333692142778767131e+00,-1.955473749870087374e+00,-1.772843708278027883e-02
1.763579368970353603e+09,-1.245904831661744511e-01,-2.181956126866638895e-02,9.718951212606288248e-01,2.333481206046057466e+00,-1.951656588209021104e+00,-1.752920351545183414e-02
1.763579369020237446e+09,-1.145858041899434770e-01,-3.226267164136135263e-02,9.612037561623451021e-01,2.331959357262508803e+00,-1.943086494254712804e+00,-2.228057778416096466e-02
1.763579369070135593e+09,-1.026067068890082479e-01,-3.486300008021907260e-02,9.506307957873613157e-01,2.327126566304431154e+00,-1.935390055601074799e+00,-2.694375200380516588e-02
1.763579369120148182e+09,-8.827241442239409930e-02,-3.754180181788244197e-02,9.396300944151569912e-01,2.322045805320627210e+00,-1.926148581238311897e+00,-2.815987778114815293e-02
1.763579369170307159e+09,-7.496852422870668720e-02,-4.335749986939681222e-02,9.289159812063181310e-01,2.313696208103248164e+00,-1.922843183225458441e+00,-2.985839378869441924e-02
1.763579369220416546e+09,-6.935564983776361381e-02,-4.688278833085718356e-02,9.189850179678659137e-01,2.308921106724693750e+00,-1.918815304038207437e+00,-3.514769103047193227e-02
1.763579369270500422e+09,-6.717449415517307010e-02,-4.270057619651342756e-02,9.106090514540622349e-01,2.309455403802211926e+00,-1.908946826008002251e+00,-4.800834109424669677e-02
1.763579369320396900e+09,-6.534201601687317229e-02,-3.400599255769214124e-02,9.033842860317312651e-01,2.310811258713714178e+00,-1.897388744388310622e+00,-6.235340629686739189e-02
1.763579369370123148e+09,-6.448712925464013257e-02,-2.986480090449336947e-02,8.967101905900478620e-01,2.306971849119763718e+00,-1.895815161492248491e+00,-7.499824756412618032e-02
1.763579369420495987e+09,-6.753549536084967053e-02,-3.516610677388237044e-02,8.884228416589291522e-01,2.301063855990995055e+00,-1.898688846813168185e+00,-8.501858463257387644e-02
1.763579369470628500e+09,-7.054534250257932237e-02,-4.479154572251646538e-02,8.806732941249210134e-01,2.300596840588115199e+00,-1.900645650207558601e+00,-9.370557388303137059e-02
1.763579369520563126e+09,-7.466479917070679984e-02,-5.458233412465635787e-02,8.730552204633638125e-01,2.302581384318364233e+00,-1.899082489462022183e+00,-1.012198067316243399e-01
1.763579369570714951e+09,-7.894280960829107296e-02,-6.008657336863108822e-02,8.663369408852105158e-01,2.305257117262658362e+00,-1.895449160051746462e+00,-1.080454156210797351e-01
1.763579369620879173e+09,-8.062343587698467262e-02,-6.481896052433089306e-02,8.591353073952981978e-01,2.306191606100524982e+00,-1.887100097897655093e+00,-1.199426970047943047e-01
1.763579369671507359e+09,-8.147794967421986834e-02,-6.569386862344810118e-02,8.527587667447589226e-01,2.305730514216400184e+00,-1.880818560655349136e+00,-1.306590174033374074e-01
1.763579369721853733e+09,-7.919055143797504304e-02,-6.530676662586072656e-02,8.473687692975140351e-01,2.301879718543005993e+00,-1.878026658589661446e+00,-1.445288747161286858e-01
1.763579369771796703e+09,-7.492976613176584311e-02,-6.674351645102340191e-02,8.412010573487306297e-01,2.294620220755666740e+00,-1.875013429565933754e+00,-1.594859506842546681e-01
1.763579369821397305e+09,-6.904319057327953923e-02,-6.647612648819239967e-02,8.355302100821070388e-01,2.286218449349673332e+00,-1.868436688038047633e+00,-1.747590276401013443e-01
1.763579369871046066e+09,-5.687926578147087242e-02,-6.712395330271746230e-02,8.300950418224252170e-01,2.281197086201959490e+00,-1.851127264770205949e+00,-1.920264091567149001e-01
1.763579369921058416e+09,-4.419292099373564597e-02,-7.017728779033981235e-02,8.248708172070607914e-01,2.274452108823303842e+00,-1.832235183160827674e+00,-2.053154181528356881e-01
1.763579369971235037e+09,-3.347328614698980020e-02,-7.653411512310574760e-02,8.203586642052569378e-01,2.263136064734479813e+00,-1.818736604675145196e+00,-2.244295036646029862e-01
1.763579370021783113e+09,-2.433190975748116686e-02,-8.314025877956018884e-02,8.173727536096681012e-01,2.250445702150359217e+00,-1.808221481966124866e+00,-2.482990319195442774e-01
1.763579370071857452e+09,-1.696540144177218976e-02,-8.911371652688582223e-02,8.153965933795181975e-01,2.236054655030134786e+00,-1.796904806566908208e+00,-2.740960235434907744e-01
1.763579370121532679e+09,-1.074308716854085327e-02,-9.511410445337227515e-02,8.142782830567788510e-01,2.220727741560232449e+00,-1.785447072224831899e+00,-3.039452659801049061e-01
1.763579370171114206e+09,-4.539712023863971130e-03,-1.030247422619131742e-01,8.127921692755596395e-01,2.204540027039477046e+00,-1.775952372714097116e+00,-3.354845540848805929e-01
1.763579370221231222e+09,6.101588449532448395e-03,-1.143418840834194983e-01,8.100179728626077935e-01,2.193867712925029689e+00,-1.761680511403483917e+00,-3.647326525141075804e-01
1.763579370271299601e+09,6.514004969195999820e-03,-1.250070585688998204e-01,8.017548317567573246e-01,2.185225095348227509e+00,-1.739259910723663705e+00,-3.673602136677614483e-01
1.763579370321427345e+09,8.848982759444838642e-03,-1.387253347359334033e-01,7.921936484831453296e-01,2.183969952103070433e+00,-1.717377680451259048e+00,-3.639634514433013890e-01
1.763579370371481419e+09,8.647186288512850177e-03,-1.541044935170327590e-01,7.808205573361481910e-01,2.186087540443121924e+00,-1.701255992987418031e+00,-3.540741470333908514e-01
1.763579370421402931e+09,7.769327415886553845e-03,-1.676539426097056196e-01,7.721557033690779059e-01,2.186917628328842955e+00,-1.692647517414439973e+00,-3.518823844281954716e-01
1.763579370471239328e+09,7.551663882753308077e-03,-1.769217202663002919e-01,7.664821040823507348e-01,2.183574468603219465e+00,-1.688246227489301976e+00,-3.613056572884756901e-01
1.763579370521259308e+09,8.639304127288924620e-03,-1.841303466104336761e-01,7.614333641916495310e-01,2.179004477538790674e+00,-1.679224809166727894e+00,-3.732569188800746174e-01
1.763579370571396589e+09,1.049740035461985653e-02,-1.923094763504621385e-01,7.544388825805486976e-01,2.175757215983419979e+00,-1.668638424178946922e+00,-3.771211986870500743e-01
1.763579370621500254e+09,1.164790497478245326e-02,-2.014719575089604919e-01,7.454265943468332267e-01,2.171425563935605041e+00,-1.663442836515393486e+00,-3.681041441379945822e-01
1.763579370671465635e+09,1.299934337365587361e-02,-2.122104097266649669e-01,7.342182774223232622e-01,2.163856646281700158e+00,-1.664225597721457062e+00,-3.537261159491313367e-01
1.763579370721365929e+09,1.442170690022796103e-02,-2.220370396512104383e-01,7.237196266930204791e-01,2.156961155688902121e+00,-1.668831086563566268e+00,-3.433944396825160950e-01
1.763579370771542072e+09,1.497233859702581070e-02,-2.297619672437835048e-01,7.147420139105212789e-01,2.150791405423151392e+00,-1.673348136107321693e+00,-3.418400220358497887e-01
1.763579370821755409e+09,1.557361689416950079e-02,-2.346925906096826719e-01,7.077135291982569187e-01,2.145730038662793326e+00,-1.671744937281179899e+00,-3.492454173537838380e-01
1.763579370871816874e+09,1.599052868309212144e-02,-2.385289260528649369e-01,7.015691061224001990e-01,2.142804423123907842e+00,-1.662667840154322452e+00,-3.637152167739735042e-01
1.763579370921679258e+09,1.581356865463429476e-02,-2.419648664528263604e-01,6.977924003356303917e-01,2.143954830716630511e+00,-1.652438464150389308e+00,-3.783755086578674542e-01
1.763579370971390724e+09,1.589018765369812694e-02,-2.475524818350420264e-01,6.932933691018451361e-01,2.147867442130916960e+00,-1.642148258097698710e+00,-3.867706855294330559e-01
1.763579371021122456e+09,1.666825563603165083e-02,-2.536469138465229367e-01,6.889520679689921101e-01,2.152613255179098850e+00,-1.630081285285356563e+00,-3.921329325002912980e-01
1.763579371071388483e+09,1.888472985022514664e-02,-2.592786007002070847e-01,6.847151868532591612e-01,2.158091115951196404e+00,-1.612579397898469269e+00,-3.940210628743550103e-01
1.763579371121499777e+09,2.166647226194694936e-02,-2.651851277134049667e-01,6.803242550692549795e-01,2.167965900912519395e+00,-1.589456582828608910e+00,-3.904629658398380276e-01
1.763579371171456814e+09,2.263432473057156585e-02,-2.726712223882184483e-01,6.752098092701650511e-01,2.179922311228492227e+00,-1.573207098371351531e+00,-3.823308639487650318e-01
1.763579371221289635e+09,2.160020971257893205e-02,-2.821244122000071686e-01,6.700230037179812914e-01,2.191746011473392652e+00,-1.566437257338693101e+00,-3.757206447207453448e-01
1.763579371271729946e+09,1.740990650217663638e-02,-2.918172622309048170e-01,6.668254176725262328e-01,2.198770395613866668e+00,-1.572932845018716330e+00,-3.779522283885847767e-01
1.763579371322335482e+09,9.898008113180681647e-03,-3.000844299969555040e-01,6.658311274271986324e-01,2.195185104763595962e+00,-1.594003729849298834e+00,-3.919046704136077142e-01
1.763579371373356581e+09,2.716364936044788746e-03,-3.058671706587767769e-01,6.671539209056720487e-01,2.181057004174300928e+00,-1.622535398731443923e+00,-4.109875452453575773e-01
1.763579371423836946e+09,-2.229969506671383283e-03,-3.100323629087974320e-01,6.692146453252799665e-01,2.159277874656914786e+00,-1.653983163469642470e+00,-4.301226860730327228e-01
1.763579371473369122e+09,-4.794156134257081953e-03,-3.119860640822929576e-01,6.715787623827909059e-01,2.130972344725027501e+00,-1.685223979966336660e+00,-4.456098330629127413e-01
1.763579371522775888e+09,-4.132714361312760099e-03,-3.116516172431858522e-01,6.740358877856117426e-01,2.094891048635053377e+00,-1.712750452949240110e+00,-4.680883507016390666e-01
1.763579371572317839e+09,-4.194019907984338109e-03,-3.095072031762229336e-01,6.783217872035057772e-01,2.056523484184258788e+00,-1.740321549045735328e+00,-4.917411182797876701e-01
1.763579371622221947e+09,-3.551482966380870628e-03,-3.094703603334162945e-01,6.822548151122300730e-01,2.017878986881338488e+00,-1.768848040530362598e+00,-5.189476102581523920e-01
1.763579371672618866e+09,-4.279255538982916496e-03,-3.109178923698934227e-01,6.863535144558623458e-01,1.980941407168033797e+00,-1.802582519530801175e+00,-5.404518873751410490e-01
1.763579371723019838e+09,-4.845618792929468933e-03,-3.136956225419883504e-01,6.895950095475418262e-01,1.946201550834272931e+00,-1.838072343596889313e+00,-5.592160856484986731e-01
1.763579371773037195e+09,-6.216396977415169535e-03,-3.171303084176114728e-01,6.908387792571496488e-01,1.918093158404252652e+00,-1.866330554114014495e+00,-5.702103686219295309e-01
1.763579371823105812e+09,-5.616908046785338941e-03,-3.203868808072515284e-01,6.915876110359453488e-01,1.898399089271623374e+00,-1.883978207299392249e+00,-5.769647750492906679e-01
1.763579371873127460e+09,-4.151170580122509959e-03,-3.230377664892905565e-01,6.928430873527946510e-01,1.879786528541505630e+00,-1.897119217102456901e+00,-5.841794895470161508e-01
1.763579371922848225e+09,-3.320722179575719656e-03,-3.260009312670075210e-01,6.924443265486910359e-01,1.855839473708826404e+00,-1.909953309549672351e+00,-5.932397589712489205e-01
1.763579371972474098e+09,-2.149573429793936660e-03,-3.292548538927941304e-01,6.921842010407507351e-01,1.827705746521260055e+00,-1.924561428718433609e+00,-6.051643769132382111e-01
1.763579372022383451e+09,-6.054084716612881389e-04,-3.310835123490345477e-01,6.931264447406864093e-01,1.800899989392962475e+00,-1.936577124438383590e+00,-6.170729340499159221e-01
1.763579372072589397e+09,1.025488712636844464e-03,-3.333349254807472795e-01,6.932375802367046758e-01,1.774546034163065222e+00,-1.943840498763147240e+00,-6.300900527465415069e-01
1.763579372122891665e+09,2.328809416082812129e-03,-3.358140963350043640e-01,6.933822463656275081e-01,1.749748913275639639e+00,-1.952939379766208461e+00,-6.397024104360229391e-01
1.763579372173150301e+09,2.304809870205527540e-03,-3.390195511128862860e-01,6.926708052789718462e-01,1.729157660528370055e+00,-1.963178162752208467e+00,-6.427327193610908873e-01
1.763579372223241806e+09,2.445574174874879606e-03,-3.424260213393794383e-01,6.922579501639374300e-01,1.713246505506312856e+00,-1.972763384704363299e+00,-6.445074258348717500e-01
1.763579372272986650e+09,2.560209086654379341e-03,-3.462327503208305068e-01,6.917755771235702955e-01,1.699518912470138421e+00,-1.980448390964264282e+00,-6.476035169431149097e-01
1.763579372322620630e+09,2.771792967923740209e-03,-3.496603948866161549e-01,6.915172685611095105e-01,1.685894893446906240e+00,-1.990672958344677612e+00,-6.495329678742225443e-01
1.763579372372596979e+09,2.310555935341540926e-03,-3.532370764591028500e-01,6.904140361092845346e-01,1.669980634877099579e+00,-2.003655706989445839e+00,-6.499204879868794027e-01
1.763579372422885895e+09,2.793397717716587098e-03,-3.560297006660015362e-01,6.892061261581233778e-01,1.652490115903459289e+00,-2.016378691169223192e+00,-6.527275529125118325e-01
1.763579372473138571e+09,2.074337664843510856e-03,-3.589322279731068099e-01,6.887865151749565928e-01,1.635301446337343201e+00,-2.026489939753266523e+00,-6.570999333963374323e-01
1.763579372523370981e+09,2.573238403322891405e-03,-3.605461470029219795e-01,6.886413220996364659e-01,1.619883416604265269e+00,-2.036852427972572599e+00,-6.652179330835397142e-01
1.763579372573207140e+09,1.342203830743002313e-03,-3.626353552126155844e-01,6.892299275383311219e-01,1.606676087178327661e+00,-2.044600881997429287e+00,-6.704645299073046516e-01
1.763579372622747421e+09,1.123282512538209543e-03,-3.645907373481475089e-01,6.894955526252515288e-01,1.594342660403121448e+00,-2.049473441591848299e+00,-6.772312254429004863e-01
1.763579372672317028e+09,8.141931101397043794e-04,-3.657988998679237436e-01,6.905603873616154020e-01,1.580978083182718041e+00,-2.052641550985647267e+00,-6.857057661316423580e-01
1.763579372722374201e+09,3.178894252381121895e-03,-3.664118708889980702e-01,6.907470560130538617e-01,1.566136853167765741e+00,-2.055018705844215976e+00,-7.010760901679341517e-01
1.763579372772933245e+09,2.256390049570016106e-03,-3.673618503398094481e-01,6.930048089994187421e-01,1.552304537872970291e+00,-2.057130288663285178e+00,-7.131895383131807709e-01
1.763579372823386431e+09,1.092705682835220246e-03,-3.685906794629982830e-01,6.955988965459830586e-01,1.543030175189194386e+00,-2.060261997817999458e+00,-7.261636073549102566e-01
1.763579372873205423e+09,-2.679199618806857048e-03,-3.702458812070682503e-01,6.994930373610849239e-01,1.539960276017037444e+00,-2.062364859601989675e+00,-7.384526169061519374e-01
1.763579372922957659e+09,-6.071450514062864262e-03,-3.718501416107584667e-01,7.050058013882445351e-01,1.542902284236469024e+00,-2.064966884519494617e+00,-7.534185046674467534e-01
1.763579372972495556e+09,-8.826017901229499252e-03,-3.730071843555402000e-01,7.129145602308357699e-01,1.549568372104090042e+00,-2.068349327909424940e+00,-7.696628707866350894e-01
1.763579373022390842e+09,-9.293826462831744975e-03,-3.750031340312876549e-01,7.189080538387184749e-01,1.557904200518333893e+00,-2.069292815034693866e+00,-7.886899944264198492e-01
1.763579373072597265e+09,-9.875027503858983813e-03,-3.765859885167082144e-01,7.272111256855496864e-01,1.563584341262925115e+00,-2.070666862783842266e+00,-8.024644778672966883e-01
1.763579373123031378e+09,-9.541387939882968461e-03,-3.780170362180697574e-01,7.325125528816295306e-01,1.563794217409151921e+00,-2.068001264165833852e+00,-8.118522900613697191e-01
1.763579373173263073e+09,-9.177703170119370576e-03,-3.796300455864870527e-01,7.350948436987300161e-01,1.561295936405361129e+00,-2.062051575559620264e+00,-8.103936245740251954e-01
1.763579373223295450e+09,-8.459308715048552071e-03,-3.808739959199238800e-01,7.359919174552824739e-01,1.555155881601202106e+00,-2.057855881671564191e+00,-8.036623780330872657e-01
1.763579373272906780e+09,-7.678221808732109757e-03,-3.817800520651737917e-01,7.383653595858029606e-01,1.546808113649878580e+00,-2.060690472070415780e+00,-7.993964154051844684e-01
1.763579373322578430e+09,-1.028851722201636759e-02,-3.832634190558485976e-01,7.445218676549619774e-01,1.542469355463483405e+00,-2.066251918172757218e+00,-7.968161437522496282e-01
1.763579373372437954e+09,-1.191969184549275702e-02,-3.843453188626319017e-01,7.527062233974559646e-01,1.544959340733663256e+00,-2.074294710262232222e+00,-8.006924621914732754e-01
1.763579373422606468e+09,-1.437432685743947162e-02,-3.855816482536278400e-01,7.631538767967502856e-01,1.553576426607212513e+00,-2.081246965408618088e+00,-8.047021828882700012e-01
1.763579373472844124e+09,-1.636871931373726566e-02,-3.869913566909669589e-01,7.730938247478446046e-01,1.564728068846445330e+00,-2.085651165824879527e+00,-8.055225405905293012e-01
1.763579373522984028e+09,-1.818251268701140747e-02,-3.880180241659348384e-01,7.827806080805528310e-01,1.575037369319283620e+00,-2.087289525480962915e+00,-8.002307781493368521e-01
1.763579373572882652e+09,-1.986228458578484513e-02,-3.892146957059367529e-01,7.897590699293302041e-01,1.582206642850243261e+00,-2.084520198977717342e+00,-7.890164999213648001e-01
1.763579373622663260e+09,-2.037560379520883883e-02,-3.907483004892521872e-01,7.953432097423637215e-01,1.585311522046725541e+00,-2.082759812717388748e+00,-7.740902563789223700e-01
1.763579373672736406e+09,-2.120542115596153743e-02,-3.925562951873728390e-01,8.000800165899168981e-01,1.588128169384189992e+00,-2.080960564921097600e+00,-7.531473616152590811e-01
1.763579373722788572e+09,-2.277891599709637449e-02,-3.940771005692316198e-01,8.060134257561362148e-01,1.592506648524915525e+00,-2.081738391730527660e+00,-7.253920859387018583e-01
1.763579373772716284e+09,-2.232614989192195296e-02,-3.971699525963657829e-01,8.092000629519453536e-01,1.593993125939375366e+00,-2.086688325619590945e+00,-7.024726948489751210e-01
1.763579373822792053e+09,-2.450495275134388293e-02,-3.991457941527634667e-01,8.164710207163667910e-01,1.593379281250327795e+00,-2.098425532430156171e+00,-6.817857662426425325e-01
1.763579373872965336e+09,-2.681785359595598855e-02,-4.015237738799666278e-01,8.236636989302373868e-01,1.590543004883594014e+00,-2.112250471466682544e+00,-6.701221432120519905e-01
1.763579373922957182e+09,-2.885640336260509101e-02,-4.031948440687630475e-01,8.323223856925865416e-01,1.590640973642153844e+00,-2.122770178198031488e+00,-6.584621266918280202e-01
1.763579373972757339e+09,-3.413984232693156873e-02,-4.056984297481831536e-01,8.391687059818753180e-01,1.593448238406383499e+00,-2.125535667559953268e+00,-6.383434391269939834e-01
1.763579374022679090e+09,-3.284445738392047232e-02,-4.084599638742772987e-01,8.468798703850665133e-01,1.602421841003641934e+00,-2.128424444659021475e+00,-6.191051284909190322e-01
1.763579374072667122e+09,-3.386586533805360094e-02,-4.117106700512200290e-01,8.551111772928052801e-01,1.613173801773877702e+00,-2.126943439738480990e+00,-6.023354538412776238e-01
1.763579374122691154e+09,-3.597305368684509952e-02,-4.149822898125137272e-01,8.648724771063788230e-01,1.624208004565185215e+00,-2.124599216524723833e+00,-5.972696102660645101e-01
1.763579374172865629e+09,-3.863274327193774726e-02,-4.167104011723225532e-01,8.773978416286182247e-01,1.636310669967272924e+00,-2.121609686646186876e+00,-6.051234782855341443e-01
1.763579374223023176e+09,-4.405057068538570375e-02,-4.175846436388071514e-01,8.920697168621296580e-01,1.648119819754777282e+00,-2.114432233271667183e+00,-6.141150120823900549e-01
1.763579374273034573e+09,-4.538937673395376793e-02,-4.190358605488334609e-01,9.045281456742396697e-01,1.657784299637164338e+00,-2.110673150227527106e+00,-6.228147220150848096e-01
1.763579374322842121e+09,-4.460811644598763198e-02,-4.218496325565808669e-01,9.143813609792407204e-01,1.666933356491407503e+00,-2.108996183044428818e+00,-6.260593201280246767e-01
1.763579374372710943e+09,-4.831426038318317046e-02,-4.260950109272708120e-01,9.215876736420162141e-01,1.669181481197274275e+00,-2.105376632977249862e+00,-6.205658393070779821e-01
1.763579374422566891e+09,-4.460083976456131333e-02,-4.300444582723104148e-01,9.282800025140849343e-01,1.669319135173193080e+00,-2.100300129300188612e+00,-6.210593212498772830e-01
1.763579374472723007e+09,-4.251268768091167466e-02,-4.333882646951024431e-01,9.360221929565424315e-01,1.666876894570947787e+00,-2.089991999238128173e+00,-6.213029493606715414e-01
1.763579374523018599e+09,-4.144849071934845336e-02,-4.377037898195177412e-01,9.450826683300072029e-01,1.660263280007943543e+00,-2.079310496242090078e+00,-6.239591631208856182e-01
1.763579374573122263e+09,-3.791255254529365265e-02,-4.422092460964854310e-01,9.535279511937214680e-01,1.655539356613802804e+00,-2.071331277675040550e+00,-6.261470197871699117e-01
1.763579374623211861e+09,-3.732990403901133292e-02,-4.473736284322137324e-01,9.632482119301629675e-01,1.648201705931401584e+00,-2.066599513732245263e+00,-6.288033728714730319e-01
1.763579374673085213e+09,-3.604736157862129670e-02,-4.514867298987864097e-01,9.761779999853948953e-01,1.645177535969533089e+00,-2.061467881607707664e+00,-6.335883013725693846e-01
1.763579374722974300e+09,-3.624568737446894756e-02,-4.565137096772775571e-01,9.879054654709727989e-01,1.643124433698617270e+00,-2.054311853316050485e+00,-6.369575638301259168e-01
1.763579374772878408e+09,-3.584638591686959558e-02,-4.614048075744584532e-01,9.991913549642836845e-01,1.640761042601114994e+00,-2.051099172138119542e+00,-6.376453865189424253e-01
1.763579374822688580e+09,-4.160305077561701065e-02,-4.674630934383615100e-01,1.009517664649953073e+00,1.631337610390290349e+00,-2.043206192252907893e+00,-6.367507344249382362e-01
1.763579374872594118e+09,-3.888950806481492745e-02,-4.695029755845845920e-01,1.023032506143670251e+00,1.628254400184257156e+00,-2.031065439517504956e+00,-6.443065991668254222e-01
1.763579374922706604e+09,-3.924568079541384397e-02,-4.791770813376561300e-01,1.031869761057891077e+00,1.621506727221737165e+00,-2.006870801718579234e+00,-6.637217111669058145e-01
1.763579374972770214e+09,-2.904313000559399435e-02,-4.768283108145429661e-01,1.048758241013360015e+00,1.628518825024926064e+00,-1.999948974807762125e+00,-6.771211615616709034e-01
1.763579375022741795e+09,-2.673990696246577106e-02,-4.784956369335588988e-01,1.059317774165385861e+00,1.628184187596675159e+00,-1.994480989875509369e+00,-6.819905388191249695e-01
1.763579375072929144e+09,-2.786966592023086553e-02,-4.797684381235236550e-01,1.066876971617254810e+00,1.624803140144767122e+00,-1.990094951812810375e+00,-6.776527048692047028e-01
1.763579375122934341e+09,-2.972036901274344167e-02,-4.779390814170209612e-01,1.075968107149509745e+00,1.622466266639315258e+00,-1.990052736378546738e+00,-6.673850373568107619e-01
1.763579375172914982e+09,-3.134357574653814232e-02,-4.750831377120492416e-01,1.083892413847691527e+00,1.625347676929046026e+00,-1.995989058342375166e+00,-6.538895746178916557e-01
1.763579375222982883e+09,-3.799395934297510741e-02,-4.691252595823635629e-01,1.094781130928312196e+00,1.638133730801581311e+00,-2.007233865572406462e+00,-6.285796705765531733e-01
1.763579375272827864e+09,-3.885682321539450645e-02,-4.625357616558103957e-01,1.104654276758965770e+00,1.654273127299975776e+00,-2.028783400545790983e+00,-6.088672500922226449e-01
1.763579375322829008e+09,-4.271982295982236499e-02,-4.555018354701523275e-01,1.113767408266094217e+00,1.674588447788767587e+00,-2.050102679245829229e+00,-5.869265234262694975e-01
1.763579375372998476e+09,-5.091264440562858623e-02,-4.446745030933535459e-01,1.124269430950203041e+00,1.690317337010529775e+00,-2.069398459748210239e+00,-5.529078400233604640e-01
1.763579375423157930e+09,-4.318567165933619861e-02,-4.566278285319955721e-01,1.129831198138205872e+00,1.702733739241430122e+00,-2.073645858469263636e+00,-5.324379926788199713e-01
1.763579375472977877e+09,-5.227790495681206712e-02,-4.924120504342543447e-01,1.112393775228741832e+00,1.699140886715930998e+00,-2.056715366939935841e+00,-5.106922598346117503e-01
1.763579375522780418e+09,-4.962866721405159720e-02,-4.346427060665622455e-01,1.133768871576555037e+00,1.739227864768316367e+00,-2.097942620538714831e+00,-4.343471854072381011e-01
1.763579375572690725e+09,-5.281062596802494485e-02,-4.290204913055928881e-01,1.140275613461011694e+00,1.754054537615240550e+00,-2.108800111738517558e+00,-4.082334280478486233e-01
1.763579375622739792e+09,-6.477794097925099193e-02,-4.266922627604644025e-01,1.143278549539496369e+00,1.759923491333721834e+00,-2.106644294662741057e+00,-3.914719745755048108e-01
1.763579375672945976e+09,-6.544912509105145493e-02,-4.189641140308038580e-01,1.153590937907462033e+00,1.774892736847059505e+00,-2.111755235887381232e+00,-3.846792502435045780e-01
1.763579375722987890e+09,-6.345706829877714727e-02,-4.129143078890941121e-01,1.165255948975034039e+00,1.791025406617457127e+00,-2.120795611661146829e+00,-3.823572918680858690e-01
1.763579375772846460e+09,-7.095250911410186379e-02,-4.104644634124559599e-01,1.170820059570323535e+00,1.800477702399715385e+00,-2.122299683640440193e+00,-3.762262473471453816e-01
1.763579375822651148e+09,-7.360560993030043631e-02,-4.072553852576480948e-01,1.177585952440715955e+00,1.814025003780780798e+00,-2.115187522552638644e+00,-3.693473470496814737e-01
1.763579375872523069e+09,-7.543910134158141045e-02,-4.067579866315537696e-01,1.182459107271362164e+00,1.831346872742320997e+00,-2.097619059777994011e+00,-3.602299541708939845e-01
1.763579375922564983e+09,-7.623383591034872675e-02,-4.046173492468663202e-01,1.185971357459407516e+00,1.849416260905082821e+00,-2.081049286361220663e+00,-3.479806178425891017e-01
1.763579375972683907e+09,-7.367175903391701142e-02,-4.055153574264312999e-01,1.190719767924032890e+00,1.869546058747579398e+00,-2.070843476167172348e+00,-3.355486776175147789e-01
1.763579376022904634e+09,-7.480830792367122728e-02,-4.102233084512025840e-01,1.194065723844135229e+00,1.889529111442711073e+00,-2.060961481914687532e+00,-3.222493831185255786e-01
1.763579376072903156e+09,-8.144547518434822053e-02,-4.149461128231523577e-01,1.196998997745589710e+00,1.905493649255520783e+00,-2.052614001652954823e+00,-3.051751918887828374e-01
1.763579376122907400e+09,-8.266431859741318888e-02,-4.228892061471306585e-01,1.198098984979591108e+00,1.920513951040160094e+00,-2.043928000212197560e+00,-2.919048006811091889e-01
1.763579376172671318e+09,-8.034855813940930402e-02,-4.265466028874588256e-01,1.203924196287183612e+00,1.929905659796907980e+00,-2.043766663313260068e+00,-2.811678480239708788e-01
1.763579376223847866e+09,-8.273155567930833010e-02,-4.327044544674572557e-01,1.205279566334720220e+00,1.923456575687897185e+00,-2.046426875997061856e+00,-2.774682948743052435e-01
1.763579376273756504e+09,-8.321347239692727937e-02,-4.337455925113521404e-01,1.211142676677982699e+00,1.913010194943929321e+00,-2.057095370706800708e+00,-2.727532701647514268e-01
1.763579376322928429e+09,-7.786849684429127116e-02,-4.393336171586768035e-01,1.216158111881113113e+00,1.906301586044449881e+00,-2.065175380928295557e+00,-2.671534728896776678e-01
1.763579376372475386e+09,-7.430135562399312055e-02,-4.461132714520075204e-01,1.220068962535843182e+00,1.899291751224326585e+00,-2.076212197163721740e+00,-2.564227100350203181e-01
1.763579376422383070e+09,-7.295999898134976347e-02,-4.459122334403837207e-01,1.230081059893118001e+00,1.885236787506594069e+00,-2.094389881776614892e+00,-2.490262092417303563e-01
1.763579376472485304e+09,-6.952364207288490305e-02,-4.506114841783253055e-01,1.234660727839310246e+00,1.865878114690095124e+00,-2.110426167675274023e+00,-2.488483237636488765e-01
1.763579376522787333e+09,-6.914955243636168591e-02,-4.536875318129814372e-01,1.245334819960042250e+00,1.840823177840846592e+00,-2.135693273586460439e+00,-2.372017545728505594e-01
1.763579376573027611e+09,-6.359301170664795333e-02,-4.620714497206021010e-01,1.248592228772737123e+00,1.815105017818903432e+00,-2.158065166602120222e+00,-2.315003194428767175e-01
1.763579376623055696e+09,-5.597585093804917367e-02,-4.627343275613099438e-01,1.257618597926572601e+00,1.800687644678406807e+00,-2.179491843833419651e+00,-2.218990303454433932e-01
1.763579376672817469e+09,-5.440071191766746028e-02,-4.653079160685464899e-01,1.263480594543591851e+00,1.787745869880922989e+00,-2.195095288972839676e+00,-2.181604485128469939e-01
1.763579376722597599e+09,-5.576322631896227927e-02,-4.665166020092016974e-01,1.267808988278884552e+00,1.776654226642525369e+00,-2.210624435968086221e+00,-2.203573920403731901e-01
1.763579376772544146e+09,-6.142060228710610054e-02,-4.688753478044334067e-01,1.271021202382536908e+00,1.763723226070701200e+00,-2.224929460549512683e+00,-2.209740789934627470e-01
1.763579376822760820e+09,-6.209340571538295162e-02,-4.699971153893431897e-01,1.276881652237988662e+00,1.754185444845158814e+00,-2.237406260580460327e+00,-2.178134730805897090e-01
1.763579376872951031e+09,-5.960004851041753038e-02,-4.713088668750312626e-01,1.281429518214281638e+00,1.744639630005355269e+00,-2.244981245036620443e+00,-2.138391273746801102e-01
1.763579376923028946e+09,-5.441769870191980052e-02,-4.639078772155444397e-01,1.289790189979970414e+00,1.737653727091100553e+00,-2.248807764289984856e+00,-2.080581580199391545e-01
1.763579376972828627e+09,-5.059180491855459066e-02,-4.549288241770300112e-01,1.296471494298487626e+00,1.729053448373680357e+00,-2.244401964387450654e+00,-2.069884841368430095e-01
1.763579377022647142e+09,-5.155431108839934884e-02,-4.394428585867129478e-01,1.304454029385568647e+00,1.725279844617938707e+00,-2.234711984740199942e+00,-2.035422393646502681e-01
1.763579377072748899e+09,-5.947396633280861711e-02,-4.234507158267680760e-01,1.310289914437304137e+00,1.724359370655110801e+00,-2.220501150542240509e+00,-2.075357490895108903e-01
1.763579377122955322e+09,-5.652076858706128054e-02,-4.034266071847365520e-01,1.316932758033886985e+00,1.727952311374140848e+00,-2.218873804276533246e+00,-2.263115885138358985e-01
1.763579377172983646e+09,-6.693197316853483070e-02,-3.956355960126490823e-01,1.312801089045107172e+00,1.719629362176051890e+00,-2.214083077223617302e+00,-2.471348118075413769e-01
1.763579377222791910e+09,-6.968258611300963412e-02,-3.805004888185007927e-01,1.315721162117521548e+00,1.716710041858525493e+00,-2.222202812908403935e+00,-2.579015650748261446e-01
1.763579377272694588e+09,-6.976164563220112191e-02,-3.656751813076689062e-01,1.318276247561681602e+00,1.721252758773182068e+00,-2.224090172202649818e+00,-2.642543865604471964e-01
1.763579377322646379e+09,-7.489013248591690208e-02,-3.527996811855456105e-01,1.317905031808964234e+00,1.730684653490486280e+00,-2.217362634886904882e+00,-2.624023699578921787e-01
1.763579377372666597e+09,-7.296633332085747381e-02,-3.397865434737658008e-01,1.317272369366234708e+00,1.737136402548629999e+00,-2.218295079975474149e+00,-2.596101923997822802e-01
1.763579377422795296e+09,-7.160689577486850643e-02,-3.246809651311783895e-01,1.317065217961157497e+00,1.743660532811842412e+00,-2.220195604518813148e+00,-2.446148003740336863e-01
1.763579377472860575e+09,-7.886107992271579326e-02,-3.194797254834799149e-01,1.311015054719976147e+00,1.740081954869647340e+00,-2.220096403659480799e+00,-2.183620612426178942e-01
1.763579377522921562e+09,-7.503241629102255783e-02,-3.072376650115004049e-01,1.312184090228886157e+00,1.744836290745303220e+00,-2.234004901849302449e+00,-1.805054475310384210e-01
1.763579377573048592e+09,-6.271397546858017980e-02,-3.010423512385598799e-01,1.310056516460979203e+00,1.752405287862291772e+00,-2.253874673246240690e+00,-1.541447950969300762e-01
1.763579377623105049e+09,-5.505813376960654731e-02,-2.975584098269450917e-01,1.305223779721857102e+00,1.756767088964776846e+00,-2.276066047287371941e+00,-1.385301035764116839e-01
1.763579377673114777e+09,-5.443653794487153530e-02,-2.897413017769633337e-01,1.300719650825377993e+00,1.761229794494820089e+00,-2.295571187002764635e+00,-1.290891878227394540e-01
1.763579377722754717e+09,-6.187448307292524319e-02,-2.773795965255875795e-01,1.296097684356815716e+00,1.764495474657119756e+00,-2.313937376331887563e+00,-1.258212585200594591e-01
1.763579377772416353e+09,-7.418901032268672424e-02,-2.639821869426862144e-01,1.289826527473141748e+00,1.769428876905497550e+00,-2.322252273508886855e+00,-1.324057825790737053e-01
1.763579377822479725e+09,-8.395170630253963318e-02,-2.402072905442898532e-01,1.287961525889222969e+00,1.779579584061264930e+00,-2.328394254207694747e+00,-1.383751880297381387e-01
1.763579377872758150e+09,-9.156043948110362263e-02,-2.142978810313582727e-01,1.286030015277322525e+00,1.784118302465848016e+00,-2.331980666802790036e+00,-1.423501380762028645e-01
1.763579377922992468e+09,-9.183890557513643693e-02,-1.919538931984805519e-01,1.283946985448736422e+00,1.786954696131284104e+00,-2.333340430669962107e+00,-1.445698832832970071e-01
1.763579377973012209e+09,-9.037856457973073021e-02,-1.716589258637554183e-01,1.282768979635177775e+00,1.785555029782365244e+00,-2.337087590908924373e+00,-1.403781191379213922e-01
1.763579378023077726e+09,-9.021854008978050232e-02,-1.526073186081650657e-01,1.280754128211319065e+00,1.782579313791254449e+00,-2.339709832035731907e+00,-1.349050426812619385e-01
1.763579378072994471e+09,-8.711509663524351355e-02,-1.339296700605756008e-01,1.279568478302828716e+00,1.788540101437143370e+00,-2.340839676429049554e+00,-1.302262501668273731e-01
1.763579378122671127e+09,-8.744618214502657139e-02,-1.161116286089153155e-01,1.277218780042165491e+00,1.797385550713261226e+00,-2.339596509932051482e+00,-1.262209413842060035e-01
1.763579378172480583e+09,-8.947594635717574796e-02,-9.877836908240772429e-02,1.273627513972827696e+00,1.807722455000040807e+00,-2.338340680706785246e+00,-1.208883391002332774e-01
1.763579378222484350e+09,-9.275290909129745021e-02,-8.383446145471731836e-02,1.268727297282620681e+00,1.812778968890477405e+00,-2.345656906446085266e+00,-1.127941765802082386e-01
1.763579378272837639e+09,-9.909744880521866028e-02,-7.554762974560734479e-02,1.262101667100381075e+00,1.804234254466897669e+00,-2.366313687876471672e+00,-9.984239368958766625e-02
1.763579378323121548e+09,-1.091213449749394854e-01,-7.570840375551961265e-02,1.254730240398085783e+00,1.795343896363760905e+00,-2.389543882652146678e+00,-7.876706441773886902e-02
1.763579378373222113e+09,-1.164403838880459091e-01,-7.463615641368574749e-02,1.248538406980957083e+00,1.784049817334973920e+00,-2.411334175241663491e+00,-6.317948547074603294e-02
1.763579378423105240e+09,-1.201535104104840129e-01,-7.416735082721827299e-02,1.244007890507909053e+00,1.774799923239371857e+00,-2.428537958718572476e+00,-4.913977217950880882e-02
1.763579378472946405e+09,-1.242736297675129803e-01,-7.599779975344664318e-02,1.240048720644370439e+00,1.765336060359699033e+00,-2.444253857043964473e+00,-3.715148911278420146e-02
1.763579378522862434e+09,-1.292251873259782913e-01,-6.722220991481217545e-02,1.238638854103787601e+00,1.762028716498575509e+00,-2.457004611220015011e+00,-2.670770812641703323e-02
1.763579378572704554e+09,-1.366244966354843160e-01,-5.559529276225944755e-02,1.235984620826720004e+00,1.766796983837319424e+00,-2.460563025853124142e+00,-2.407457034793474698e-02
1.763579378622631311e+09,-1.458014796241166589e-01,-3.779852706027379133e-02,1.234138625618938168e+00,1.781035261527714075e+00,-2.459350749324980434e+00,-2.318405735041433047e-02
1.763579378673003912e+09,-1.575720081718939292e-01,-2.538396214900707701e-02,1.231331763084433595e+00,1.791820814166860565e+00,-2.458449909842544745e+00,-2.262461262439452794e-02
1.763579378723117590e+09,-1.634425549155990032e-01,-1.693419061011428722e-02,1.229787057605664868e+00,1.795740535139785043e+00,-2.463494688956512135e+00,-1.519935551369817547e-02
1.763579378772876263e+09,-1.550692852201781824e-01,-1.712046215623258191e-02,1.228265608406280185e+00,1.797299232117709922e+00,-2.466610500445159726e+00,-8.410201673591629484e-03
1.763579378821959257e+09,-1.389573264149749354e-01,-2.447144807987624085e-02,1.226711429344370163e+00,1.801529507363849536e+00,-2.464339009588711882e+00,4.916219977556666142e-03
1.763579378871189594e+09,-1.177137882696892429e-01,-3.527954359649215083e-02,1.227133192302656939e+00,1.808250222602487689e+00,-2.463949585387041452e+00,2.169192688350332632e-02
1.763579378920844555e+09,-9.929990249129649893e-02,-4.305926572229438337e-02,1.229368515603140644e+00,1.816546924535152874e+00,-2.465047064316867154e+00,4.022773611445051856e-02
1.763579378971132517e+09,-8.402561337621744508e-02,-5.573536884362640526e-02,1.230693365244143633e+00,1.825539981553729874e+00,-2.464891195868444740e+00,5.022102445580373109e-02
1.763579379021804094e+09,-7.130213269601998194e-02,-6.728162612931823383e-02,1.232825540186814006e+00,1.831351557525335627e+00,-2.470327280689480709e+00,5.914971945516769858e-02
1.763579379072423935e+09,-5.780319761073894613e-02,-7.825431311325588279e-02,1.236828817859456864e+00,1.834572756751567280e+00,-2.479697545130366887e+00,6.780603889405802109e-02
1.763579379121769905e+09,-4.365909838634016160e-02,-9.175861576247752727e-02,1.240668535899918545e+00,1.839918136274871774e+00,-2.487087624373477190e+00,7.182216128922591647e-02
1.763579379170655966e+09,-3.137950087670074439e-02,-9.722935464782603288e-02,1.246737805102887453e+00,1.848548703193030551e+00,-2.494063336494054095e+00,7.657764489526454332e-02
1.763579379219681501e+09,-1.957554344217997747e-02,-1.036157214846917668e-01,1.252148611085851515e+00,1.857041593235627452e+00,-2.498113745390620810e+00,8.047970467642702463e-02
1.763579379269558191e+09,-5.418896707026955514e-03,-1.132773352327656330e-01,1.260630730315307035e+00,1.864917333342990702e+00,-2.506632585766188193e+00,8.643401859689758826e-02
1.763579379320222378e+09,3.302573331229776733e-03,-1.300633613533179189e-01,1.265683665486605713e+00,1.863486377850827713e+00,-2.517082186261011323e+00,8.498396157306269127e-02
1.763579379370997906e+09,7.169185873745972069e-03,-1.304925882421950900e-01,1.273190914811392460e+00,1.861238694122954396e+00,-2.526337805285280513e+00,8.495910191672848000e-02
1.763579379421005249e+09,2.520186543606139484e-03,-1.205156698618913141e-01,1.278212825266635377e+00,1.850173444909438691e+00,-2.525481447675419933e+00,8.638234100322578213e-02
1.763579379470636368e+09,6.246560745510080712e-03,-1.035190223534081105e-01,1.281895860738330617e+00,1.835727963993368350e+00,-2.528191156443261978e+00,8.575510165031695331e-02
1.763579379520168066e+09,1.939576561846570110e-02,-7.270745915783989599e-02,1.284359704439825611e+00,1.823338134992353199e+00,-2.528846940767970342e+00,8.818682134349647983e-02
1.763579379569933414e+09,3.291752426232062018e-02,-2.591808809970725172e-02,1.286207100103695655e+00,1.811556526382947618e+00,-2.528561353849391402e+00,9.735010795830918717e-02
1.763579379620151758e+09,4.451622277253428767e-02,1.889190388552857217e-02,1.284719035903046036e+00,1.801467663079527881e+00,-2.528949069285882256e+00,1.048036578926772600e-01
1.763579379670607090e+09,5.123810873780761110e-02,5.867437023647082556e-02,1.284773673377991976e+00,1.792806381608566868e+00,-2.527277561379719817e+00,1.206110565689037795e-01
1.763579379720910311e+09,6.130726171885611531e-02,8.196623711665142198e-02,1.283050731472227257e+00,1.783053113425195013e+00,-2.527163117201553177e+00,1.266384701867029894e-01
1.763579379771008968e+09,6.695138718484189289e-02,1.092013018087161919e-01,1.282007593089125486e+00,1.767403826078477014e+00,-2.529848134987417563e+00,1.428333410929129577e-01
1.763579379820718527e+09,6.201932843903060905e-02,1.425391503493152467e-01,1.280315020426240569e+00,1.753580925301968074e+00,-2.534815592789508631e+00,1.765578603997056406e-01
1.763579379870296001e+09,5.580395415576373114e-02,1.660414688563368046e-01,1.277725380149404399e+00,1.746139561982348543e+00,-2.537820373761086934e+00,2.061846883593611568e-01
1.763579379919983625e+09,4.957988810548230596e-02,1.995248809046697436e-01,1.273888014995337103e+00,1.735376355862884745e+00,-2.533737269542460258e+00,2.427728931049151773e-01
1.763579379970242262e+09,2.241717718836643350e-02,2.632379263782854140e-01,1.264682394130117959e+00,1.724903609680350947e+00,-2.525749216986115098e+00,3.172480118704831265e-01
1.763579380020745516e+09,1.739977589907919578e-02,3.019514532145896601e-01,1.259274446590212149e+00,1.711747752258477417e+00,-2.511956592836877444e+00,3.556470446470964553e-01
1.763579380070951939e+09,1.624848498082625409e-02,3.189839479332948757e-01,1.260176885494329380e+00,1.688939326658515983e+00,-2.504239546902139235e+00,3.731152830533724929e-01
1.763579380120642900e+09,1.561651631608089799e-02,3.413477032001120404e-01,1.259290301163232151e+00,1.658628870417910628e+00,-2.496828163932122369e+00,3.915806831766725504e-01
1.763579380170383692e+09,1.273410398494507004e-02,3.632891684491565965e-01,1.255934900951659605e+00,1.641181576767398509e+00,-2.484698110522134851e+00,4.035526360751678920e-01
1.763579380220203400e+09,9.692314188480211090e-03,3.872880857223924833e-01,1.247513736051216071e+00,1.629232675588993873e+00,-2.475727620901210013e+00,4.057461294946285713e-01
1.763579380270145893e+09,3.521823595747440409e-03,4.080922747506306458e-01,1.238301329120543359e+00,1.618251218859370510e+00,-2.475652122849349990e+00,4.044161941770555435e-01
1.763579380320199251e+09,-1.193328544029927617e-04,4.277337253020493391e-01,1.232620780606924038e+00,1.604016890684181407e+00,-2.471383542604660200e+00,4.124243733415769442e-01
1.763579380370423794e+09,2.948153985848384930e-03,4.416685331511078783e-01,1.233027592317855525e+00,1.583530147034137414e+00,-2.465017748244294093e+00,4.254428670852586913e-01
1.763579380420604706e+09,1.587466613181943422e-03,4.651655364952355098e-01,1.228056913668961636e+00,1.561646428316433299e+00,-2.462162090286547755e+00,4.534251633626019684e-01
1.763579380470648527e+09,1.604797332505387411e-03,4.910512383435545747e-01,1.221920519041673980e+00,1.539609838208778836e+00,-2.459339213018700399e+00,4.840535693921080296e-01
1.763579380520392179e+09,3.443094953526665996e-04,5.093265513828888480e-01,1.218389170352772277e+00,1.514761722073196815e+00,-2.467129843079175711e+00,5.073351631821789720e-01
1.763579380570177555e+09,4.542432651657862547e-04,5.345346245285812481e-01,1.214094893106898443e+00,1.484967172827932780e+00,-2.463798388790919613e+00,5.388712212929428480e-01
1.763579380620126724e+09,3.525457149510818726e-03,5.554861405181854561e-01,1.215381028598016888e+00,1.452200976688281520e+00,-2.455904704338681022e+00,5.649748669865245487e-01
1.763579380670282841e+09,8.453973915811855214e-03,5.775866855729592242e-01,1.217904177997583215e+00,1.418691366727773406e+00,-2.444021059406865870e+00,5.904435388165766296e-01
1.763579380720594168e+09,1.374120086937657449e-02,5.987647362969343856e-01,1.221197299129397562e+00,1.387331603374523104e+00,-2.433364300142992764e+00,6.146376679261161824e-01
1.763579380770878553e+09,1.847051996191807766e-02,6.185918057731634168e-01,1.222407139693949985e+00,1.352566704282197607e+00,-2.431529038996057324e+00,6.342769167308256462e-01
1.763579380820628405e+09,1.622662663558955415e-02,6.400012568497610577e-01,1.215600845562294419e+00,1.318362387347043363e+00,-2.442341945787119606e+00,6.561615632368356099e-01
1.763579380870182991e+09,1.644626962397592118e-03,6.530559371310875605e-01,1.205472196133698271e+00,1.297474527752544571e+00,-2.469352649774533948e+00,6.751607667540877600e-01
1.763579380920184374e+09,-4.500190052280274126e-03,6.692117157898291868e-01,1.191936646815892509e+00,1.283044766424003225e+00,-2.490070541579601393e+00,6.904489746405297890e-01
1.763579380970245600e+09,-7.352889566280862953e-03,6.820284903308858615e-01,1.178072756515589958e+00,1.276365638506722799e+00,-2.503004102022462263e+00,7.028573748159034906e-01
1.763579381020426750e+09,-9.996257923311607438e-03,6.927613812500337254e-01,1.169432517473332434e+00,1.279929142294215838e+00,-2.503906929570443030e+00,7.150116071731514866e-01
1.763579381070728779e+09,-8.198883455448701882e-03,7.028310360084750741e-01,1.163733325742462688e+00,1.286838985523059753e+00,-2.491859694383331991e+00,7.251912822228171462e-01
1.763579381120702028e+09,-7.872178861870653480e-03,7.106860816606234144e-01,1.156587753256684836e+00,1.290370024608448851e+00,-2.480842842974297469e+00,7.333623738273405968e-01
1.763579381170528412e+09,2.056243761847136291e-03,7.196309989973703747e-01,1.151140788015837080e+00,1.284799952063903516e+00,-2.473113755558669524e+00,7.308301194399774436e-01
1.763579381220234632e+09,-9.444001089556558828e-03,7.227323123221538470e-01,1.140100592984922612e+00,1.284496274341508704e+00,-2.479468026355449606e+00,7.394996167927935238e-01
1.763579381270194530e+09,-9.742657430022739692e-03,7.290585885855067616e-01,1.132566969352942543e+00,1.281362882042671680e+00,-2.471261482752602046e+00,7.461378142707193462e-01
1.763579381320193768e+09,-2.888119525223976046e-03,7.356302987766994983e-01,1.127469564377379996e+00,1.268718115637130328e+00,-2.457037642092839480e+00,7.504553775828406437e-01
1.763579381370348692e+09,-4.057428366549051604e-03,7.402965842302726696e-01,1.120787756391406820e+00,1.254583758251956782e+00,-2.451530281490617025e+00,7.575430105337556119e-01
1.763579381420518875e+09,-7.752589692409161959e-03,7.435600881207268253e-01,1.112301921431556595e+00,1.241646436628492722e+00,-2.449320869331503836e+00,7.637958937762825418e-01
1.763579381470573187e+09,2.200068346972085514e-03,7.480270943890030555e-01,1.104345972159210820e+00,1.231580981914368378e+00,-2.436439145866655664e+00,7.634095558933682302e-01
1.763579381520584822e+09,3.490420391022850538e-03,7.537976149983474095e-01,1.095736370522335523e+00,1.226116727694279929e+00,-2.422296065279683663e+00,7.781444921889671962e-01
1.763579381570627451e+09,9.738889679632520974e-03,7.583681538808305644e-01,1.086805936094972447e+00,1.218304741318823714e+00,-2.409640789928871651e+00,7.892379269974251210e-01
1.763579381620375633e+09,1.019822547797698091e-02,7.601245440161608080e-01,1.075889646659265786e+00,1.219344434758321771e+00,-2.406545342007733623e+00,7.893532368866341686e-01
1.763579381670178652e+09,1.272062638786606269e-02,7.601650755911830704e-01,1.064338555467724268e+00,1.225607147383998452e+00,-2.405768488511714320e+00,7.764003017523785077e-01
1.763579381720130205e+09,8.036918166061331886e-03,7.602415873332662999e-01,1.051086220202031019e+00,1.239990092235051744e+00,-2.400460025090407346e+00,7.714028707788106454e-01
1.763579381770272493e+09,6.466136801395537537e-03,7.607208832606068283e-01,1.041743174404543559e+00,1.245465944601116481e+00,-2.396746982301412032e+00,7.696026473284860447e-01
1.763579381820432663e+09,4.406433255573516741e-03,7.622665843401595920e-01,1.034581193143756739e+00,1.245608426201159302e+00,-2.395344970525942419e+00,7.727701439073141332e-01
1.763579381870511532e+09,7.119074756064646195e-03,7.659259839607180931e-01,1.024398927996349684e+00,1.239691775295062470e+00,-2.392973770186717530e+00,7.729971286278928266e-01
1.763579381920435667e+09,6.757420497571047825e-03,7.666973076524024044e-01,1.020188392260291010e+00,1.233376129869154125e+00,-2.394255282184573286e+00,7.680011436385985046e-01
1.763579381970606327e+09,4.818388757372883864e-03,7.669027846202184362e-01,1.015426247195319709e+00,1.229577109885159780e+00,-2.395919945180058797e+00,7.632015093865301969e-01
1.763579382020496607e+09,4.602403368370857825e-03,7.692567150784852537e-01,1.007877564471359344e+00,1.233875955066332963e+00,-2.391645380574978663e+00,7.618232802935390735e-01
1.763579382070284128e+09,5.628927961356079528e-03,7.707672788386970009e-01,1.000912128023990100e+00,1.247138176063828929e+00,-2.383541535925190136e+00,7.645098926672173612e-01
1.763579382120109320e+09,9.309067853603292947e-03,7.753497819180817929e-01,9.930198046495968267e-01,1.265557418589068339e+00,-2.365288993313957810e+00,7.756719868187996747e-01
1.763579382170329094e+09,1.207737740119377984e-02,7.791777425106289900e-01,9.881837312523761296e-01,1.286389250221521952e+00,-2.342049371676850456e+00,7.904472806391675821e-01
1.763579382220435619e+09,1.669467054401513328e-02,7.850758652801917981e-01,9.834597383561839434e-01,1.305668795862687803e+00,-2.311871199177312874e+00,8.060789054320669500e-01
1.763579382270433903e+09,2.240513720303377240e-02,7.899190957380541889e-01,9.815858195063831282e-01,1.323414442576377636e+00,-2.282783374703345025e+00,8.164768078961811559e-01
1.763579382320392609e+09,2.095531174942560915e-02,7.956684995851425191e-01,9.775930655016823456e-01,1.345725551859838331e+00,-2.254877205059226064e+00,8.318979221215228037e-01
1.763579382370254993e+09,2.791396969095039440e-02,7.994685869421126467e-01,9.731109785837716020e-01,1.369596981912985623e+00,-2.223090724359327197e+00,8.353960705458457481e-01
1.763579382420165062e+09,3.027241447097839960e-02,8.019901437209259187e-01,9.708421674833405124e-01,1.401116124182962608e+00,-2.192342788396645759e+00,8.357032764125809088e-01
1.763579382470188379e+09,2.719032241669304059e-02,8.075929739472568203e-01,9.653673581902791900e-01,1.435864647817768791e+00,-2.158453713216685443e+00,8.463282023941182119e-01
1.763579382520260096e+09,3.366377371789525813e-02,8.117278737673412348e-01,9.623177835797678270e-01,1.469819126816624077e+00,-2.116714466773569114e+00,8.540814929654307885e-01
1.763579382570380211e+09,3.428979044350721761e-02,8.173661214904889283e-01,9.577952081765552794e-01,1.505386032429507415e+00,-2.073889640103245391e+00,8.708620242875939610e-01
1.763579382620410919e+09,3.414802460542808171e-02,8.220652939581700736e-01,9.526293345588123795e-01,1.538431716692475915e+00,-2.036574287058302790e+00,8.837824126732997110e-01
1.763579382670280457e+09,3.127453736792209366e-02,8.255214474617382781e-01,9.502670636854669839e-01,1.568202480914461461e+00,-2.004477070615305667e+00,8.942720390762887162e-01
1.763579382720241070e+09,3.271322543905366698e-02,8.285551463353414414e-01,9.481563840030005075e-01,1.591058623968092833e+00,-1.974068725725377504e+00,9.010497892034132761e-01
1.763579382770310879e+09,3.285772348188711889e-02,8.315575193838967705e-01,9.462716246729196978e-01,1.615853672958616372e+00,-1.944003418947016337e+00,9.092769307649888333e-01
1.763579382820347548e+09,2.836376278595470479e-02,8.323089215537726737e-01,9.461755491331640400e-01,1.648717089879252917e+00,-1.919447897618519860e+00,9.191911778124289834e-01
1.763579382870342493e+09,2.745138725066948240e-02,8.341558348672912793e-01,9.413622740784075571e-01,1.682483592076932766e+00,-1.893112908824598817e+00,9.277784972971085953e-01
1.763579382920466900e+09,2.153543584318111034e-02,8.334643799058544245e-01,9.420187909396937620e-01,1.723976607374786196e+00,-1.868732510419448323e+00,9.360446023755060185e-01
1.763579382970519304e+09,2.169821761091129605e-02,8.311344645418131671e-01,9.414674840284147361e-01,1.762895603990836113e+00,-1.847204841640288198e+00,9.307702224970816340e-01
1.763579383020506620e+09,2.553415666424206990e-02,8.286803541305843845e-01,9.421557194246494848e-01,1.795997415112426721e+00,-1.826740162091764930e+00,9.142367022841407787e-01
1.763579383070336819e+09,2.577318174229560610e-02,8.266680215005627330e-01,9.428460011163215526e-01,1.818954788338732254e+00,-1.809502003728293618e+00,8.980317517378302306e-01
1.763579383120351553e+09,2.724503046386991117e-02,8.261460585292292880e-01,9.442867696148399270e-01,1.829442878360248770e+00,-1.790023043854987117e+00,8.799005154831570641e-01
1.763579383170422554e+09,2.568818654496594217e-02,8.303767365627879871e-01,9.438572887188276805e-01,1.830406020252999477e+00,-1.766027819048858305e+00,8.683048071310086602e-01
1.763579383220388412e+09,3.155389046709299039e-02,8.319983831272812491e-01,9.464650728710262140e-01,1.829403362601858651e+00,-1.740275663994641953e+00,8.467338443281194893e-01
1.763579383270281553e+09,3.529108317756133456e-02,8.351456592827105618e-01,9.486294359811389132e-01,1.826313674264150588e+00,-1.717909803408148806e+00,8.282937720979233198e-01
1.763579383320236683e+09,3.666547581582028925e-02,8.349685428471338433e-01,9.502192526152677399e-01,1.828536563470482879e+00,-1.704409424496840408e+00,8.078045125740158650e-01
1.763579383370189905e+09,3.876151881651984654e-02,8.349068394637002566e-01,9.505505857971821015e-01,1.837452646859226713e+00,-1.691959304020389965e+00,7.916490590407615491e-01
1.763579383420200109e+09,3.571031656885859107e-02,8.344132884357802205e-01,9.511550841697031800e-01,1.855784854526923322e+00,-1.681058047809067535e+00,7.876207250120185188e-01
1.763579383470371723e+09,3.837398674842604218e-02,8.329171370245848083e-01,9.497964867025971980e-01,1.878806448389255479e+00,-1.668813520145997709e+00,7.841754571573839039e-01
1.763579383520464182e+09,3.669778444133418860e-02,8.312889368634174270e-01,9.491402046735556430e-01,1.904453379506030553e+00,-1.659833473967744721e+00,7.877053825056242742e-01
1.763579383570480824e+09,3.603248732282598316e-02,8.285920839238523072e-01,9.506332559447042696e-01,1.930743162269491275e+00,-1.652824971184223113e+00,7.850961767897548516e-01
1.763579383620347500e+09,3.469898886695677726e-02,8.264606018436749801e-01,9.490274496684337757e-01,1.954863493965641741e+00,-1.649844017317254830e+00,7.791922192331458552e-01
1.763579383670188189e+09,3.709763769310653325e-02,8.254932186155036211e-01,9.468698210351648159e-01,1.981364570180539131e+00,-1.646908357714260251e+00,7.645361749642134441e-01
1.763579383720082760e+09,4.354399031050292662e-02,8.215520933925000158e-01,9.465158213166604551e-01,2.012711536689617109e+00,-1.646247326579063142e+00,7.400232022658853603e-01
1.763579383770164251e+09,4.636439271339619361e-02,8.196514273633610514e-01,9.457587490876269154e-01,2.041938422628907457e+00,-1.646924088712685474e+00,7.239438922762793105e-01
1.763579383820333481e+09,4.957460375017629095e-02,8.194005099403894876e-01,9.456909604835828098e-01,2.064953011247321779e+00,-1.643342886656523394e+00,7.123590888055142401e-01
1.763579383870359659e+09,5.067458001230847053e-02,8.188805709813504752e-01,9.470370695065910560e-01,2.082035519572664306e+00,-1.635657453004049300e+00,7.037790336984267592e-01
1.763579383920316696e+09,5.168828993023563689e-02,8.196742517078117185e-01,9.459130897665742888e-01,2.090797459504963207e+00,-1.620921700340917759e+00,6.933593596294550521e-01
1.763579383970257521e+09,4.835572770107511575e-02,8.219706674355673481e-01,9.434077302340380111e-01,2.095295777216433564e+00,-1.603321539800577122e+00,6.833090982439138372e-01
1.763579384020372868e+09,5.239950406058438426e-02,8.219320250860799870e-01,9.405643168201747173e-01,2.096689453552598170e+00,-1.586113457216625999e+00,6.578563226333720149e-01
1.763579384070565939e+09,5.458628312960454171e-02,8.205016780279360544e-01,9.403438958458478769e-01,2.101109752841635370e+00,-1.574793697043777252e+00,6.276713076762403531e-01
1.763579384120472193e+09,5.488898783821419269e-02,8.199414821983183055e-01,9.394924011690212184e-01,2.103758832862951955e+00,-1.566041544935905749e+00,6.074755019126746314e-01
1.763579384170310020e+09,5.267276251105702800e-02,8.197563631434122700e-01,9.390883088047135008e-01,2.110177054263910446e+00,-1.559289240989178982e+00,5.977806893080761519e-01
1.763579384220182419e+09,5.602316969539203328e-02,8.183784576257614463e-01,9.402709794400455623e-01,2.120733912162775958e+00,-1.546515006302884743e+00,5.911507230805670421e-01
1.763579384270271778e+09,5.748864251154555544e-02,8.175574471017341693e-01,9.417497705287294352e-01,2.132127118783524011e+00,-1.531607065238419940e+00,5.949205455848429747e-01
1.763579384320234537e+09,5.888858638094407461e-02,8.160786334169354284e-01,9.442712886193790345e-01,2.145199168713889826e+00,-1.513854268969352823e+00,6.020076689703962591e-01
1.763579384370226622e+09,5.964199007191084423e-02,8.127882156156944760e-01,9.488219944898795832e-01,2.159402621293448732e+00,-1.496888451322248237e+00,6.086780314529991465e-01
1.763579384420284510e+09,5.867678257727904079e-02,8.113992587862534078e-01,9.514173009730562125e-01,2.168766056003236020e+00,-1.482938693905120342e+00,6.185928777251207267e-01
1.763579384473636627e+09,5.931592173895368358e-02,8.078406676955852683e-01,9.556355063018600049e-01,2.178153325716910338e+00,-1.474335428214119448e+00,6.259250748293978539e-01
1.763579384523595810e+09,6.225000557771329102e-02,8.019281638993521755e-01,9.600272812870682682e-01,2.188668437242789810e+00,-1.472330811017976915e+00,6.284741789811665313e-01
1.763579384571037769e+09,6.224301234796969506e-02,7.961629293865467583e-01,9.660770554254002329e-01,2.202685761544996623e+00,-1.477163909342905423e+00,6.331975992375949991e-01
1.763579384618318796e+09,6.237634563422719824e-02,7.911935637618605632e-01,9.716048954263468707e-01,2.217267499136192921e+00,-1.490091097648745588e+00,6.387279551753393125e-01
1.763579384667499065e+09,6.554129136100404762e-02,7.835915933022754576e-01,9.799952829648794772e-01,2.232641097416990572e+00,-1.509442816411347366e+00,6.359978272627865303e-01
1.763579384719118357e+09,6.791309228462015513e-02,7.778466991151440357e-01,9.868217950676285710e-01,2.241723109794357072e+00,-1.525003169186453844e+00,6.345175708937768055e-01
1.763579384771194220e+09,6.610760015066378947e-02,7.701628563417418638e-01,9.954110456414582142e-01,2.248816522041284127e+00,-1.535878589050990728e+00,6.326194120828509959e-01
1.763579384822354317e+09,6.269006133473724318e-02,7.605117502869334078e-01,1.005835685671507163e+00,2.253652161337150517e+00,-1.543773887557730706e+00,6.303177465421604397e-01
1.763579384871820927e+09,5.944990231955386839e-02,7.501219963448703121e-01,1.016008533092435329e+00,2.259142123699819482e+00,-1.551861905917692130e+00,6.263021955923756545e-01
1.763579384920194864e+09,5.580306483152680519e-02,7.385132776839464785e-01,1.027144754900309875e+00,2.269338170623173667e+00,-1.566526536619646137e+00,6.199072071964579767e-01
1.763579384969232321e+09,5.260647814033940495e-02,7.268747987170726121e-01,1.039139787666569781e+00,2.287694689422628436e+00,-1.573468196607268998e+00,6.120357318889180220e-01
1.763579385019042730e+09,5.334035025801681096e-02,7.132403019731038407e-01,1.053052445836182738e+00,2.313322139668624100e+00,-1.574927144504390641e+00,5.996541618137206653e-01
1.763579385069726229e+09,5.564669887508252866e-02,6.989268991662259678e-01,1.068794278257653829e+00,2.341279009714242854e+00,-1.577673847944267793e+00,5.875714806764861242e-01
1.763579385120954037e+09,5.622428028611992784e-02,6.855271630562083107e-01,1.083339743421291024e+00,2.367216491178543158e+00,-1.579919829171374079e+00,5.812545516965180736e-01
1.763579385171735525e+09,5.296804711586848569e-02,6.716393471286924433e-01,1.098254032456662754e+00,2.389081500974824745e+00,-1.580358186218078664e+00,5.809419520225853617e-01
1.763579385221326351e+09,4.911276150505074212e-02,6.570288979316121214e-01,1.111721369627899803e+00,2.402725457867845194e+00,-1.577026289908501244e+00,5.814573290982512077e-01
1.763579385270232201e+09,4.418077798178316612e-02,6.428770259414190447e-01,1.123332363019696967e+00,2.405997425694765379e+00,-1.577356243477838538e+00,5.840397987691061665e-01
1.763579385319590330e+09,3.609735955977105143e-02,6.332981108894594202e-01,1.130267859717711376e+00,2.404497366713917561e+00,-1.580424123576652740e+00,5.861651154818507958e-01
1.763579385369787931e+09,3.305583755081687586e-02,6.227574556982800047e-01,1.138881012770996293e+00,2.402180660510108368e+00,-1.581194128820478717e+00,5.810630733049281238e-01
1.763579385420213461e+09,2.678752711937899128e-02,6.148619079957005074e-01,1.146704506034281312e+00,2.398717460403173352e+00,-1.581681064290489491e+00,5.852748179002568163e-01
1.763579385470584393e+09,2.270340756463514950e-02,6.078138142820594947e-01,1.156225320249325561e+00,2.398567535947328189e+00,-1.579119253175381044e+00,5.918876236286658710e-01
1.763579385520757675e+09,1.848432953222666972e-02,6.024573833340707285e-01,1.163996320223458225e+00,2.398954753979068322e+00,-1.580207699050852010e+00,5.940376596646023133e-01
1.763579385570721149e+09,1.889734000398055752e-02,5.982998098414413768e-01,1.170821340136857680e+00,2.403472321046501214e+00,-1.585009603430571179e+00,5.810044695121932001e-01
1.763579385620358706e+09,2.030234390329279173e-02,5.944860198788468608e-01,1.178255567799844306e+00,2.413954179380924270e+00,-1.584079438473111834e+00,5.653357503114837534e-01
1.763579385670188904e+09,2.020378238961017744e-02,5.903023881977205178e-01,1.188135610894305527e+00,2.423242810750644516e+00,-1.585267837551629588e+00,5.528945059741158241e-01
1.763579385720014095e+09,2.058949507441444268e-02,5.881040631301770460e-01,1.198250280317291416e+00,2.430622189734413574e+00,-1.585193396320235815e+00,5.407103083459744441e-01
1.763579385769999743e+09,1.757417466942651565e-02,5.844974662971296198e-01,1.210490492884161773e+00,2.437687129925993457e+00,-1.580739974170443540e+00,5.384577489609674306e-01
1.763579385820245981e+09,1.471878569312303278e-02,5.816638966102323227e-01,1.221985638020300691e+00,2.443316909838519013e+00,-1.573913293221411047e+00,5.343156998958698001e-01
1.763579385870495558e+09,1.287241765216141920e-02,5.757703442613392175e-01,1.235032944539619315e+00,2.448302038770503231e+00,-1.569610728839235136e+00,5.233860670018857242e-01
1.763579385920599699e+09,9.016283327384225568e-03,5.700104590649840430e-01,1.248264758023592380e+00,2.451019993409798925e+00,-1.562703932432476295e+00,5.197396394032098854e-01
1.763579385970694542e+09,5.340930642411687024e-03,5.656793411334438693e-01,1.261824567440366751e+00,2.456671572970116735e+00,-1.552166798306231499e+00,5.249941117397664003e-01
1.763579386020483971e+09,-2.848117576055187328e-03,5.546042000618430778e-01,1.279949494582488967e+00,2.480959258595238914e+00,-1.534714415111493313e+00,5.431729390038888550e-01
1.763579386070230007e+09,-8.421075010242240954e-04,5.414045283313213552e-01,1.299134131964060135e+00,2.504248019382537827e+00,-1.525769274024046496e+00,5.527854903677177356e-01
1.763579386119943857e+09,-6.583819791791571847e-03,5.321438753545724154e-01,1.314402287768388300e+00,2.518501767370194599e+00,-1.527557894312478792e+00,5.679091891069419917e-01
1.763579386170145273e+09,-6.378764199131093000e-03,5.156886407800967964e-01,1.333287628321915497e+00,2.530571850150869384e+00,-1.529630656920458964e+00,5.706738037077782044e-01
1.763579386220312595e+09,-2.636392076922967551e-02,5.194872990452382711e-01,1.340880082114037863e+00,2.527311295441045047e+00,-1.522547258338265763e+00,6.030773517042711251e-01
1.763579386270393372e+09,-2.437172960513050990e-02,5.028546255276038490e-01,1.357192537670525390e+00,2.529535393364901630e+00,-1.521650860772311153e+00,6.024037030030997553e-01
1.763579386320631981e+09,-2.901734220861983821e-02,5.001584424704644816e-01,1.363230228206279371e+00,2.522181566742452308e+00,-1.517824333987313867e+00,6.150310077507982198e-01
1.763579386370543957e+09,-4.534265924805264136e-02,4.973256168022497925e-01,1.373908959928738183e+00,2.515322190998801499e+00,-1.523656837164997446e+00,6.358169435797718094e-01
1.763579386420252800e+09,-4.597053547806491391e-02,4.855350321357274623e-01,1.383437372967440293e+00,2.513260543968478977e+00,-1.534858864566507330e+00,6.324003001953208969e-01
1.763579386470036983e+09,-5.075355976992280971e-02,4.772800997046798277e-01,1.389559194632652206e+00,2.514522527428024290e+00,-1.546711608736063503e+00,6.285821356818461769e-01
1.763579386520000458e+09,-4.417601583998569115e-02,4.658866997041564151e-01,1.394871710835197565e+00,2.525463509399201278e+00,-1.553143984204569783e+00,6.088377578291417347e-01
1.763579386570176125e+09,-2.568247618117038347e-02,4.224926577186951526e-01,1.412354955607702411e+00,2.565261303203052901e+00,-1.562754087807218140e+00,5.565889674470009263e-01
1.763579386620319843e+09,-2.219344146078849542e-02,4.189667114153048377e-01,1.410979643440562814e+00,2.587893365549629898e+00,-1.554506409761768237e+00,5.356208897377218170e-01
1.763579386670441151e+09,1.275078937217005411e-03,3.925284370823281521e-01,1.418133653916826997e+00,2.624170653290339494e+00,-1.548620453613153813e+00,4.781200900134425225e-01
1.763579386720364094e+09,6.474622572045335769e-03,3.789961854185917023e-01,1.422211288325131440e+00,2.651461592796477085e+00,-1.537537121151903108e+00,4.489554231952320174e-01
1.763579386770221949e+09,7.946370354941787242e-03,3.702316754873223315e-01,1.426385097555173287e+00,2.662749345522702704e+00,-1.528691084469224082e+00,4.329468253921963661e-01
1.763579386820153713e+09,7.216569684976911064e-03,3.556534381256373778e-01,1.432386272765983959e+00,2.666399647616763957e+00,-1.522791215850242796e+00,4.202649975426732132e-01
1.763579386870245218e+09,8.602745535432384377e-03,3.418833572763231854e-01,1.438349688335201826e+00,2.663260059837555982e+00,-1.514201777662791848e+00,4.097957160126761700e-01
1.763579386920361042e+09,4.176239983844957752e-03,3.307436911107520805e-01,1.445661019557740179e+00,2.655661052616455908e+00,-1.509781733252794744e+00,4.049772141702255301e-01
1.763579386970568895e+09,3.910308363689261185e-02,3.061120656422123831e-01,1.457439616151997797e+00,2.642433704211781365e+00,-1.513825571015624760e+00,3.549908831696141354e-01
1.763579387020418406e+09,1.589677330999078944e-02,3.013855327460331912e-01,1.461869377511686885e+00,2.625546969365879502e+00,-1.529603745000887471e+00,3.730909585235957504e-01
1.763579387070282936e+09,2.231827329694677786e-01,7.394167262422804421e-02,1.467770346945155735e+00,2.682090422069471014e+00,-1.580565711757753400e+00,7.119881710590521273e-02
1.763579387120295286e+09,2.114518314602815141e-01,7.284029652796385201e-02,1.474687251559081203e+00,2.677382673581744754e+00,-1.593789984898568157e+00,7.618383441470902295e-02
1.763579387170332670e+09,2.022394340011034186e-01,8.849993339947587190e-02,1.479982030908211899e+00,2.674034024894666572e+00,-1.596943451881921661e+00,8.295889963618550966e-02
1.763579387220295906e+09,1.914909264166006486e-01,1.145871104347804953e-01,1.485275551257103421e+00,2.673072449300239128e+00,-1.592947841041079338e+00,9.134149167854314910e-02
1.763579387270216942e+09,1.957283330378222774e-01,1.270182522721740592e-01,1.486012919822980338e+00,2.678063035121305280e+00,-1.585899381835760513e+00,7.991313220488660551e-02
1.763579387321453571e+09,1.312532654413942068e-01,1.637229008404749719e-01,1.497556398273910405e+00,2.692812873785245031e+00,-1.573158833617227748e+00,1.542985176515235257e-01
1.763579387371568918e+09,1.922687112250834329e-01,1.371177304434023914e-01,1.500413450397524384e+00,2.709100294683970400e+00,-1.558061780366734261e+00,9.582828809520284319e-02
1.763579387420854092e+09,2.252701692752964169e-01,1.297184033187204488e-01,1.503726947034902395e+00,2.719594570490095453e+00,-1.554515895294638073e+00,7.349760714326766808e-02
1.763579387469821692e+09,2.500632078703328709e-01,1.454536058444748370e-01,1.509062833563970418e+00,2.721379995255332140e+00,-1.552363359749026062e+00,6.723740920281930100e-02
1.763579387519258976e+09,2.622748492033730727e-01,1.635489619479247037e-01,1.516352702364170524e+00,2.727691019040107356e+00,-1.553088954762247953e+00,7.442436804331747924e-02
1.763579387569660187e+09,2.985224647819714749e-01,1.744141482554565914e-01,1.520838169852319455e+00,2.730779813341463136e+00,-1.550064453706627488e+00,6.042996451291399868e-02
1.763579387620662689e+09,3.388694105079053664e-01,1.687855577214964209e-01,1.522061730348266639e+00,2.727672702744283306e+00,-1.555731847348509334e+00,3.568904223177933599e-02
1.763579387671172380e+09,3.592726690421363944e-01,1.709119368890595902e-01,1.527177151568704705e+00,2.723541266626963608e+00,-1.562952546539971399e+00,3.821518985169081173e-02
1.763579387721022129e+09,3.776199137436080933e-01,1.629389476492349997e-01,1.531851116483412989e+00,2.713158284424530553e+00,-1.575563784900879671e+00,3.638246251104005485e-02
1.763579387770371199e+09,4.006532887917294561e-01,1.507652662949321709e-01,1.532904605566898892e+00,2.702055581320741418e+00,-1.593003517553184700e+00,2.635397252943038823e-02
1.763579387819710732e+09,4.157961508157070885e-01,1.561546402009532930e-01,1.534441645609709859e+00,2.696039664713117290e+00,-1.605866195687719600e+00,2.503329567738935349e-02
1.763579387869655848e+09,4.218801932786819808e-01,1.769830680870326522e-01,1.538283758809052992e+00,2.697860011997736063e+00,-1.607949134347154807e+00,3.119166833197993538e-02
1.763579387920120955e+09,4.374079400284640595e-01,1.945380405243559430e-01,1.537147344186631237e+00,2.701886879719371581e+00,-1.598945313621267461e+00,2.264977166533268041e-02
1.763579387970656395e+09,4.313803222077267074e-01,2.150126134428805291e-01,1.540186148850791525e+00,2.708201311659988342e+00,-1.588460541494902456e+00,2.716790864090281449e-02
1.763579388020918608e+09,4.364296866940591824e-01,2.296789151670921847e-01,1.537464684666724146e+00,2.713951066427350067e+00,-1.573613670292826505e+00,1.476243751167859511e-02
1.763579388070688725e+09,4.160857895554037067e-01,2.448370953227510249e-01,1.542366373082367348e+00,2.727345934970051733e+00,-1.556898826140924896e+00,2.137260709371047521e-02
1.763579388120191097e+09,4.095281799097593156e-01,2.607429060060806880e-01,1.541916195310223392e+00,2.735087620840855216e+00,-1.544331620426940166e+00,1.310032606811190048e-02
1.763579388169961691e+09,3.925503239105680442e-01,2.757540140934415795e-01,1.545768995191200812e+00,2.740121010065584173e+00,-1.534787120895283463e+00,2.071558425473467996e-02
1.763579388219960213e+09,3.929788789139455063e-01,2.833136730668459613e-01,1.545032973176001967e+00,2.738022357583739907e+00,-1.535908026738473264e+00,1.032920823849855022e-02
1.763579388270110369e+09,3.651750533127378073e-01,2.783208176168361359e-01,1.551767592985971111e+00,2.731864547574428315e+00,-1.535752007572334321e+00,1.833257641629510229e-02
1.763579388320588827e+09,3.608700415916483162e-01,2.777928225287937813e-01,1.550105508062057602e+00,2.740572954792697580e+00,-1.530862571120925608e+00,1.400754639025024624e-02
1.763579388370717764e+09,3.188679704113782098e-01,2.529285339384301778e-01,1.558258940056183484e+00,2.725960837423348160e+00,-1.525502925079747829e+00,3.031573029561359517e-02
1.763579388420752048e+09,-4.790651384801090235e-02,8.594852795204992180e-02,1.553037217956839022e+00,2.541307930363422951e+00,-1.447111823336175274e+00,2.343011623404416821e-01
1.763579388470414877e+09,-2.067044053966103287e-02,8.670325465641434692e-02,1.550395284926004980e+00,2.553912327194035825e+00,-1.489555436161964952e+00,1.878132620691285171e-01
1.763579388520124912e+09,-5.486466318755069127e-02,7.493177111712373550e-02,1.541280540679040412e+00,2.540565286054213612e+00,-1.523993646165844096e+00,1.887763295144622155e-01
1.763579388570194721e+09,-3.974624960664827067e-02,3.950365084078342331e-02,1.532175743605746598e+00,2.536539157727494054e+00,-1.554692472421588922e+00,1.456403846626138643e-01
1.763579388620393753e+09,-3.784312464280441962e-02,2.394378645791030852e-02,1.528576467474892508e+00,2.541636811611137414e+00,-1.580431510813583573e+00,1.250944932378836305e-01
1.763579388670463800e+09,-5.379540061509696658e-02,8.770005546843002292e-03,1.522685516532192640e+00,2.544015528283342764e+00,-1.596275564029734584e+00,1.133758935634068266e-01
1.763579388720512390e+09,-6.476511042133113738e-02,-7.464704319198903378e-03,1.515996440198534856e+00,2.549409533483764534e+00,-1.605893905300721514e+00,9.102986049613737141e-02
1.763579388770458221e+09,-7.819425875766274070e-02,-2.311082998499434243e-02,1.511435674948068408e+00,2.554528217463792217e+00,-1.611939333926884155e+00,7.077045412448423889e-02
1.763579388820326090e+09,-9.852528746263851389e-02,-2.270844728766400339e-02,1.509099684117656048e+00,2.558124153364799813e+00,-1.626606307651939920e+00,6.788552711467470135e-02
1.763579388870431662e+09,-1.115174938290866696e-01,-3.739078860134517623e-02,1.503457060442944027e+00,2.550548901151970860e+00,-1.639112300543255518e+00,5.155292011738495106e-02
1.763579388920606136e+09,-1.314779136546839755e-01,-3.188666914632150295e-02,1.500846039756760231e+00,2.548553381485807900e+00,-1.650013817502004487e+00,5.011863533248824693e-02
1.763579388970617294e+09,-1.432860843981958177e-01,-3.440869192869860926e-02,1.498365354561484342e+00,2.544428422418138158e+00,-1.657948065536154703e+00,3.136698356534690230e-02
1.763579389020465612e+09,-1.602755697353728248e-01,-3.592736053665442769e-02,1.495754803658713161e+00,2.537289801481052542e+00,-1.668878539960274354e+00,1.609951503364143166e-02
1.763579389070296049e+09,-1.832080511497684583e-01,-3.113722590564761000e-02,1.494110917637329505e+00,2.527958398281828334e+00,-1.687902076854066680e+00,5.755832531839710949e-03
1.763579389120364428e+09,-2.074777301065951207e-01,-3.117220161741703077e-02,1.491999294001613796e+00,2.516770055799586903e+00,-1.708938572975199799e+00,-1.341310576256659129e-02
1.763579389170469046e+09,-2.432651437149527252e-01,-1.829131593669352379e-02,1.493078839433860106e+00,2.509062591725847113e+00,-1.728686112146577081e+00,-2.361810615629110835e-02
1.763579389220502138e+09,-2.797488715832759376e-01,-3.506384396372538501e-03,1.494062189735796187e+00,2.499526565686731594e+00,-1.747095611069583443e+00,-3.473538313996193949e-02
1.763579389270507574e+09,-3.118635840523089064e-01,1.094578361040323897e-02,1.497343161144716994e+00,2.494183986976709733e+00,-1.762437003248829903e+00,-4.685921885039338874e-02
1.763579389320538282e+09,-3.440455349128886398e-01,1.213776437023805777e-02,1.498117556598231870e+00,2.488635277618549413e+00,-1.772744705898216644e+00,-5.438622597930386354e-02
1.763579389370530605e+09,-3.611023498008719690e-01,9.812808610505444062e-03,1.500926307893544864e+00,2.486574996796539150e+00,-1.781383381914738218e+00,-6.175915871907144972e-02
1.763579389420432329e+09,-3.645811147104014438e-01,-9.097640001380589156e-04,1.501688341230895452e+00,2.479955914409431639e+00,-1.785691142925844854e+00,-6.525686478362904830e-02
1.763579389470353365e+09,-3.475521494857354288e-01,-9.390447241333966383e-03,1.504211502540680812e+00,2.467815114680045330e+00,-1.789621450535302527e+00,-7.152559951018687412e-02
1.763579389520424128e+09,-3.001811789291772836e-01,-1.588344731755437708e-02,1.510192999323142438e+00,2.455650535970255177e+00,-1.789906186772236785e+00,-8.745433248246300972e-02
1.763579389670523405e+09,-1.525428551887455797e-01,-6.221459413726056209e-02,1.522750959324012721e+00,2.391631145101739353e+00,-1.777210421064985724e+00,-1.081585771716284672e-01
1.763579389720711470e+09,-1.479315166505808798e-01,-8.198635457687745987e-02,1.515078355992333536e+00,2.370117270320588609e+00,-1.763196629060166387e+00,-8.576966712759287459e-02
1.763579389770714760e+09,-1.366763942832110723e-01,-9.845206889468764710e-02,1.517833823754578981e+00,2.358772269379965536e+00,-1.759596490725990892e+00,-7.701839000801352642e-02
1.763579389820638180e+09,-1.416619549794129462e-01,-1.246830924520585249e-01,1.514883225891771490e+00,2.341529303788048466e+00,-1.755037084504253775e+00,-6.897709269374539820e-02
1.763579389870444775e+09,-1.296855856589519129e-01,-1.239702926756794943e-01,1.525173274739913598e+00,2.340683720156096381e+00,-1.767699363019691328e+00,-7.102829887319705993e-02
1.763579389920267582e+09,-1.407213539710635286e-01,-1.395622333422655015e-01,1.526916795454561937e+00,2.326967528639417804e+00,-1.766574403407442206e+00,-7.579369776656917634e-02
1.763579389971360683e+09,-1.325432152958832543e-01,-1.493435901288166778e-01,1.536299096189573943e+00,2.326660796565306111e+00,-1.763085431582111173e+00,-9.197162791860793996e-02
1.763579390022348166e+09,-1.343385674116067685e-01,-1.550412039755562077e-01,1.543120695437309786e+00,2.325020048517321580e+00,-1.761366704532223437e+00,-9.467205600249013753e-02
1.763579390072515488e+09,-1.332865306618125079e-01,-1.740371669571322277e-01,1.547353801077636204e+00,2.321944250657912434e+00,-1.756206622049577337e+00,-1.002340981810720816e-01
1.763579390122004032e+09,-1.341494683534705246e-01,-1.913683933826681727e-01,1.550367585691280858e+00,2.323947031155607856e+00,-1.750694051943463503e+00,-9.163373472932337394e-02
1.763579390171319962e+09,-1.308463341428301174e-01,-2.192875032807896363e-01,1.549382520594244861e+00,2.323100377632159930e+00,-1.743809207096086888e+00,-8.517201798495220577e-02
1.763579390220957041e+09,-1.411368640799639251e-01,-2.427915748668151019e-01,1.544636521929457773e+00,2.316074963290158273e+00,-1.742167524408928525e+00,-6.858153631620618473e-02
1.763579390271227837e+09,-1.433472019936538333e-01,-2.635927339833651906e-01,1.547876599491140537e+00,2.308463050883370560e+00,-1.750899062887289581e+00,-6.899048958276497723e-02
1.763579390322063684e+09,-1.460729038437448557e-01,-2.777780024164070993e-01,1.550306509278111200e+00,2.306211390674357098e+00,-1.758936919485065253e+00,-7.211449557064995852e-02
1.763579390372376919e+09,-1.463186828104445503e-01,-2.971190300875876100e-01,1.551136376032798969e+00,2.310831394837485231e+00,-1.760796551553921008e+00,-7.965126535428593280e-02
1.763579390422078133e+09,-1.542302562535630139e-01,-3.174930657504917431e-01,1.551525576808467033e+00,2.310406987241829135e+00,-1.767376516776679729e+00,-8.046968770889745270e-02
1.763579390471333504e+09,-1.541939283481452705e-01,-3.350431047553118491e-01,1.552787284707783266e+00,2.307558875353370453e+00,-1.775149579852451920e+00,-8.130943390302161622e-02
1.763579390520748377e+09,-1.494376455090684896e-01,-3.552283297000831674e-01,1.547135230545540141e+00,2.296126482672592672e+00,-1.778019979190692546e+00,-8.722573398198327221e-02
1.763579390570708513e+09,-1.512144157825501267e-01,-3.630026669114163052e-01,1.545158091775352460e+00,2.282583065737517458e+00,-1.776372085137241097e+00,-8.419389576924608820e-02
1.763579390621269703e+09,-1.397262239964909558e-01,-3.709985544128295842e-01,1.544998287179477181e+00,2.274215641945472210e+00,-1.766752193869498777e+00,-9.235882642114874586e-02
1.763579390671887159e+09,-1.413011639850916268e-01,-3.842894023002395021e-01,1.537157385605051774e+00,2.258941555423099157e+00,-1.750639500142014748e+00,-9.460760282476438077e-02
1.763579390722009420e+09,-1.361641999049277851e-01,-3.936425337670187985e-01,1.535779707773519576e+00,2.248063205850008739e+00,-1.738005093881542562e+00,-1.001901659575457348e-01
1.763579390771615505e+09,-9.898268257353294575e-02,-4.014500297912596549e-01,1.539350231440918426e+00,2.237590366263350283e+00,-1.738490148331699903e+00,-1.323274831025599840e-01
1.763579390821114540e+09,-1.122459502953758737e-01,-3.933775151929918001e-01,1.544201884002494918e+00,2.219925477667255898e+00,-1.728149681154845130e+00,-1.148607410342050855e-01
1.763579390870928049e+09,-1.441405575156554653e-01,-3.989221603827632912e-01,1.547272449922154847e+00,2.196317955320637783e+00,-1.702465235384574838e+00,-8.486819185605180837e-02
1.763579390921233416e+09,-1.335861783885287368e-01,-4.179704872348516953e-01,1.539729890120053346e+00,2.175900269062049475e+00,-1.686305415809499886e+00,-9.379177017041474829e-02
1.763579390971513510e+09,-1.106718960853169675e-01,-4.295840569255360841e-01,1.542225715725878077e+00,2.167498533661448512e+00,-1.680428908407724853e+00,-1.063971625858910336e-01
1.763579391021567822e+09,-1.051975638679945174e-01,-4.430682279145677360e-01,1.540453186375239092e+00,2.152908646406494153e+00,-1.676788254549034018e+00,-1.092292556846278656e-01
1.763579391072800875e+09,-1.134898002451140420e-01,-4.516196322369588900e-01,1.540571939011591285e+00,2.139850912097768898e+00,-1.670630238945739476e+00,-9.920937489374573315e-02
1.763579391123854160e+09,-1.288387865460844939e-01,-4.783127538306620741e-01,1.536189278203900388e+00,2.113098121988820299e+00,-1.661996651437251504e+00,-9.382956739689228554e-02
1.763579391173975229e+09,-1.243769051390010705e-01,-4.796188941668332317e-01,1.545402029945754041e+00,2.099893151897559651e+00,-1.667032344290741097e+00,-8.578143774541596711e-02
1.763579391223272562e+09,-1.347611507144435838e-01,-4.961849584595292018e-01,1.551010055284901767e+00,2.075221497451106512e+00,-1.664323003105983689e+00,-7.258037395119915081e-02
1.763579391272415161e+09,-1.359732712457411008e-01,-5.177161162924656113e-01,1.544213263417741233e+00,2.051784444860055068e+00,-1.657188806315599283e+00,-6.846006238775864672e-02
1.763579391322032452e+09,-1.219634721840335279e-01,-5.183833103568377121e-01,1.556616030532615325e+00,2.045127130867691712e+00,-1.660032048906339597e+00,-6.328925053861078620e-02
1.763579391372249603e+09,-1.714701793695327103e-01,-5.406509731150178633e-01,1.554836793418633567e+00,2.015622542601721356e+00,-1.636584698828566387e+00,-2.885357832888613833e-02
1.763579391725488424e+09,-1.659437569118620281e-01,-5.549818000635117210e-01,1.682992764310012879e+00,1.938733535467926705e+00,-1.601373724311854652e+00,9.300730201212127624e-02
1.763579391923924446e+09,-1.390229577045090092e-01,-6.396006991935346830e-01,1.629255885649817159e+00,1.931154955884570867e+00,-1.651033856622013296e+00,3.164538173014478512e-02
1.763579391974596024e+09,-1.123000752411127401e-01,-6.644873886313985567e-01,1.602350753213966916e+00,1.922129787462839801e+00,-1.660637576752074462e+00,-2.426769698958978864e-03
1.763579392024932861e+09,-1.517829174119783298e-01,-6.890913921751921078e-01,1.588060611903653330e+00,1.896258269065065560e+00,-1.645490098167903259e+00,5.191482726649706636e-04
1.763579392374637365e+09,-1.882996364056472027e-01,-8.155461666218885020e-01,1.450041220559221022e+00,1.801380609870678828e+00,-1.533818493080077339e+00,-1.665217038427029839e-01
1.763579392424511194e+09,-1.535920343134069554e-01,-8.232901497331738261e-01,1.437685091314131691e+00,1.801787957701728615e+00,-1.531800915508962246e+00,-1.982068394445772319e-01
1.763579392474494696e+09,-1.386403351490027858e-01,-8.651528534522097136e-01,1.407152287206681729e+00,1.786671848122125983e+00,-1.515112033345549891e+00,-2.374439231106726667e-01
1.763579392724251986e+09,-1.541630382554251000e-01,-8.968797277234243914e-01,1.336575030779858952e+00,1.749564577004718791e+00,-1.453631896615802388e+00,-3.303587062151362996e-01
1.763579392774482727e+09,-1.728588419967187761e-01,-8.885589119335077779e-01,1.328979620425651875e+00,1.744277529521319092e+00,-1.446453470221027438e+00,-3.250120922075093732e-01
1.763579392874603510e+09,-1.683649825287615032e-01,-9.312522611578477605e-01,1.274088430073886169e+00,1.717067150721969027e+00,-1.395684789350284394e+00,-3.647462423738616621e-01
1.763579392924497128e+09,-1.628380696690432672e-01,-8.957898397471624197e-01,1.301567690375470265e+00,1.739822794368826031e+00,-1.408643305468604723e+00,-3.560836025296166274e-01
1.763579393324445486e+09,-1.196468676479815196e-01,-9.265659342860351755e-01,1.147764015300535512e+00,1.773899965927973721e+00,-1.415160896753909991e+00,-5.424371041082640676e-01
1.763579393374410629e+09,-1.009629463574321789e-01,-9.396862235907146310e-01,1.127095776278318695e+00,1.762446893138486681e+00,-1.419399683500849108e+00,-5.710794558911690411e-01
1.763579393424461365e+09,-8.309641796600286678e-02,-9.676474641299755985e-01,1.116324339596843851e+00,1.743337857416195735e+00,-1.417371331599750484e+00,-5.947426751234048403e-01
1.763579393474508762e+09,-9.197054371307979148e-02,-9.451026079903468435e-01,1.119401016476029520e+00,1.735973999219338815e+00,-1.427727986783317915e+00,-5.755134158626542540e-01
1.763579393524470091e+09,-9.192987862965600054e-02,-9.299608188109023121e-01,1.115429041902346041e+00,1.725747382708865629e+00,-1.435272080330806110e+00,-5.710412562987188245e-01
1.763579393574458599e+09,-8.407217572046971066e-02,-9.502637589052944644e-01,1.094339717574359661e+00,1.707832127892376040e+00,-1.429920581843847183e+00,-5.932315991450221038e-01
1.763579393824306011e+09,-8.105120214783735622e-02,-9.267031206379199304e-01,1.111618507200334616e+00,1.745677640335878911e+00,-1.478475854604324402e+00,-6.751659168609276396e-01
1.763579393874466419e+09,-8.904780625683679507e-02,-9.321482534408341847e-01,1.116088535096225964e+00,1.737553384063627693e+00,-1.491427593701204035e+00,-6.719803779431988699e-01
1.763579393924418211e+09,-1.024221136010631250e-01,-9.547862603760629563e-01,1.098118086633727231e+00,1.717303352770448654e+00,-1.490056822756593125e+00,-6.668988676930250881e-01
1.763579394424218416e+09,-9.793164659837313990e-02,-9.096370427041926554e-01,1.131383542038902679e+00,1.758179664829544464e+00,-1.639615924632455757e+00,-5.204079095943285882e-01
1.763579394524336576e+09,-8.420250959703189098e-02,-8.902951919642565493e-01,1.158450792377597516e+00,1.767628954973016642e+00,-1.663480217153324947e+00,-5.337471466609153836e-01
1.763579394574386120e+09,-8.424137036042110560e-02,-9.121142614656446712e-01,1.142468099993852126e+00,1.758623591136370568e+00,-1.653823094969262275e+00,-5.503420472370210703e-01
1.763579394674582005e+09,-9.442280280902720646e-02,-8.892569904840452732e-01,1.165852769112944110e+00,1.758223562084221703e+00,-1.696284932962117908e+00,-5.282957044813010317e-01
1.763579394724528074e+09,-9.082269472856988046e-02,-8.950869941297819876e-01,1.156677741300203843e+00,1.735908387689702570e+00,-1.706767583658750587e+00,-5.384330736349598467e-01
1.763579394774360180e+09,-9.447313911278554244e-02,-8.975290802775076626e-01,1.141097573717358760e+00,1.717679991352712765e+00,-1.700125452900818734e+00,-5.400520587371535619e-01
1.763579394974249125e+09,-8.847720431918140727e-02,-8.609604476496455217e-01,1.136106603620631095e+00,1.694485846507992610e+00,-1.716570283215323789e+00,-4.892648690878752538e-01
1.763579395024422884e+09,-7.304396423013172213e-02,-8.424945981068997503e-01,1.135554500221888308e+00,1.695967646855256472e+00,-1.734093533781467800e+00,-4.901566594539331634e-01
1.763579395074432850e+09,-9.289961496264304008e-02,-8.439830273271730077e-01,1.117411580851001673e+00,1.690138754065654281e+00,-1.726364718074639315e+00,-4.752875550071345989e-01
1.763579395224195242e+09,-8.660618926790898675e-02,-8.045811283569087591e-01,1.081838732594057495e+00,1.725379387968049683e+00,-1.770420664781135356e+00,-4.300720802018956901e-01
1.763579395274195910e+09,-7.541966445778038042e-02,-7.734605582297624515e-01,1.072369922691928323e+00,1.743305014868949954e+00,-1.792811456422433558e+00,-4.236112839280813391e-01
1.763579395324476719e+09,-6.502776321557690586e-02,-7.598867786431879878e-01,1.045148341126482139e+00,1.749862455894332980e+00,-1.798901317367208597e+00,-4.375156425667471871e-01
1.763579395374659061e+09,-6.177219165971200437e-02,-7.334477614416016200e-01,1.044242493836772923e+00,1.761737479961779540e+00,-1.816036413503125058e+00,-4.307446825779404631e-01
1.763579395424573183e+09,-5.764957428494690839e-02,-7.171117837403558903e-01,1.029031347440643618e+00,1.761174000383444183e+00,-1.824456421139287521e+00,-4.308543634518622323e-01
1.763579395474397182e+09,-4.482630829911037063e-02,-6.990266529462741962e-01,1.019244156323366735e+00,1.765815278894415474e+00,-1.833704153896924982e+00,-4.348902128533626565e-01
1.763579395524215937e+09,-4.242029713428153298e-02,-6.819473011615558855e-01,1.011437047647698373e+00,1.767952640259743857e+00,-1.843789183881616944e+00,-4.335209913965448192e-01
1.763579395574230671e+09,-4.802544169568766230e-02,-6.712268803346993495e-01,9.914699349657527527e-01,1.764520342158439448e+00,-1.846176720175234376e+00,-4.339166864785956035e-01
1.763579395624240875e+09,-3.462208931472212509e-02,-6.527373010981233348e-01,9.844304427848885597e-01,1.777351880625124059e+00,-1.863673446687185820e+00,-4.393942793257679669e-01
1.763579395676235676e+09,-3.721248277491168155e-02,-6.405217462685047769e-01,9.693119881800973392e-01,1.777488195616763411e+00,-1.874276833216562688e+00,-4.362873082700248206e-01
1.763579395726057053e+09,-2.991112201127417436e-02,-6.261345515234850723e-01,9.597219860012007331e-01,1.784101716999993315e+00,-1.885607981164973967e+00,-4.325969183194878775e-01
1.763579395774796486e+09,-3.137055654691273815e-02,-6.121061061976720286e-01,9.461035859826969485e-01,1.781507988470535597e+00,-1.888160635258782305e+00,-4.203623952672881359e-01
1.763579395823621750e+09,-2.161264841823207564e-02,-5.966734893991463284e-01,9.304812837539108150e-01,1.776955076572920511e+00,-1.895071368633790998e+00,-4.229723278013602372e-01
1.763579395873289347e+09,-1.858384833361752947e-02,-5.802558689545321835e-01,9.186039513929531442e-01,1.762063486841313642e+00,-1.910597236589627990e+00,-4.253911348404342818e-01
1.763579395923903465e+09,-2.111961431158453084e-02,-5.642848859152085339e-01,9.072601916821831924e-01,1.739733372382368026e+00,-1.930054727811640669e+00,-4.255321051847396063e-01
1.763579395974833965e+09,-1.686596034888462881e-02,-5.496931085886761492e-01,8.955737435556676562e-01,1.726213461283207407e+00,-1.951002203486989162e+00,-4.306219758147043497e-01
1.763579396025438786e+09,-1.682435635727687340e-02,-5.354600817324208784e-01,8.861371095696327638e-01,1.723306194764057553e+00,-1.971832817202587407e+00,-4.322872881458034722e-01
1.763579396075242281e+09,-1.493213241074850192e-02,-5.240923388499957314e-01,8.748606828710999705e-01,1.725649568205907425e+00,-1.992230356532404878e+00,-4.432957815414123037e-01
1.763579396124444962e+09,-2.247015344942220050e-02,-5.110505144442716308e-01,8.644483477077498090e-01,1.731020584041818466e+00,-2.005733830180052468e+00,-4.438013071445328084e-01
1.763579396173743725e+09,-2.655059159801606908e-02,-4.981558589441220652e-01,8.553644096748491688e-01,1.736872779887746354e+00,-2.019504216412904007e+00,-4.519043552947485942e-01
1.763579396223578215e+09,-2.803025188751066474e-02,-4.838741085615845261e-01,8.478834003495895333e-01,1.748571229001246730e+00,-2.030767862864185425e+00,-4.588753581860238184e-01
1.763579396274023056e+09,-3.117543493147208883e-02,-4.701589661199238601e-01,8.415693063404744434e-01,1.762542177750445083e+00,-2.035057739452825754e+00,-4.602956946972639463e-01
1.763579396324652910e+09,-3.423993183251015926e-02,-4.567785598483198317e-01,8.357205792806302602e-01,1.778502324628858933e+00,-2.033441526318067627e+00,-4.521340712868492373e-01
1.763579396375188828e+09,-3.370432113887165959e-02,-4.429228137686097022e-01,8.304802610801483853e-01,1.790353358481766133e+00,-2.035093800471152292e+00,-4.406256275776384568e-01
1.763579396424951792e+09,-3.225382887524934350e-02,-4.286617321409986747e-01,8.250001642916536815e-01,1.802066184503931190e+00,-2.036769081485503285e+00,-4.294394378081770602e-01
1.763579396474485397e+09,-3.517034688735309195e-02,-4.159562236492172493e-01,8.191638099915842242e-01,1.810102058951584381e+00,-2.045238361933784166e+00,-4.204801886942953759e-01
1.763579396524164677e+09,-4.001836718898373058e-02,-4.053284622793530967e-01,8.158062901505251929e-01,1.822356100035880999e+00,-2.063371164994921791e+00,-4.089766513569054740e-01
1.763579396574023962e+09,-4.976923781804579866e-02,-3.967609579004153786e-01,8.114675600039897851e-01,1.834386448316556617e+00,-2.084882350870539192e+00,-3.922759779682747916e-01
1.763579396624103308e+09,-5.550512842712903433e-02,-3.932126070989332978e-01,8.059870958441262001e-01,1.846727269857505460e+00,-2.105530729953447366e+00,-3.785484222074848026e-01
1.763579396674338341e+09,-5.883012167570608741e-02,-3.855468730832126156e-01,7.989745851951683964e-01,1.854961393787182944e+00,-2.128920613006560991e+00,-3.604518283402408096e-01
1.763579396723356485e+09,-6.053457539800112530e-02,-3.783097992415053734e-01,7.933889135744010002e-01,1.852511496602085028e+00,-2.151288607738994330e+00,-3.464009707661468984e-01
1.763579396772429228e+09,-6.016568684427929525e-02,-3.672239610768271989e-01,7.889164681164165804e-01,1.845370868225740590e+00,-2.170620154969374216e+00,-3.339089435691277585e-01
1.763579396822113514e+09,-5.744725826388463741e-02,-3.550421990042489928e-01,7.848174075589975374e-01,1.841418157353299279e+00,-2.182831460301881243e+00,-3.253768879991690288e-01
1.763579396872773409e+09,-5.329284168587743176e-02,-3.424278862377758692e-01,7.798933796362790272e-01,1.840419179336144406e+00,-2.188394538987859406e+00,-3.154596635142850602e-01
1.763579396923633099e+09,-4.650687485866270010e-02,-3.295489399690034182e-01,7.750351222826805664e-01,1.837934764486747419e+00,-2.192488903725934524e+00,-3.037305046138498166e-01
1.763579396973950386e+09,-3.649275099992948385e-02,-3.182134630788076568e-01,7.690437119780499930e-01,1.835745311743460784e+00,-2.194540715816004628e+00,-2.884138680755066741e-01
1.763579397023687363e+09,-2.328211082413094574e-02,-3.081080823846703565e-01,7.617567446718985780e-01,1.828572162546599600e+00,-2.193370290178620508e+00,-2.654856978854288063e-01
1.763579397073018074e+09,-4.952389885188087509e-03,-2.998181352326357851e-01,7.563309809577716258e-01,1.823549002585439061e+00,-2.188604400535781203e+00,-2.328006400651926600e-01
1.763579397122603416e+09,1.439315728266685190e-02,-2.919286301228669056e-01,7.536914544151697148e-01,1.819686148784339208e+00,-2.185333941051062823e+00,-1.956708602728444435e-01
1.763579397172523499e+09,3.130770085095926913e-02,-2.843582734083963670e-01,7.514676760954496215e-01,1.815411444611439329e+00,-2.186270428624265350e+00,-1.639720262070902268e-01
1.763579397222885847e+09,4.368783762887248207e-02,-2.761871834612963372e-01,7.492464816387781612e-01,1.813858057838164894e+00,-2.189365417768395439e+00,-1.387248937483700206e-01
1.763579397273452044e+09,4.858156397808108262e-02,-2.656014910461628742e-01,7.449279826676212801e-01,1.815585020817874096e+00,-2.188785135544220495e+00,-1.200853893466644479e-01
1.763579397323701382e+09,4.976659730767401396e-02,-2.569787963999503044e-01,7.377710937471370078e-01,1.828455511039166703e+00,-2.182318199727069974e+00,-1.074728949488043539e-01
1.763579397373336315e+09,4.684185902753120606e-02,-2.514344503048466795e-01,7.297150717446811985e-01,1.843183936719395177e+00,-2.176457181217417602e+00,-9.408687872243080841e-02
1.763579397422833204e+09,4.195840163304258991e-02,-2.444349500175705958e-01,7.221710957449496426e-01,1.849061676685972433e+00,-2.177412111456372923e+00,-8.657678611795738277e-02
1.763579397472778082e+09,3.789676182515418212e-02,-2.362770720419277715e-01,7.156405612414364903e-01,1.854727323159288899e+00,-2.172962339607505289e+00,-7.556777163347312698e-02
1.763579397522781134e+09,3.690111688818902697e-02,-2.254479048748746772e-01,7.107557122249162918e-01,1.864897823118277564e+00,-2.160056924653954269e+00,-6.216252611226476266e-02
1.763579397572847128e+09,3.764763826903462507e-02,-2.122854354989022196e-01,7.080513712736051790e-01,1.877553440913962923e+00,-2.143060480802093881e+00,-4.884194710618731949e-02
1.763579397622909307e+09,3.541963893330253577e-02,-1.981048027527601840e-01,7.057313211781401918e-01,1.887261305784180276e+00,-2.125874120782240695e+00,-3.141690990644089437e-02
1.763579397672924280e+09,3.429238345485387945e-02,-1.877757179976395907e-01,7.017466608756837143e-01,1.893436701457455129e+00,-2.113426922177783940e+00,-2.379569544189355165e-02
1.763579397723114252e+09,2.996306722419386781e-02,-1.780614554176611630e-01,6.977309223170444774e-01,1.903420954497411000e+00,-2.099277359145084176e+00,-1.259312191310570789e-02
1.763579397773157597e+09,2.302600864308010711e-02,-1.682506382434335590e-01,6.926705395057607406e-01,1.915814725274503472e+00,-2.084013111340605295e+00,-2.936241206657680142e-03
1.763579397823220491e+09,1.266438472855586743e-02,-1.593150363131353164e-01,6.857915488625293543e-01,1.925132781319589537e+00,-2.071347727733406696e+00,1.373120035882953536e-03
1.763579397873113155e+09,9.204939879170908636e-05,-1.500354569824084716e-01,6.783517583570461973e-01,1.932373757530436720e+00,-2.060009822542531399e+00,5.969407556730958568e-03
1.763579397922885656e+09,-1.343323569039429205e-02,-1.404826463282685123e-01,6.714432151925697756e-01,1.940266115895222576e+00,-2.051013272561013956e+00,9.192726546010355007e-03
1.763579397972562551e+09,-2.598747669004151245e-02,-1.309395313199074318e-01,6.648851950085599150e-01,1.950018252012847286e+00,-2.039344019977323175e+00,1.293124184868843680e-02
1.763579398022515059e+09,-3.691423943292493348e-02,-1.215235321326072759e-01,6.595742061460680983e-01,1.959665972902109754e+00,-2.029992693002577564e+00,1.708920000057995506e-02
1.763579398072784901e+09,-4.471800859585727678e-02,-1.126352291916943166e-01,6.557485562404283819e-01,1.967611271039340082e+00,-2.024225657278671431e+00,2.268306041766189954e-02
1.763579398123013258e+09,-5.056823663237581395e-02,-1.052226316626895530e-01,6.528139253456229918e-01,1.969020677979637535e+00,-2.024250366490833564e+00,3.206943698137443288e-02
1.763579398173345089e+09,-5.266835037466289365e-02,-9.805206187342994928e-02,6.521696690878157066e-01,1.974175886814759640e+00,-2.023491990805942997e+00,4.592879024345625227e-02
1.763579398223303080e+09,-5.395433629631306294e-02,-9.228083793424962655e-02,6.518770218030209840e-01,1.976193482401066737e+00,-2.028000855168630157e+00,5.802262580158618066e-02
1.763579398273196697e+09,-5.751338268487864169e-02,-8.654812183123139491e-02,6.507789985259276877e-01,1.978109779328750317e+00,-2.035273296507751795e+00,6.747138094387272744e-02
1.763579398322936058e+09,-6.593830615657572669e-02,-7.845566744817614180e-02,6.491435784642699547e-01,1.986003391881788094e+00,-2.039696878909621702e+00,7.300740901030826346e-02
1.763579398372763157e+09,-8.004986922838425167e-02,-6.884842200080516783e-02,6.450395159493407249e-01,2.000590038645242430e+00,-2.036614493991773855e+00,7.540261069469365862e-02
1.763579398422613859e+09,-9.675380353736390271e-02,-5.900714414258163842e-02,6.418609885420839545e-01,2.016922984433171084e+00,-2.036183572264417929e+00,8.072638223646892708e-02
1.763579398472942114e+09,-1.125843834646625408e-01,-5.493633126587461890e-02,6.395598062328545774e-01,2.023393469398838462e+00,-2.047028959428235151e+00,9.201810160146854656e-02
1.763579398523269653e+09,-1.276376482367571896e-01,-5.392395492514105715e-02,6.393169695620383175e-01,2.020945588799318404e+00,-2.069819819655276394e+00,1.079149014554347530e-01
1.763579398573441029e+09,-1.406291933429129060e-01,-5.428368455135030440e-02,6.406471083649271092e-01,2.023400045781243328e+00,-2.089245608882027927e+00,1.260234055971151956e-01
1.763579398623459339e+09,-1.509686950733767075e-01,-5.653615704002717957e-02,6.427223210343588899e-01,2.038163069452288756e+00,-2.095308776230786485e+00,1.476831927779776732e-01
1.763579398674037218e+09,-1.612314379407394638e-01,-5.704804017533373489e-02,6.460654111544017475e-01,2.054345588339860473e+00,-2.100647468025257592e+00,1.685345318530008518e-01
1.763579398723542452e+09,-1.711579650895677374e-01,-5.627550126485857118e-02,6.489157397138354266e-01,2.069813661425654150e+00,-2.104246579003631101e+00,1.843871929134055510e-01
1.763579398772708178e+09,-1.812162824006778861e-01,-5.037109336113441277e-02,6.501260539635498326e-01,2.078808025314839103e+00,-2.108235567493829343e+00,1.957786929375813778e-01
1.763579398822225571e+09,-1.894475173554909520e-01,-3.712914681970889974e-02,6.492893216776732812e-01,2.076966888904264952e+00,-2.115122524955448391e+00,2.031010842406324179e-01
1.763579398872509003e+09,-1.933135441347006711e-01,-1.901150650407924109e-02,6.473502313020036425e-01,2.074723595497486084e+00,-2.116648610260715380e+00,2.101830532843017574e-01
1.763579398923149586e+09,-1.912878876559275521e-01,-1.127904910178393260e-03,6.468447171218426606e-01,2.079872759373670998e+00,-2.111233323779516891e+00,2.191320942616445111e-01
1.763579398973690510e+09,-1.874659456596138030e-01,1.507026037260225486e-02,6.452020276608123606e-01,2.084402427448125206e+00,-2.103384491159446590e+00,2.311391188916541994e-01
1.763579399023665905e+09,-1.839193189769012804e-01,2.754018784383283069e-02,6.429055534940207872e-01,2.086174057114547065e+00,-2.097819948393287781e+00,2.438161585117952779e-01
1.763579399073176861e+09,-1.832843184981210738e-01,3.725139614203559074e-02,6.393632157145712203e-01,2.081941804987066824e+00,-2.099899918288667511e+00,2.514705399244167028e-01
1.763579399122724771e+09,-1.854549760790268342e-01,4.521088143514627455e-02,6.345068472785124758e-01,2.076029043791840945e+00,-2.105897254734180102e+00,2.529525440653896395e-01
1.763579399172652245e+09,-1.896345107414725284e-01,5.222870471451407370e-02,6.284614715548861863e-01,2.070407114691168893e+00,-2.112270152425983483e+00,2.521809808503936434e-01
1.763579399222874165e+09,-1.932165070588714451e-01,5.823850478105050549e-02,6.228009172045038122e-01,2.068037481937878397e+00,-2.117191620725823231e+00,2.511326296553996196e-01
1.763579399273046255e+09,-1.958285098766688326e-01,6.326819353986115613e-02,6.177586825554640670e-01,2.069616498117314407e+00,-2.117128910292563226e+00,2.508041212719603896e-01
1.763579399323098660e+09,-1.979395467210048332e-01,6.747018850751020091e-02,6.138215694116846421e-01,2.070727021550493152e+00,-2.119375290231074960e+00,2.496195064444028389e-01
1.763579399372942924e+09,-2.006512094164969173e-01,6.888264468425550624e-02,6.114764907114366155e-01,2.074528370334472793e+00,-2.123071820230864493e+00,2.504708107145213192e-01
1.763579399423163414e+09,-2.016702346005795343e-01,6.941794907357601296e-02,6.104938515609948935e-01,2.089871528928135547e+00,-2.117945766259453855e+00,2.542925385233211211e-01
1.763579399473028898e+09,-2.053804736233626194e-01,7.056163541630210145e-02,6.096366595299914648e-01,2.099957366357433575e+00,-2.117596503935224472e+00,2.548633256803842784e-01
1.763579399523037195e+09,-2.097959611882737330e-01,7.164238581361093150e-02,6.099027816674966740e-01,2.110451559306651959e+00,-2.119804771949534317e+00,2.548889689770546529e-01
1.763579399573027134e+09,-2.108324725356292839e-01,6.891507557397791306e-02,6.131891304665638698e-01,2.122581552750970602e+00,-2.125059678534136687e+00,2.580688077559013527e-01
1.763579399622908115e+09,-2.087849578477150581e-01,6.441890435732859632e-02,6.191503088179534098e-01,2.134546757093912284e+00,-2.132421925075147051e+00,2.676205481283446264e-01
1.763579399672865629e+09,-2.028477808638426139e-01,5.856530739777723871e-02,6.281160646710874929e-01,2.147847055960095730e+00,-2.140798565306149204e+00,2.788115336522538623e-01
1.763579399723132849e+09,-1.945792977567995796e-01,5.318016511261867280e-02,6.391434274645753089e-01,2.153946780586087684e+00,-2.156389949757846480e+00,2.928470675763634734e-01
1.763579399773246288e+09,-1.860279219895792646e-01,4.919173267529500931e-02,6.503160705511115136e-01,2.155430921808565881e+00,-2.172580322514025664e+00,3.083153812656174164e-01
1.763579399823294401e+09,-1.753558051773405069e-01,5.165762139514849111e-02,6.628159407958539306e-01,2.169197286344176856e+00,-2.183683517731054291e+00,3.281769208472077870e-01
1.763579399873100281e+09,-1.625919849817091811e-01,5.767286025151795170e-02,6.762740351812651651e-01,2.190416845177912908e+00,-2.191483513877095834e+00,3.417360134913802194e-01
1.763579399922805309e+09,-1.533675655391277814e-01,6.238458591824343896e-02,6.855957613175096554e-01,2.203819903458547280e+00,-2.197188297834117066e+00,3.510406031958266948e-01
1.763579399972898006e+09,-1.445135581668429703e-01,6.684901454710025226e-02,6.958218619191356424e-01,2.204538221013748966e+00,-2.203261672324099418e+00,3.565114267138644322e-01
1.763579400022946119e+09,-1.367598372535090978e-01,7.135013535306851395e-02,7.051001812639637878e-01,2.188400725479898057e+00,-2.202459297161329044e+00,3.598658560792308281e-01
1.763579400072872639e+09,-1.269811029302009009e-01,7.965936451259081341e-02,7.139372542289567081e-01,2.177402939588582331e+00,-2.197750175452458432e+00,3.641954682126997134e-01
1.763579400122767925e+09,-1.148911729365826584e-01,9.176655881557778394e-02,7.224411214636128342e-01,2.172086418105550809e+00,-2.187364958858353692e+00,3.746415382924156434e-01
1.763579400173039198e+09,-1.001433477590166765e-01,1.037221211252458836e-01,7.318681316865613962e-01,2.166005301423877150e+00,-2.178949826463610240e+00,3.851599321436434686e-01
1.763579400223305702e+09,-8.826295221286327430e-02,1.086251736114040578e-01,7.398094425369308169e-01,2.166128731632828153e+00,-2.179899932282807207e+00,3.938051656946019996e-01
1.763579400273174524e+09,-7.614304895571553933e-02,1.158189638901398477e-01,7.488760694037858157e-01,2.163916347498964221e+00,-2.178613491917503087e+00,3.981282182649219514e-01
1.763579400322889805e+09,-5.914622089414726253e-02,1.222334652024930773e-01,7.604841212440460740e-01,2.160381144068210357e+00,-2.172271316183967738e+00,3.847372108525162759e-01
1.763579400372875690e+09,-5.527388098345809020e-02,1.359135066436929495e-01,7.667491946533591118e-01,2.158909495332108630e+00,-2.167728093068160611e+00,3.947223533654707905e-01
1.763579400423179865e+09,-5.442088431052058417e-02,1.499194073015577555e-01,7.717971374743434199e-01,2.158880220931545413e+00,-2.166372865362549582e+00,4.057939636531006089e-01
1.763579400474067926e+09,-5.639279857335429552e-02,1.691501906625305640e-01,7.749905562748943266e-01,2.155196976561221778e+00,-2.172193010403559388e+00,4.283976062699912379e-01
1.763579400523899078e+09,-5.730205338487651123e-02,1.884364626462778081e-01,7.781996237506226821e-01,2.153543484746575309e+00,-2.176605664158905995e+00,4.527845561225621873e-01
1.763579400573373079e+09,-5.924933579292893104e-02,2.047931205078722672e-01,7.831457801108062666e-01,2.150953706821918665e+00,-2.177512166684934414e+00,4.762074018576193946e-01
1.763579400622816563e+09,-6.235644710053227929e-02,2.180690079370239953e-01,7.894796752409192209e-01,2.141918062516889876e+00,-2.178796339578715546e+00,4.923670315037467216e-01
1.763579400672381878e+09,-6.684704848972777835e-02,2.265090585356813735e-01,7.962817771470156458e-01,2.133486676075103006e+00,-2.178180949162068281e+00,4.959261041956467553e-01
1.763579400722630501e+09,-7.262594817964394822e-02,2.326179797715080821e-01,8.035327641645796382e-01,2.127348987707302630e+00,-2.171440107671791075e+00,4.904058462471081459e-01
1.763579400773250103e+09,-7.672252274630637914e-02,2.380451385081438220e-01,8.134331360936862820e-01,2.121184666753729520e+00,-2.159073339014638826e+00,4.832472258121541242e-01
1.763579400823743105e+09,-7.718064042441061257e-02,2.427110674972133286e-01,8.260478922432911153e-01,2.115746089042481071e+00,-2.141077861590170439e+00,4.811105414253469270e-01
1.763579400873773098e+09,-7.501841197695818808e-02,2.486492888947079982e-01,8.400275356729661747e-01,2.107087166408760925e+00,-2.125319751921285416e+00,4.848194913150134511e-01
1.763579400923363686e+09,-7.484578815395553919e-02,2.580943917982786440e-01,8.522270203544908274e-01,2.091135530662022290e+00,-2.120598315435100467e+00,4.971625857647865021e-01
1.763579400972988367e+09,-7.768078216092899613e-02,2.740358281331330415e-01,8.612364624840821437e-01,2.069954799211195962e+00,-2.120863685876168248e+00,5.187552031280820986e-01
1.763579401022948027e+09,-8.311390613763207369e-02,2.926479895287466548e-01,8.653572957956492395e-01,2.054232136216433524e+00,-2.124709171940691643e+00,5.365186271449887689e-01
1.763579401073360443e+09,-9.413293143339268587e-02,3.159835769206048584e-01,8.612838472596379136e-01,2.046080252725550608e+00,-2.131969088578433258e+00,5.583404880292198724e-01
1.763579401123571396e+09,-1.048549840314097203e-01,3.410907846943936339e-01,8.539441244975184420e-01,2.045660548165203707e+00,-2.135187721715110065e+00,5.854179251090138036e-01
1.763579401173353434e+09,-1.101782907181389631e-01,3.617990896796364764e-01,8.505585811515129491e-01,2.049377043285429689e+00,-2.130639606168256872e+00,6.124579349696291919e-01
1.763579401223001003e+09,-1.138284201296385079e-01,3.784505253356473808e-01,8.507503021512081709e-01,2.047320385339782778e+00,-2.129090088606419240e+00,6.373159294743635517e-01
1.763579401272626400e+09,-1.185617404839607869e-01,3.918896768355169535e-01,8.519842087695806976e-01,2.039591612238818019e+00,-2.134262087281129538e+00,6.550896554688294682e-01
1.763579401322576761e+09,-1.213998740191108289e-01,4.016566132760959751e-01,8.550961471126948821e-01,2.036931276883187980e+00,-2.134983823140523818e+00,6.568891693186603709e-01
1.763579401372758150e+09,-1.261887527390689878e-01,4.095006151985704501e-01,8.594105867937057441e-01,2.036819073993251905e+00,-2.131166455194967391e+00,6.528113839885891778e-01
1.763579401423061848e+09,-1.292001725315428673e-01,4.152846947287014978e-01,8.670966331689852202e-01,2.033728403136322083e+00,-2.125302693610357174e+00,6.474586770917517553e-01
1.763579401473402977e+09,-1.320154814116507869e-01,4.214082075431566654e-01,8.750344530419403855e-01,2.030622370989092040e+00,-2.121028423680228592e+00,6.518069132936324950e-01
1.763579401523508549e+09,-1.349883527516990700e-01,4.274517961831236779e-01,8.815698630586625839e-01,2.028407166698560804e+00,-2.124737657383301226e+00,6.605984476962758478e-01
1.763579401573234081e+09,-1.374278822138323697e-01,4.347053407859120533e-01,8.866516588126435172e-01,2.028623845528918057e+00,-2.128229203946265802e+00,6.681718460882521970e-01
1.763579401622794628e+09,-1.381826974742618452e-01,4.404066942730829881e-01,8.918833904298605342e-01,2.035417013993429780e+00,-2.127595755907188302e+00,6.694577380132058497e-01
1.763579401672461033e+09,-1.371401793060864904e-01,4.461802928779897148e-01,8.981243316220134387e-01,2.043008383507958214e+00,-2.122954361383528443e+00,6.713779059007408678e-01
1.763579401722768545e+09,-1.359251120595690865e-01,4.524549184936684787e-01,9.044800405668953491e-01,2.045577974049566539e+00,-2.120513198000386179e+00,6.782464897630946510e-01
1.763579401773149490e+09,-1.359032093813062336e-01,4.578476753191697002e-01,9.111356314275842472e-01,2.051352146105882568e+00,-2.115567116707544049e+00,6.900233540041608160e-01
1.763579401823464155e+09,-1.349328888761915091e-01,4.636598735503322799e-01,9.180143582427950921e-01,2.059045103772284335e+00,-2.106680373729218125e+00,6.987215033518386909e-01
1.763579401873426676e+09,-1.356215701616782510e-01,4.684225346605911389e-01,9.249622931980510110e-01,2.064924524490137525e+00,-2.099765503170964109e+00,7.040446041912401531e-01
1.763579401923125982e+09,-1.353184113375750230e-01,4.737719775746594419e-01,9.337520809436484770e-01,2.067840202444439335e+00,-2.085624450598360102e+00,7.058751106140279674e-01
1.763579401972926855e+09,-1.363198096192556052e-01,4.790219189526561672e-01,9.430865961276240217e-01,2.074891527197318286e+00,-2.058109533139416580e+00,7.078357028392574524e-01
1.763579402023096323e+09,-1.356750134264571028e-01,4.858546986344161045e-01,9.543113266881297907e-01,2.084598447505761953e+00,-2.015049552840940450e+00,7.091713826416350397e-01
1.763579402073284626e+09,-1.358864140141259613e-01,4.964339358625891041e-01,9.647484194321870321e-01,2.085098924185838420e+00,-1.967329157718524790e+00,7.143118285801506318e-01
1.763579402123271227e+09,-1.346393120466624072e-01,5.017272121769098536e-01,9.807748552261289499e-01,2.086105690767470655e+00,-1.925790785376213954e+00,7.094934263069226921e-01
1.763579402173218489e+09,-1.333332145866633900e-01,5.071638703352487898e-01,9.948610560091116772e-01,2.086977296417291683e+00,-1.892414690930139587e+00,7.032715103758759856e-01
1.763579402223189354e+09,-1.352133364811327343e-01,5.133816798344161825e-01,1.002367478798976252e+00,2.091101956598628853e+00,-1.868455068914916861e+00,6.972473840227223496e-01
1.763579402273294687e+09,-1.374968202595657496e-01,5.197959098160100933e-01,1.007527118642935982e+00,2.099931448061057804e+00,-1.846477973878173362e+00,6.904873810778765497e-01
1.763579402323104858e+09,-1.389872481968014994e-01,5.273218220161395298e-01,1.011023388110417365e+00,2.116511571131811209e+00,-1.817472925522633398e+00,6.903664555712333284e-01
1.763579402372902870e+09,-1.422931480383921865e-01,5.371966971398712820e-01,1.011793396059152972e+00,2.134551029411797973e+00,-1.786764835500529891e+00,7.042209253340281361e-01
1.763579402422719717e+09,-1.519564997131532536e-01,5.502319813519133129e-01,1.005858027997705184e+00,2.151939196413230615e+00,-1.762833963850136243e+00,7.290330636912689677e-01
1.763579402472723007e+09,-1.515951148804038084e-01,5.552044958264904517e-01,1.006212274683068841e+00,2.174514947751909233e+00,-1.743383926663244043e+00,7.358051349233372118e-01
1.763579402523188114e+09,-1.550342168394811537e-01,5.635946296192643201e-01,1.004695606955164022e+00,2.197159518215116236e+00,-1.718310652149209528e+00,7.526045847871186689e-01
1.763579402573544502e+09,-1.640230687397349063e-01,5.747743792260655571e-01,1.001717228909688506e+00,2.216133621920864716e+00,-1.692010908360728427e+00,7.785547614750052414e-01
1.763579402623506784e+09,-1.625433406488900889e-01,5.790912655971266476e-01,1.006103762590032202e+00,2.230867393379074137e+00,-1.670904583964309298e+00,7.808506218373464369e-01
1.763579402673088074e+09,-1.633081037694019133e-01,5.831646242188718299e-01,1.012702857393113831e+00,2.240597599529162043e+00,-1.650795272715664286e+00,7.770860793012590584e-01
1.763579402722946405e+09,-1.635053429260172053e-01,5.854065189779441569e-01,1.018839810776544841e+00,2.247402454595330390e+00,-1.638093874542667638e+00,7.597669651654362921e-01
1.763579402772879362e+09,-1.625277602555932066e-01,5.852935640437122444e-01,1.026753579823408868e+00,2.254166791288551686e+00,-1.627731625479829525e+00,7.344039468294411011e-01
1.763579402822804213e+09,-1.631029721509304753e-01,5.840787316327173961e-01,1.037428761514216591e+00,2.253922119892604936e+00,-1.624567875108693160e+00,7.102207728237656115e-01
1.763579402872920275e+09,-1.650063591721323553e-01,5.868747699229044379e-01,1.045803921695017680e+00,2.243586179663294544e+00,-1.626020666116888336e+00,6.922454202483302454e-01
1.763579402923035145e+09,-1.677391381954477512e-01,5.852925215480692112e-01,1.058255663639629862e+00,2.233650392419349373e+00,-1.633197030617087542e+00,6.754567539703869583e-01
1.763579402973161459e+09,-1.672750867706446209e-01,5.829578515272300088e-01,1.072487767558322425e+00,2.226204998518519940e+00,-1.638406842989982737e+00,6.535238585168972048e-01
1.763579403023204327e+09,-1.698471803890846676e-01,5.826698245277707189e-01,1.084489162620844604e+00,2.217200144477718293e+00,-1.645876962627554452e+00,6.383610492663284175e-01
1.763579403073049784e+09,-1.704473983545647386e-01,5.817242358126063495e-01,1.097094407964391616e+00,2.211895659766223599e+00,-1.653770759958185677e+00,6.291094753356013536e-01
1.763579403122829676e+09,-1.745118962786767758e-01,5.901325938767032486e-01,1.099483421836399355e+00,2.205475765852611847e+00,-1.655783113314102772e+00,6.430965468265248397e-01
1.763579403172751427e+09,-1.770595559741713343e-01,5.891954031185059337e-01,1.111573144016560599e+00,2.210887248893072865e+00,-1.658575600281286144e+00,6.488304122433624643e-01
1.763579403222795486e+09,-1.789319110911445354e-01,5.913893419940668972e-01,1.119742434049366908e+00,2.216847413841275927e+00,-1.654947586528265902e+00,6.514237984092461353e-01
1.763579403273016453e+09,-1.815006222571159955e-01,5.926237179594703308e-01,1.128157108041591972e+00,2.222015156239363520e+00,-1.652983646466290368e+00,6.500721437955639948e-01
1.763579403323163271e+09,-1.843461266794282905e-01,5.928681119612722039e-01,1.136257215830182465e+00,2.225314392347852444e+00,-1.657684728678730846e+00,6.432741248714318738e-01
1.763579403373129845e+09,-1.840103751603327509e-01,5.977974718191623182e-01,1.141379073269676248e+00,2.224290846736381777e+00,-1.659044965580878106e+00,6.376916494173556771e-01
1.763579403423019886e+09,-1.870209870101892935e-01,5.998201010162280689e-01,1.149944892371938643e+00,2.223226241551159887e+00,-1.662593094300476748e+00,6.330643575066350337e-01
1.763579403473270416e+09,-1.853990837090494781e-01,6.058262547036898926e-01,1.158538819671663278e+00,2.221211307190513295e+00,-1.654763808773081379e+00,6.292549184034903487e-01
1.763579403523201942e+09,-1.818558961385527972e-01,6.098109085935897733e-01,1.170661560200980889e+00,2.218071205461038087e+00,-1.649318626239498320e+00,6.255852910327632799e-01
1.763579403573127985e+09,-1.816723331532508756e-01,6.123786710661238697e-01,1.183545544982595787e+00,2.212330672866091419e+00,-1.650193625565384403e+00,6.259752318857110254e-01
1.763579403622902870e+09,-1.800312853412722180e-01,6.205709846262632556e-01,1.194017322421919935e+00,2.202427514808960929e+00,-1.643816245685600252e+00,6.301086650314611237e-01
1.763579403672657967e+09,-1.777198890178479929e-01,6.270637747516476512e-01,1.206316525991876665e+00,2.195609463628720004e+00,-1.634826550758418540e+00,6.328111679304633252e-01
1.763579403722649336e+09,-1.764456373328565364e-01,6.332861811832322108e-01,1.216827824621300680e+00,2.189149316360085695e+00,-1.634917637193640250e+00,6.350092777324821691e-01
1.763579403772814035e+09,-1.745113564830207131e-01,6.404400688523701479e-01,1.224778598728462065e+00,2.185061341553354630e+00,-1.634249851829946643e+00,6.369826080446266969e-01
1.763579403822976112e+09,-1.767783064834921036e-01,6.475793597190180328e-01,1.229966248305762511e+00,2.185826011144415215e+00,-1.630995178954413927e+00,6.487487698083266308e-01
1.763579403873237610e+09,-1.785095084874453730e-01,6.514172289387161197e-01,1.237603701811354817e+00,2.191962109704167272e+00,-1.629377409733786752e+00,6.587748561812022396e-01
1.763579403923223019e+09,-1.865702435270831516e-01,6.634938723433161378e-01,1.233695036373370080e+00,2.191015122461944742e+00,-1.627305118894460501e+00,6.791047284880362689e-01
1.763579403972996712e+09,-1.855797546172019141e-01,6.672407753538169839e-01,1.240392487050606896e+00,2.195046294857506464e+00,-1.625480038613444922e+00,6.815228689785169935e-01
1.763579404022672176e+09,-1.860543247085119367e-01,6.720444338741322632e-01,1.244204543367031901e+00,2.199068325844601990e+00,-1.624091384389938719e+00,6.795447094118625131e-01
1.763579404072677135e+09,-1.916133161752529845e-01,6.709715645046132604e-01,1.250640940007206714e+00,2.206131752788228706e+00,-1.626181712309862970e+00,6.744196706976126610e-01
1.763579404123039484e+09,-1.946998731048761588e-01,6.758410351858601395e-01,1.256599975700401828e+00,2.205623039521906303e+00,-1.624788900094900512e+00,6.732375525168498021e-01
1.763579404173269033e+09,-1.848501017665722113e-01,6.769101374602166654e-01,1.269452267487338304e+00,2.200205371233202367e+00,-1.627111552060155786e+00,6.663423101040365504e-01
1.763579404223144293e+09,-1.945862680741193562e-01,6.851292568670416250e-01,1.267497853141609232e+00,2.189802317747149285e+00,-1.635512271398917861e+00,6.912060088408089609e-01
1.763579404272905827e+09,-1.875526851967035391e-01,6.849288694489656937e-01,1.283867932769314990e+00,2.190947910074055649e+00,-1.640715082427516069e+00,6.950111368386786559e-01
1.763579404322819710e+09,-2.021693631834701743e-01,6.972821513300687668e-01,1.277512250982259623e+00,2.188449324188430190e+00,-1.640559580774846538e+00,7.276091109810385316e-01
1.763579404372805834e+09,-1.984697865589163668e-01,6.946099667946580292e-01,1.289122162401732163e+00,2.193908445675814001e+00,-1.646535524285095864e+00,7.256750339297101116e-01
1.763579404422921419e+09,-2.085227784395654038e-01,6.939846264621626348e-01,1.293268112315204332e+00,2.200083087624038924e+00,-1.657409617553385006e+00,7.305714612599977231e-01
1.763579404473129272e+09,-2.139448905396105494e-01,6.882331418062397344e-01,1.299749739856693953e+00,2.212575988550871120e+00,-1.668172733238388439e+00,7.246715571152676505e-01
1.763579404523266315e+09,-2.159721722743637995e-01,6.901245562215722051e-01,1.304314420383700934e+00,2.223134885635369429e+00,-1.667676746030127610e+00,7.221286115014317053e-01
1.763579404573096514e+09,-2.138177302994599127e-01,6.859260253255087258e-01,1.315103842524235622e+00,2.230356463706643311e+00,-1.671643047241323066e+00,7.167508526768039401e-01
1.763579404622898102e+09,-2.227731028267388447e-01,6.858230659856584532e-01,1.326040608661477105e+00,2.234949798156856460e+00,-1.673110836897038878e+00,7.263135295567026972e-01
1.763579404673063993e+09,-2.182658686635086387e-01,6.847541962060489373e-01,1.339444541973420888e+00,2.239018334697094659e+00,-1.670583053740427593e+00,7.222505866103465788e-01
1.763579404723004103e+09,-2.271917513195412519e-01,6.845435697490991345e-01,1.345257287391591117e+00,2.242698233808589681e+00,-1.676044588393195145e+00,7.258372083186288570e-01
1.763579404773045301e+09,-2.408651168785087560e-01,6.831684816751297795e-01,1.352979769749017569e+00,2.247820078614846118e+00,-1.686884310284564537e+00,7.295969199532961191e-01
1.763579404823260784e+09,-2.235539140918338941e-01,6.738229101535283538e-01,1.371595987348728674e+00,2.251515739289250639e+00,-1.701080932730446804e+00,6.981026145928513893e-01
1.763579404873314381e+09,-2.276181438456933437e-01,6.778351919943557125e-01,1.375575347700268347e+00,2.245701225735522222e+00,-1.718361619407303253e+00,6.940970313978107598e-01
1.763579404923023462e+09,-2.153446814611996440e-01,6.706891040094856704e-01,1.395425701955662845e+00,2.244023593473317479e+00,-1.736397540934318418e+00,6.655340647024623468e-01
1.763579404972739220e+09,-2.319368587618642896e-01,6.704558514283509574e-01,1.396180232331648119e+00,2.233581876463729188e+00,-1.763651549059113810e+00,6.657535984860709632e-01
1.763579405022877455e+09,-2.357034475544207142e-01,6.546736322509841832e-01,1.422475743764797906e+00,2.228880411404501771e+00,-1.796280100750392128e+00,6.381076522644737459e-01
1.763579405072963715e+09,-2.475678734157628069e-01,6.750621916044264870e-01,1.418562224577750941e+00,2.209620988937817110e+00,-1.807942745272076879e+00,6.419364554874139595e-01
1.763579405123042583e+09,-2.541704202170367854e-01,6.665409036709963875e-01,1.428961677660762764e+00,2.210153766922537955e+00,-1.823801551277393962e+00,6.268617045724206305e-01
1.763579405173071861e+09,-2.590430821887926283e-01,6.716929969476262974e-01,1.435508273779874555e+00,2.204371441120815955e+00,-1.833745327490416521e+00,6.248919031370282484e-01
1.763579405223050833e+09,-2.556610728227245999e-01,6.584839197830502089e-01,1.454268786203026353e+00,2.201728501437062668e+00,-1.857529774163882763e+00,6.051922078235886238e-01
1.763579405272969484e+09,-2.486128597281813124e-01,6.571812008057746901e-01,1.468587650744689777e+00,2.191395552196639063e+00,-1.876129052311832357e+00,5.889107692819427475e-01
1.763579405322847128e+09,-2.660129771269307830e-01,6.653667397071645340e-01,1.468777165017584707e+00,2.186314691548392197e+00,-1.887174660778939916e+00,6.011217982515748570e-01
1.763579405372834682e+09,-2.667022742642596311e-01,6.685710279281361634e-01,1.473103041528824653e+00,2.175107705213022324e+00,-1.904282646076181917e+00,5.959387714189946506e-01
1.763579405422904730e+09,-2.722505597119854737e-01,6.651711546983757328e-01,1.475006449828669020e+00,2.162670987097643494e+00,-1.933345992278364234e+00,5.858030291326705719e-01
1.763579405472968340e+09,-2.692649129880315129e-01,6.574158552536589761e-01,1.496085386187584021e+00,2.152585148011892269e+00,-1.963284720300739972e+00,5.606888149778592734e-01
1.763579405523160934e+09,-2.707420032009767996e-01,6.634413896743104333e-01,1.497885587815548591e+00,2.135467196956621017e+00,-1.987162454146982338e+00,5.526055814557004897e-01
1.763579405572024584e+09,-2.737213568687382192e-01,6.544977720656658393e-01,1.504530210581674243e+00,2.129494876355809030e+00,-2.011779943674280702e+00,5.377076579647843690e-01
1.763579405621036291e+09,-2.930905844416116235e-01,6.644047969950547250e-01,1.499772372659315289e+00,2.123262803766821971e+00,-2.031452047556347118e+00,5.496152820590581856e-01
1.763579405670885324e+09,-2.890573558060934856e-01,6.516431435201652800e-01,1.511495917413400614e+00,2.124563367046638174e+00,-2.056593847730384006e+00,5.298928228286461373e-01
1.763579405721517563e+09,-2.856860656855711444e-01,6.553142755880942971e-01,1.512275199921240487e+00,2.116522845502332828e+00,-2.078215303848526041e+00,5.263614912525048650e-01
1.763579405772374153e+09,-2.793352334705527795e-01,6.557434418005456678e-01,1.524465480155693609e+00,2.109394530097713716e+00,-2.095158335682131945e+00,5.223705145154647900e-01
1.763579405822538614e+09,-2.846603904975945065e-01,6.431186418573909824e-01,1.530625728779195782e+00,2.114246165997897720e+00,-2.105511638348802173e+00,5.230780039244339319e-01
1.763579405871326685e+09,-2.849725036786148191e-01,6.414796397865523137e-01,1.538703675236524182e+00,2.102989786262928096e+00,-2.117394741724014651e+00,5.212484999122878326e-01
1.763579405920249462e+09,-2.802998904231740473e-01,6.347197108937446819e-01,1.552153522487986548e+00,2.085132565694249429e+00,-2.138482012598056148e+00,5.061849405568566995e-01
1.763579405970059395e+09,-3.060461013692997723e-01,6.345384101270449273e-01,1.550505174497656347e+00,2.067025172656002940e+00,-2.172160507206096547e+00,5.110319589240223115e-01
1.763579406020837784e+09,-3.089789609944319504e-01,6.349973449130713599e-01,1.551992358607966915e+00,2.049269755862968001e+00,-2.200831534421826774e+00,4.924845592492584356e-01
1.763579406071597576e+09,-3.272177701470384559e-01,6.405462339486408530e-01,1.553413505173439235e+00,2.041360311299964980e+00,-2.231369711734341621e+00,4.840098904825825277e-01
1.763579406121830225e+09,-3.374327549546166094e-01,6.440481657904789659e-01,1.556829283177440848e+00,2.035065297299275766e+00,-2.263432318389974718e+00,4.643355011853954051e-01
1.763579406171395302e+09,-3.699464790693706706e-01,6.426764196082757064e-01,1.557015338921983627e+00,2.035932810415931993e+00,-2.305074155790148183e+00,4.502645752837654003e-01
1.763579406220281124e+09,-3.571828035310927740e-01,6.592892140264140499e-01,1.563194135657395289e+00,2.018172187021590069e+00,-2.324666883320114508e+00,4.165280844389491199e-01
1.763579406269407272e+09,-3.753602116766206476e-01,6.674506603141635575e-01,1.562167832517798116e+00,2.002115902378104551e+00,-2.355798059753016815e+00,4.062329987187724978e-01
1.763579406319613695e+09,-3.891134160846337897e-01,6.636644387207970563e-01,1.569925042473527377e+00,1.980113189378548855e+00,-2.387467235353636141e+00,3.928531421939367996e-01
1.763579406370276213e+09,-3.872643036818299023e-01,6.732123397655099817e-01,1.573182852232221318e+00,1.950437670743582652e+00,-2.400639356805136959e+00,3.915143224597666949e-01
1.763579406420856714e+09,-3.998642003803739575e-01,6.625798135557496860e-01,1.582239672678724896e+00,1.934113813830703688e+00,-2.421973838576442439e+00,3.931025653697652888e-01
1.763579406471003056e+09,-3.949863305997862173e-01,6.562373397417536891e-01,1.592503306599633017e+00,1.920586998625836150e+00,-2.432035835849095218e+00,3.939524919983391493e-01
1.763579406520872355e+09,-3.886345691491571719e-01,6.645579217645497527e-01,1.593715951587485913e+00,1.898298215196772443e+00,-2.442089887382582258e+00,4.034957361674672005e-01
1.763579406570605516e+09,-4.009783094105302537e-01,6.564133935430936928e-01,1.602449279909330615e+00,1.880819296053736212e+00,-2.467023940167062168e+00,4.017653994530426265e-01
1.763579406620187759e+09,-3.981462469252764480e-01,6.637596527255231749e-01,1.609765340981674120e+00,1.848226360936893853e+00,-2.482723957269910464e+00,3.882833121383966746e-01
1.763579407270447254e+09,-4.765655609186712494e-01,7.075371627218970394e-01,1.657663987504873759e+00,1.524109489733985301e+00,-2.703146823252169817e+00,3.537053207435199020e-01
1.763579409170622587e+09,1.658341319790086754e-01,6.852559631508706728e-01,1.878417922058474021e+00,1.941440781515032965e+00,-2.384562758225710954e+00,1.683253159978186919e-01
1.763579409869826317e+09,4.730305737486997231e-01,2.125042532503208514e-01,1.953359667196545191e+00,2.075136239746917077e+00,-2.265364420069824636e+00,1.049769128200325335e-01
1.763579409919255495e+09,4.505826686040600992e-01,2.733137260027761473e-01,1.973745108464158626e+00,2.093497636117177318e+00,-2.247989395148158653e+00,1.495349366264892566e-01
1.763579410071093798e+09,4.203781111773461365e-01,4.874472115646497627e-01,1.943300137732061783e+00,2.157815253456440985e+00,-2.227158958310319736e+00,1.706635061045181367e-01
1.763579410121098995e+09,4.086583499092583671e-01,5.179336750524392574e-01,1.946659969917382327e+00,2.169284241272952052e+00,-2.204654058943524841e+00,1.863358448448993454e-01
1.763579410270182371e+09,6.312735307982613175e-01,4.715146998778196874e-01,1.970793949069882478e+00,2.214239194681673961e+00,-2.179911994665106878e+00,1.296519471420417291e-01
1.763579410320301533e+09,6.281653562838585003e-01,4.692696881682635879e-01,1.975758921570232252e+00,2.217879461598140090e+00,-2.177972238599060084e+00,1.379415972603358631e-01
1.763579410370439529e+09,6.771696774880445746e-01,4.491443317010514469e-01,1.968812885365801790e+00,2.216391651198850177e+00,-2.188040740727213773e+00,1.208142596758420284e-01
1.763579410420549154e+09,6.969141673788419311e-01,4.363342621160493651e-01,1.986309727153716898e+00,2.201727249539182640e+00,-2.186851524875875974e+00,1.216298951619587260e-01
1.763579410470809937e+09,7.366401881023765252e-01,4.332098800034751007e-01,1.974615114583470055e+00,2.194391715192439474e+00,-2.208361809658959007e+00,1.076647351261679209e-01
1.763579410520759583e+09,7.210602682195060842e-01,4.166786920726004428e-01,1.987272962034559054e+00,2.181636521584621846e+00,-2.208203212560981843e+00,1.095224653417080779e-01
1.763579410570402622e+09,7.206902042626408544e-01,4.372296822130284921e-01,1.979252737116199867e+00,2.193756995268683951e+00,-2.205144702279034696e+00,1.196768299157865562e-01
1.763579410670070410e+09,7.912773525178440348e-01,4.588284760034179732e-01,1.978981699903335389e+00,2.252428471377000196e+00,-2.143994258137235764e+00,1.148025098716885239e-01
1.763579410820329428e+09,7.463683805079228684e-01,3.975047952978834620e-01,1.991424086616997879e+00,2.292141619038591482e+00,-2.097749709360678505e+00,1.095335233910614686e-01
1.763579410920443773e+09,7.254632815570667415e-01,4.359681410285284886e-01,1.988308083279255012e+00,2.235728713741071516e+00,-2.153739819569130187e+00,1.145587171047185576e-01
1.763579410970538378e+09,7.191976343785720927e-01,4.559049829906936524e-01,1.978261717475255477e+00,2.216152768508622195e+00,-2.180954390175315893e+00,1.141747272230755755e-01
1.763579411070535660e+09,6.491424754155047383e-01,4.877123834453515605e-01,1.976967536222308475e+00,2.187441300729415339e+00,-2.204990754210887083e+00,1.165664078395359099e-01
1.763579411120317936e+09,6.149941632854699636e-01,5.100062315977792471e-01,1.970235749684060789e+00,2.186997863842625733e+00,-2.209408991703656344e+00,1.263939698217367014e-01
1.763579411170120716e+09,6.346257147777619734e-01,5.191136267055176390e-01,1.959021274670023516e+00,2.201998812721430276e+00,-2.214806407923505915e+00,1.258115001160410307e-01
1.763579411220084667e+09,6.566527311498784325e-01,5.085000999569566638e-01,1.959970623689491820e+00,2.208204989745038649e+00,-2.212396964563463353e+00,1.251158780481343435e-01
1.763579411270359993e+09,6.391595906123892501e-01,4.510478559195649773e-01,1.973032737700735728e+00,2.191210140309769017e+00,-2.194571031188643939e+00,1.108309794682371813e-01
1.763579416670135260e+09,9.532871957780877231e-03,4.713604144389661466e-01,1.973989828642770172e+00,2.251049737011993734e+00,-2.185789349989865293e+00,-4.143400073241923151e-03
1.763579416872198105e+09,5.869136163000829992e-02,5.204323131264321223e-01,1.977194890070237632e+00,2.180496563017328526e+00,-2.246943422639660959e+00,-3.954833651578698595e-02
1.763579417021230698e+09,-4.281533731637342244e-02,6.305017147783461562e-01,1.955940284938795903e+00,2.164449690293696715e+00,-2.251902547936442289e+00,5.080599239837708947e-02
1.763579417070879936e+09,-6.226897881225054200e-03,5.777059657518255342e-01,1.971955893296997830e+00,2.147786158551306723e+00,-2.255621682481231627e+00,1.162803595153636023e-02
1.763579419023437977e+09,2.888417062254801104e-01,-4.881057822316056671e-01,1.731380236741184353e+00,2.115479275753687105e+00,-2.122288285134351860e+00,-3.958399245842324499e-01
1.763579419073330641e+09,2.830176909104231697e-01,-4.965833145756737843e-01,1.713174619260906528e+00,2.109301966266335260e+00,-2.109291162867521052e+00,-3.986848897535103520e-01
1.763579419173250198e+09,3.000535668448221505e-01,-4.942674946772494526e-01,1.687559457030280763e+00,2.121715408295942407e+00,-2.084080492573926691e+00,-4.100579816937460764e-01
1.763579419223064899e+09,3.061844884635887554e-01,-4.941339732570843579e-01,1.677367330508660270e+00,2.131065013271660646e+00,-2.075694042966179875e+00,-4.173251960830294260e-01
1.763579419273041725e+09,2.962627770505839586e-01,-5.027439157798783143e-01,1.661751815516928632e+00,2.133790505145896077e+00,-2.061959935332017491e+00,-4.216237204340655964e-01
1.763579419322866917e+09,3.083860458000423632e-01,-5.235896501719026208e-01,1.640489628021695401e+00,2.134394995133829021e+00,-2.049255259909168903e+00,-4.461096418857975476e-01
1.763579419372770309e+09,2.847026689074693695e-01,-5.117605741418826959e-01,1.641953428508130974e+00,2.137751052593916956e+00,-2.047686326565453019e+00,-4.265897050168278581e-01
1.763579419423123121e+09,3.028452226083119814e-01,-5.381473235285270107e-01,1.619722556095531063e+00,2.136801356565825483e+00,-2.043520453077539933e+00,-4.584402898488957878e-01
1.763579419473294973e+09,3.202311396386260944e-01,-5.414784492647827241e-01,1.607181400643108882e+00,2.144355906253860411e+00,-2.051411759912482147e+00,-4.757047630029997420e-01
1.763579419523213387e+09,2.886740272514958794e-01,-5.418468422553399666e-01,1.608692607238111139e+00,2.137866461752331304e+00,-2.057434008893065602e+00,-4.610987697001340813e-01
1.763579419572983265e+09,2.920110148302112463e-01,-5.483687890777013685e-01,1.596406123010989830e+00,2.126075078874868574e+00,-2.075042601160377309e+00,-4.867397381533752343e-01
1.763579419622759104e+09,2.942032506128868796e-01,-5.578544686878975645e-01,1.587067244747523809e+00,2.110298726296984118e+00,-2.086106705942218920e+00,-5.129986213803878758e-01
1.763579419673066139e+09,2.736786772629136721e-01,-5.760157669938719138e-01,1.565599572383225890e+00,2.083778971178410266e+00,-2.079622773734316254e+00,-5.277136044924556346e-01
1.763579419723140240e+09,3.111594272699431118e-01,-5.874290006493385619e-01,1.558736075820064348e+00,2.073931291932606946e+00,-2.082852256004839919e+00,-5.700036773895778008e-01
1.763579419773051262e+09,2.829844055111732648e-01,-5.679868469916902196e-01,1.562237405023338077e+00,2.055915415166608362e+00,-2.086340091817644016e+00,-5.532131251105403269e-01
1.763579419823046684e+09,3.036341054193626987e-01,-5.922555476264267371e-01,1.548873932104569029e+00,2.033445101988797798e+00,-2.082205852930984591e+00,-5.949494433922516423e-01
1.763579419873276949e+09,2.920170918231736468e-01,-5.923032671314782949e-01,1.539103198242006032e+00,2.016632742886655727e+00,-2.076002446392682721e+00,-6.023437905546894511e-01
1.763579419923154116e+09,3.020396406420951529e-01,-6.375641863862691050e-01,1.519190567569837613e+00,1.985928227530982193e+00,-2.061256068574839340e+00,-6.532905333072834830e-01
1.763579420173179150e+09,2.986992054073995817e-01,-7.031171433299659990e-01,1.471512477630849247e+00,1.856785218085169609e+00,-1.976667579080064518e+00,-7.529113585623514737e-01
1.763579420223675489e+09,3.218733475643119069e-01,-6.731453197475404382e-01,1.489434668160859898e+00,1.854754074858120383e+00,-1.998662901097340461e+00,-7.516700725568624675e-01
1.763579420273523808e+09,3.087405342045667078e-01,-6.680518628590951247e-01,1.488854519240095264e+00,1.833852949446371117e+00,-2.010307854856518972e+00,-7.372884810839751557e-01
1.763579420323154926e+09,3.238529038119920545e-01,-6.954078766431535108e-01,1.469014716575472335e+00,1.813544448417633514e+00,-2.009591023489476047e+00,-7.538213687390373785e-01
1.763579420372644424e+09,3.269114805157192216e-01,-6.868118161412031242e-01,1.455170677213600383e+00,1.807599934364893857e+00,-2.016035382834280298e+00,-7.458459279346034698e-01
1.763579420422391415e+09,3.194278833376701932e-01,-6.768557445740603917e-01,1.451371959579534021e+00,1.796859000511149329e+00,-2.028477442039698264e+00,-7.346857233070461790e-01
1.763579420472682238e+09,3.065973216312519178e-01,-6.906676958518356280e-01,1.453389735158834517e+00,1.782295419156678440e+00,-2.029199383216096830e+00,-7.347750557287102691e-01
1.763579420523088217e+09,3.214703643284212431e-01,-6.891119315632252551e-01,1.422821610765666378e+00,1.776989170278958419e+00,-2.032548123119529482e+00,-7.544075955912845632e-01
1.763579420573431253e+09,3.408222216895021028e-01,-6.912251613447756293e-01,1.407593814909024355e+00,1.778448195997053505e+00,-2.036194779241133901e+00,-7.665889542810910839e-01
1.763579420623520136e+09,3.282464742378657929e-01,-6.984433971798152951e-01,1.399800928975940773e+00,1.769641701742741047e+00,-2.040919570467746968e+00,-7.545672029756690380e-01
1.763579420673314333e+09,3.170697616640859029e-01,-6.843171483661385501e-01,1.405837572056789053e+00,1.763898810618867996e+00,-2.063661896617015046e+00,-7.196990945014161145e-01
1.763579420723036051e+09,3.188456593523921745e-01,-7.234233191004494357e-01,1.358180916832167240e+00,1.740954023701511533e+00,-2.050804057000760405e+00,-7.323086614675686778e-01
1.763579420772849321e+09,3.179076103011191923e-01,-7.062526453386659409e-01,1.357245732787315751e+00,1.734312259161623127e+00,-2.073492795567161817e+00,-7.059825918730715522e-01
1.763579420822811365e+09,3.150086095526044572e-01,-6.835377535508114777e-01,1.360798965944323813e+00,1.724656499365424089e+00,-2.095292342375655092e+00,-6.786852522545612221e-01
1.763579420872874737e+09,3.349716471424751263e-01,-6.749676618201566614e-01,1.339329401743747594e+00,1.707818127911651329e+00,-2.111138053939980885e+00,-6.895519179658540221e-01
1.763579420922963858e+09,3.260777463696758471e-01,-6.659952036672565079e-01,1.335479670414267961e+00,1.696455159904066257e+00,-2.117850287175244262e+00,-6.791619813515396009e-01
1.763579420973436832e+09,3.130372979103707709e-01,-6.742093270144238204e-01,1.322000846759207260e+00,1.682560955648369383e+00,-2.118917486316951759e+00,-6.877805226834092789e-01
1.763579421023420811e+09,3.371999862041684115e-01,-6.582654334053075207e-01,1.305965920898886967e+00,1.685440077799204683e+00,-2.138039882299541894e+00,-7.063892641877065337e-01
1.763579421073009729e+09,3.450808860583650106e-01,-6.569190324349802879e-01,1.292514324283396965e+00,1.682593771695982898e+00,-2.141638361775211941e+00,-7.118120564457199873e-01
1.763579421122610092e+09,3.331798592304202611e-01,-6.575525133928822319e-01,1.284271492813134907e+00,1.675517222024074826e+00,-2.141442350224821656e+00,-6.997959781734945928e-01
1.763579421172544718e+09,3.332831480691461068e-01,-6.516193753942616240e-01,1.279508208631851662e+00,1.676546821041403623e+00,-2.153051007936702899e+00,-6.943172583086566485e-01
1.763579421222815037e+09,3.382374187166083401e-01,-6.464155486399495443e-01,1.258381629612697283e+00,1.672518810611107520e+00,-2.169357191739076374e+00,-7.017015159088374476e-01
1.763579421273138762e+09,3.323931622439513789e-01,-6.444710649542279013e-01,1.247115302582628704e+00,1.663116143803039737e+00,-2.182196987792377474e+00,-6.965349717174699196e-01
1.763579421323245049e+09,3.431646687758353464e-01,-6.423609977760105227e-01,1.232226498358969913e+00,1.657760151958078465e+00,-2.194200897231717295e+00,-7.009395902716325510e-01
1.763579421373238325e+09,3.449451954982257207e-01,-6.379183039593331328e-01,1.217664719864014256e+00,1.657438518294858554e+00,-2.193991794030706544e+00,-7.030506139058453341e-01
1.763579421423066139e+09,3.465884599983655168e-01,-6.356543269922921846e-01,1.203685457850229179e+00,1.653625981411789958e+00,-2.192711829814377289e+00,-7.207779930902651344e-01
1.763579421472765446e+09,3.331417889686461020e-01,-6.242914525106870727e-01,1.199493054671516568e+00,1.642347990509547717e+00,-2.193352958682229126e+00,-7.262993348712222241e-01
1.763579421522617340e+09,3.459861084786884922e-01,-6.177296654425858957e-01,1.182293898595714987e+00,1.630329799168204197e+00,-2.194199795518661844e+00,-7.485982033092433152e-01
1.763579421572812557e+09,3.353416010371720879e-01,-6.125845333429820183e-01,1.178167648781760946e+00,1.618968089298571167e+00,-2.184382288891068225e+00,-7.341212993818576615e-01
1.763579421623063564e+09,3.377611337040170025e-01,-6.051627767718720241e-01,1.164753198078394503e+00,1.620953739020840612e+00,-2.178133433727301060e+00,-7.267567891230056754e-01
1.763579421673513174e+09,3.446998866719984123e-01,-5.987716293110708632e-01,1.155031727521963036e+00,1.625213281902581519e+00,-2.183505495546691488e+00,-7.163483516259752104e-01
1.763579421723698139e+09,3.455021358603240778e-01,-5.953783603760678389e-01,1.142632978999230220e+00,1.616943847238139442e+00,-2.199226632129438919e+00,-6.982675882028344105e-01
1.763579421773533583e+09,3.419074418965832307e-01,-6.007744866289239649e-01,1.139843878131219235e+00,1.597376746683151438e+00,-2.218547893126277426e+00,-6.707862834115374540e-01
1.763579421823187828e+09,3.556838257244545609e-01,-5.874035877815222406e-01,1.120413538808688880e+00,1.594553033228928829e+00,-2.240308097104772855e+00,-6.485770089895710466e-01
1.763579421873000383e+09,3.740569682462761003e-01,-5.878037486868478156e-01,1.095549152526082537e+00,1.596232863211961783e+00,-2.251552402948538756e+00,-6.451378194689315615e-01
1.763579421923078299e+09,3.758406573679879958e-01,-5.845641615141079495e-01,1.087875965510503695e+00,1.608057067699880216e+00,-2.253500152642549548e+00,-6.203195299472430424e-01
1.763579421973004818e+09,3.906548318456635194e-01,-5.805044345398844285e-01,1.071894555906465207e+00,1.625864009774796282e+00,-2.253334986574805132e+00,-6.083206226908902670e-01
1.763579422022840977e+09,3.979742025915251613e-01,-5.760076346369108480e-01,1.057387348858339626e+00,1.631951941881802703e+00,-2.258135889398835694e+00,-5.968939689693417705e-01
1.763579422072815180e+09,4.018799788899294345e-01,-5.705391388619615034e-01,1.047043320199950056e+00,1.632876728476333694e+00,-2.269556819823395966e+00,-5.871455066284604341e-01
1.763579422123157978e+09,3.988587294301726427e-01,-5.658821941443148429e-01,1.034610712410271471e+00,1.620170020885676188e+00,-2.289560433978266030e+00,-5.891825002897311814e-01
1.763579422173337698e+09,3.970902411947920818e-01,-5.583769755245840960e-01,1.014187368682823553e+00,1.623915347507912887e+00,-2.297084597316567223e+00,-6.046503858741147930e-01
1.763579422223452330e+09,3.809942425664757937e-01,-5.497025284573954229e-01,1.006927092774424493e+00,1.641538288069671836e+00,-2.281220070606555517e+00,-6.085227609456124176e-01
1.763579422273147821e+09,3.765095255031182808e-01,-5.355375784404807771e-01,9.928649663478055221e-01,1.665086409003129875e+00,-2.252536869859608881e+00,-6.264717844686902293e-01
1.763579422523435354e+09,3.114198903682136588e-01,-4.471009771685517387e-01,9.848265349117200085e-01,1.608964376153396270e+00,-2.109187018389791834e+00,-7.510006505311974667e-01
1.763579422572959185e+09,3.154123769150934953e-01,-4.385060346272143805e-01,9.637707477506511911e-01,1.611830504527156593e+00,-2.079743719218857922e+00,-7.836234047766809097e-01
1.763579422622792959e+09,3.096972518979381195e-01,-4.290590955161726061e-01,9.579346263454618926e-01,1.600483954945405962e+00,-2.068605092821685698e+00,-7.883634424705120436e-01
1.763579422672635078e+09,3.029995497796128534e-01,-4.172091122931885776e-01,9.572844364850322529e-01,1.578951662145720913e+00,-2.070567504073793419e+00,-7.836013764401478232e-01
1.763579422722712517e+09,2.993239679066515557e-01,-4.057801617535114480e-01,9.605732003718695511e-01,1.561341766707748491e+00,-2.068221499631073268e+00,-7.617808949726325718e-01
1.763579422772885561e+09,2.962411469364394923e-01,-3.929328541089944782e-01,9.654099383441295812e-01,1.560231241945812863e+00,-2.060797263894809994e+00,-7.207080836735160201e-01
1.763579422823047400e+09,2.909515715945322767e-01,-3.770037173202232528e-01,9.771921631536280017e-01,1.576126479663649382e+00,-2.047247737809101853e+00,-6.619794009737406393e-01
1.763579422873030186e+09,2.995798591467574989e-01,-3.632376953580143120e-01,9.758851081760211432e-01,1.592047537628909382e+00,-2.047210377397603143e+00,-6.281773096077475360e-01
1.763579422923033237e+09,3.040287539608662604e-01,-3.519810491529580809e-01,9.741678884536398852e-01,1.596828514784043529e+00,-2.059471525188387275e+00,-6.007636509594960206e-01
1.763579422973271608e+09,3.119973756679773058e-01,-3.418063862299798861e-01,9.701672764441022778e-01,1.597016202909142812e+00,-2.083417018612093941e+00,-5.783817550204800595e-01
1.763579423023355961e+09,3.222929253787684134e-01,-3.346123092205440797e-01,9.637711006648180811e-01,1.603302065817894251e+00,-2.103025340607271865e+00,-5.537162632057790468e-01
1.763579423072983503e+09,3.348869185294522377e-01,-3.300154793155434807e-01,9.516586241376852051e-01,1.614624093757996537e+00,-2.124044798138027712e+00,-5.403937958207405412e-01
1.763579423122938395e+09,3.433007528820632426e-01,-3.296169930902773659e-01,9.326955068535195403e-01,1.618037612319665586e+00,-2.150459042424563538e+00,-5.433907202213241749e-01
1.763579423172897100e+09,3.498429039878023228e-01,-3.292007377065753748e-01,9.146834494290378981e-01,1.614799629630847111e+00,-2.178191096762625900e+00,-5.500177470216249809e-01
1.763579423222981453e+09,3.580945308904008861e-01,-3.278694869504947818e-01,9.013348882296546849e-01,1.614941824317004837e+00,-2.195093859867201402e+00,-5.497403474453056438e-01
1.763579423273135900e+09,3.667029649963416404e-01,-3.261899488336276742e-01,8.898466432060910813e-01,1.622257197185012823e+00,-2.201043663041808429e+00,-5.477836073122295257e-01
1.763579423323398352e+09,3.748797579634905452e-01,-3.245655673371126149e-01,8.788517226003953464e-01,1.635451361388452707e+00,-2.198143509029980347e+00,-5.455019486242959070e-01
1.763579423373209238e+09,3.811837577134032928e-01,-3.223830839862858455e-01,8.697349459887049328e-01,1.650197540903919791e+00,-2.188042488090625515e+00,-5.451820145430319453e-01
1.763579423422794580e+09,3.852646496429904532e-01,-3.193833371548757682e-01,8.630469306376401528e-01,1.656074088744011741e+00,-2.178584625717076229e+00,-5.459699326355129667e-01
1.763579423472735882e+09,3.890524246530142061e-01,-3.158451591072908293e-01,8.589415126284063451e-01,1.653029129668813324e+00,-2.173569747365728944e+00,-5.464096480342144346e-01
1.763579423523112535e+09,3.909311711706812686e-01,-3.129579685506164166e-01,8.531687367210838424e-01,1.648083651724910448e+00,-2.171638558261898222e+00,-5.508206251304188505e-01
1.763579423573353291e+09,3.929688225650151967e-01,-3.106455249290296927e-01,8.466017395322473771e-01,1.644998022465638643e+00,-2.171471353753554823e+00,-5.562740357050992568e-01
1.763579423623375416e+09,3.932970104565984837e-01,-3.100900430436839827e-01,8.366723774222269983e-01,1.644776717066292138e+00,-2.172278114311744446e+00,-5.665361262445285373e-01
1.763579423673335314e+09,3.885931100633390756e-01,-3.107258295388094504e-01,8.229786557913827405e-01,1.637675698165238058e+00,-2.179707640801324064e+00,-5.895209545816082475e-01
1.763579423722993851e+09,3.789463993315886903e-01,-3.106237027169824194e-01,8.075488188163764125e-01,1.627575131495071936e+00,-2.191507688463683934e+00,-6.272802477625611939e-01
1.763579423773066282e+09,3.682358746770722502e-01,-3.112837842516867903e-01,7.903806573113671963e-01,1.617406453251846399e+00,-2.198410758806808030e+00,-6.744550785011150795e-01
1.763579423823163271e+09,3.601302631072804128e-01,-3.107989932385634146e-01,7.831528568226919784e-01,1.610254866205460766e+00,-2.197128037696263636e+00,-7.053311003383045952e-01
1.763579423873069048e+09,3.569746303599548587e-01,-3.093417303418729003e-01,7.801041772469818891e-01,1.607067225760912210e+00,-2.188926429230996007e+00,-7.227831613934592170e-01
1.763579423922922373e+09,3.566002878504477835e-01,-3.072780072477829805e-01,7.816277869003799283e-01,1.604081306809525431e+00,-2.180049733602101192e+00,-7.278052622358631707e-01
1.763579423972989321e+09,3.555292289791917026e-01,-3.062737887869297904e-01,7.806109102403303579e-01,1.603008032992624843e+00,-2.180819373539389261e+00,-7.370860081478866066e-01
1.763579424022915602e+09,3.557185425901235876e-01,-3.068821504274498180e-01,7.756617539080328250e-01,1.607960508606985028e+00,-2.192121644230049959e+00,-7.462834479520509268e-01
1.763579424072859287e+09,3.576476594960047439e-01,-3.093015159529341473e-01,7.688552204529019996e-01,1.614333311131167958e+00,-2.212473100605926835e+00,-7.494015406385918787e-01
1.763579424122821569e+09,3.611362561890559264e-01,-3.122985016100671696e-01,7.638313881374572123e-01,1.621440297584963552e+00,-2.237629078700163809e+00,-7.404470873898035821e-01
1.763579424172911406e+09,3.657059174611280716e-01,-3.155221106828436928e-01,7.612931739200957670e-01,1.630782209885844214e+00,-2.261239350101505341e+00,-7.238662182053920979e-01
1.763579424223022461e+09,3.694849992954044038e-01,-3.200396806133815053e-01,7.590424376274205187e-01,1.639794883981964491e+00,-2.279102231350737195e+00,-7.061987794982671485e-01
1.763579424272998571e+09,3.711891018798870179e-01,-3.243876596956898339e-01,7.578865574571705954e-01,1.654960835637865113e+00,-2.289013960168044370e+00,-6.926875877560316752e-01
1.763579424322917461e+09,3.695306304859779511e-01,-3.276724383968057652e-01,7.573384700515247703e-01,1.679175784230136026e+00,-2.290890253705577084e+00,-6.872898356130184849e-01
1.763579424372970581e+09,3.657006622035164911e-01,-3.314730474038699581e-01,7.565382050133746539e-01,1.709484106576244056e+00,-2.286067050434882564e+00,-6.879651866007496785e-01
1.763579424423293591e+09,3.615234453880662446e-01,-3.343026212660820673e-01,7.584299169897822379e-01,1.743103786058268101e+00,-2.280094767209619899e+00,-6.864577996363615542e-01
1.763579424473405600e+09,3.579099896529405744e-01,-3.379225912038618107e-01,7.605070716829498423e-01,1.776022720636934782e+00,-2.275843031409562567e+00,-6.837339811729246097e-01
1.763579424523185253e+09,3.555954887867019409e-01,-3.431989035487907347e-01,7.637338443609078542e-01,1.806685620543159621e+00,-2.271176760106936587e+00,-6.736115075008055619e-01
1.763579424572966099e+09,3.555063747134349916e-01,-3.485095239552439272e-01,7.676693154070654002e-01,1.833871908367662451e+00,-2.268227108873191344e+00,-6.567195063420205869e-01
1.763579424622784376e+09,3.550641810804961440e-01,-3.547687946017177851e-01,7.718268204867397841e-01,1.852121180908010034e+00,-2.268393198547454581e+00,-6.374320467968573878e-01
1.763579424672949076e+09,3.546168877702964295e-01,-3.604775907101879784e-01,7.748733863702085278e-01,1.868639826377292312e+00,-2.268774582614001112e+00,-6.233453047239959632e-01
1.763579424723198414e+09,3.523539729182653679e-01,-3.641683811008596949e-01,7.791055326981836116e-01,1.888586458825430192e+00,-2.263154761599654119e+00,-6.136119164880219357e-01
1.763579424773357153e+09,3.487481141912038285e-01,-3.661051806517336971e-01,7.840247179804997746e-01,1.914863041448105152e+00,-2.250003529702972127e+00,-6.090335152912049743e-01
1.763579424823346138e+09,3.443095566150693454e-01,-3.675733956121948753e-01,7.882478144159340561e-01,1.944030823826172982e+00,-2.232441069032979009e+00,-6.071354228466326886e-01
1.763579424873257875e+09,3.405698703085152101e-01,-3.694619400257668773e-01,7.931701285398873313e-01,1.981078064007792960e+00,-2.208797520521713853e+00,-6.037267840778762773e-01
1.763579424922993422e+09,3.372092490962380618e-01,-3.716729351866894238e-01,7.978059408194718705e-01,2.020622765503285567e+00,-2.180956780118211480e+00,-6.002002863167817948e-01
1.763579424972834826e+09,3.337202886240774879e-01,-3.736473779106306847e-01,8.032474445192361312e-01,2.060046754526028590e+00,-2.151753043302124802e+00,-5.955743067796311907e-01
1.763579425023109198e+09,3.327001271798363802e-01,-3.743853108228863413e-01,8.075142638808651130e-01,2.100699122738140634e+00,-2.117955213997313901e+00,-5.912401736430256127e-01
1.763579425073356867e+09,3.324883162576307560e-01,-3.735047776602217207e-01,8.112342639413148149e-01,2.139517313920892949e+00,-2.080281482383727898e+00,-5.860967396714255040e-01
1.763579425123477697e+09,3.314683264587539036e-01,-3.706929049363341111e-01,8.148152233793162225e-01,2.174591588173757195e+00,-2.045155475249719412e+00,-5.853532764399119737e-01
1.763579425173138618e+09,3.290473706962063205e-01,-3.660794187816192591e-01,8.193171652522375226e-01,2.206639140618260164e+00,-2.010882913087602031e+00,-5.863724504335027232e-01
1.763579425222796679e+09,3.276012758425915217e-01,-3.592922581654955927e-01,8.233010504299805854e-01,2.232295763286490597e+00,-1.981617074739467688e+00,-5.957371625500692547e-01
1.763579425272585630e+09,3.233510154777366474e-01,-3.484020624413858291e-01,8.304614662660334545e-01,2.251480818069526713e+00,-1.961783526612760786e+00,-6.026897293445376835e-01
1.763579425322842598e+09,3.226768728717219203e-01,-3.399611123798885748e-01,8.339855120563992585e-01,2.265352434675991233e+00,-1.943648020229282292e+00,-6.130313694674884850e-01
1.763579425373039246e+09,3.249301104172480081e-01,-3.328307078995493828e-01,8.353845689871691738e-01,2.278411737306802465e+00,-1.921748632225194875e+00,-6.175843587054191675e-01
1.763579425423238277e+09,3.286766006529414086e-01,-3.267639029254105765e-01,8.361546698271502542e-01,2.293054258104852305e+00,-1.897991641375170513e+00,-6.144082338577461222e-01
1.763579425473335505e+09,3.322075345586735784e-01,-3.228219851440524146e-01,8.365086206195151419e-01,2.310477957201717114e+00,-1.871336583985716118e+00,-6.073909099921469545e-01
1.763579425523215294e+09,3.368038270367167408e-01,-3.209046052660102788e-01,8.354921998127436966e-01,2.329521229366406043e+00,-1.842410283204251265e+00,-6.028187402550603258e-01
1.763579425572797537e+09,3.381202223822620256e-01,-3.182852589467630167e-01,8.367641314690038579e-01,2.348020308414929591e+00,-1.815974836794634895e+00,-5.928483980751397819e-01
1.763579425622557402e+09,3.421529209389804760e-01,-3.176756669848679882e-01,8.362691730164332204e-01,2.363522666228920599e+00,-1.793874095992180173e+00,-5.864323384421096241e-01
1.763579425672551155e+09,3.439513195762137765e-01,-3.181061685957434770e-01,8.364760085605060791e-01,2.375080540141649266e+00,-1.777939912773608189e+00,-5.718879631404090169e-01
1.763579425723077059e+09,3.493067387304488181e-01,-3.210594684687376188e-01,8.348592829625672840e-01,2.384386873247608118e+00,-1.767616911003280444e+00,-5.593634126431660247e-01
1.763579425773954153e+09,3.520211817025958312e-01,-3.249972402958961615e-01,8.338519474590737612e-01,2.393463599467174685e+00,-1.755956636294296880e+00,-5.423046033046399206e-01
1.763579425823830128e+09,3.562765589089586515e-01,-3.287732625245887164e-01,8.325378545123278684e-01,2.408253069859353612e+00,-1.738770169345290384e+00,-5.315578995930875239e-01
1.763579425873413563e+09,3.586043568820712069e-01,-3.313125240378927971e-01,8.324170124338042820e-01,2.428232982935554229e+00,-1.714213379681016169e+00,-5.235562754360036930e-01
1.763579425922960758e+09,3.599595898239204006e-01,-3.324139129210511578e-01,8.326285120453156274e-01,2.450588816109852353e+00,-1.684880097525949472e+00,-5.172041441773890247e-01
1.763579425972820282e+09,3.600912027375062219e-01,-3.323505996847247457e-01,8.321786150721738329e-01,2.470737613843180469e+00,-1.655054994429126625e+00,-5.153564488562446533e-01
1.763579426023047686e+09,3.600578226651837133e-01,-3.308569057100521627e-01,8.326725681182135519e-01,2.488268329001930290e+00,-1.631717130279624506e+00,-5.136946319380830683e-01
1.763579426073363781e+09,3.607068462600160896e-01,-3.305858540414617908e-01,8.310583197874972239e-01,2.499224258364543427e+00,-1.615187249187357565e+00,-5.137579506541319896e-01
1.763579426123871326e+09,3.614956665935205593e-01,-3.306305468165760542e-01,8.290050407798685850e-01,2.505057186965025551e+00,-1.608086604930028862e+00,-5.140030915553132074e-01
1.763579426173822641e+09,3.625555221437897213e-01,-3.301880399970657520e-01,8.258496393505843081e-01,2.509113383311469825e+00,-1.600251527183334854e+00,-5.136676469228894648e-01
1.763579426223428965e+09,3.658155311379445718e-01,-3.283245239040142316e-01,8.222419552971147461e-01,2.513928186967883782e+00,-1.587280836414575402e+00,-5.116790956452736960e-01
1.763579426272984743e+09,3.716617023833689304e-01,-3.257426785092183974e-01,8.179723942343566367e-01,2.515963107198548432e+00,-1.575456055708657654e+00,-5.068844948276532980e-01
1.763579426322674274e+09,3.782885436820182523e-01,-3.219993398055118750e-01,8.145900132479155786e-01,2.516223342613846725e+00,-1.564852671134669526e+00,-4.962696842413601428e-01
1.763579426372926235e+09,3.871806762861565998e-01,-3.171299806870313542e-01,8.125830524460460058e-01,2.520514911749947906e+00,-1.550744588846577177e+00,-4.831472586294781602e-01
1.763579426423462152e+09,3.936843726758693651e-01,-3.126791866396568254e-01,8.117485227438930862e-01,2.525855097091285195e+00,-1.537069180205782759e+00,-4.714552809541286416e-01
1.763579426473714828e+09,3.974815458204785101e-01,-3.092326047565711611e-01,8.118313814279028984e-01,2.529040559877060890e+00,-1.533052567255508203e+00,-4.638630560363092847e-01
1.763579426523228645e+09,3.989754697699604002e-01,-3.063425065416977011e-01,8.134822961732198765e-01,2.531317580443142035e+00,-1.537407041935430430e+00,-4.559610705996706703e-01
1.763579426572638273e+09,4.004706449452419270e-01,-3.016897029478734504e-01,8.152084793148162145e-01,2.533616844044608740e+00,-1.544137198265686850e+00,-4.474261956766084070e-01
1.763579426622386217e+09,4.013628920790372478e-01,-2.946926326686419295e-01,8.176856142331196953e-01,2.533706723087155499e+00,-1.554171015320979343e+00,-4.381996697801975316e-01
1.763579426672496319e+09,4.027488640141546616e-01,-2.849916906376346315e-01,8.204101890091923810e-01,2.533610303402728636e+00,-1.567906188000946832e+00,-4.315218914200498190e-01
1.763579426722904205e+09,3.999308561572328946e-01,-2.721220290593676094e-01,8.233829868021725895e-01,2.532876330316959912e+00,-1.582115454884874817e+00,-4.272361078577956994e-01
1.763579426773205042e+09,3.937230572928102079e-01,-2.537990170180151051e-01,8.272891080057140911e-01,2.531099899900860706e+00,-1.595052118312006106e+00,-4.281432240482584417e-01
1.763579426823240519e+09,3.887469677219261288e-01,-2.302069422710089075e-01,8.308370746306464882e-01,2.528163506195057586e+00,-1.609859580553278935e+00,-4.383036271421446584e-01
1.763579426873007298e+09,3.780987831813172884e-01,-2.054449175409624462e-01,8.370741605963322174e-01,2.520326705154764646e+00,-1.629888494976068136e+00,-4.477894379662193391e-01
1.763579426923110008e+09,3.684293002675146367e-01,-1.803107232154715078e-01,8.439588554825563360e-01,2.511825622855273998e+00,-1.659559650061062097e+00,-4.596378322245766035e-01
1.763579426973146915e+09,3.609346040803217415e-01,-1.579204736109623142e-01,8.507540551945507179e-01,2.504757146516565669e+00,-1.690092659954343324e+00,-4.643942419095640761e-01
1.763579427023127079e+09,3.584758582152599016e-01,-1.375864739798829950e-01,8.565121270902198436e-01,2.503366968938312898e+00,-1.716058413380043390e+00,-4.592510493092685775e-01
1.763579427072978020e+09,3.564694972156724484e-01,-1.192450964236019401e-01,8.624635443026695825e-01,2.506934423185831928e+00,-1.735806198928708799e+00,-4.460822449413115454e-01
1.763579427122906446e+09,3.536564003584735105e-01,-1.025763798607783606e-01,8.685443614811473312e-01,2.513625097249307494e+00,-1.753386961964789048e+00,-4.367597309905530967e-01
1.763579427173100710e+09,3.489567188231686434e-01,-8.440498478764014989e-02,8.749651566824657722e-01,2.520159110923907875e+00,-1.769249822799930261e+00,-4.314397616893024257e-01
1.763579427223383188e+09,3.430874486739838858e-01,-6.291848659125279242e-02,8.820042957858926780e-01,2.525499578760137531e+00,-1.787196302008107418e+00,-4.301027873407404223e-01
1.763579427273647547e+09,3.390235679980941885e-01,-4.134854515628964139e-02,8.871897292595686269e-01,2.528437017324241420e+00,-1.804932527229736516e+00,-4.308108524139790951e-01
1.763579427323483706e+09,3.377143399761067255e-01,-1.993418346231289051e-02,8.907105581665138994e-01,2.529061604138068020e+00,-1.811489394380519480e+00,-4.264426175939245445e-01
1.763579427373068571e+09,3.389201982377432754e-01,1.219243337588068890e-03,8.931402593729055317e-01,2.528367567644894010e+00,-1.805513080425186212e+00,-4.180664027980288133e-01
1.763579427422720194e+09,3.390542879455716307e-01,2.107674926380218375e-02,8.947143332057315712e-01,2.529016099579350474e+00,-1.799939601466778338e+00,-4.061745361376745134e-01
1.763579427472862244e+09,3.397862584176623013e-01,4.083960232810329022e-02,8.950584452667734725e-01,2.524762836178911396e+00,-1.797017287174941247e+00,-3.945871764559124584e-01
1.763579427522991419e+09,3.366716304174796615e-01,5.846760245183853927e-02,8.953767089917662458e-01,2.516414302155587812e+00,-1.797906251880179829e+00,-3.774543128210842702e-01
1.763579427573053598e+09,3.328293989746157755e-01,7.329073454401707766e-02,8.945865762256262066e-01,2.504808232256430678e+00,-1.794596563494013086e+00,-3.585993923274691797e-01
1.763579427623163939e+09,3.294878173212100192e-01,8.487119219451870478e-02,8.920714360209148763e-01,2.490099270391755049e+00,-1.789515855836747882e+00,-3.440572454023135829e-01
1.763579427673164845e+09,3.246922912673363970e-01,9.771152652927547755e-02,8.896025646069517512e-01,2.470708296356510125e+00,-1.793005856864446468e+00,-3.282975328868725229e-01
1.763579427723040104e+09,3.195858861198135337e-01,1.133111224597270761e-01,8.870101979254472191e-01,2.447264807759627736e+00,-1.801487252205899781e+00,-3.203273493674435590e-01
1.763579427772402048e+09,3.103286908434685909e-01,1.329740694445558646e-01,8.859227951487126385e-01,2.422223877739915654e+00,-1.808758703657865619e+00,-3.194142173522979689e-01
1.763579427821351290e+09,3.047048014966892704e-01,1.538253068967009585e-01,8.846431316816938395e-01,2.403484957052828719e+00,-1.804623901295926203e+00,-3.328652612649793952e-01
1.763579427870871782e+09,3.015466423715043587e-01,1.751416638084954958e-01,8.830449118556261690e-01,2.399555874782467235e+00,-1.789891781715084562e+00,-3.441460747525465491e-01
1.763579427921149969e+09,2.985479304712393978e-01,1.952991108752625549e-01,8.825795126689308656e-01,2.401289624614581175e+00,-1.774518853009962704e+00,-3.513428885076133601e-01
1.763579427971954107e+09,2.975609761440343726e-01,2.134828593258987217e-01,8.822165158365736781e-01,2.395594345769218592e+00,-1.764799059014428462e+00,-3.530971785641192073e-01
1.763579428022647142e+09,3.005583687323721276e-01,2.282253855720065006e-01,8.810786850370161405e-01,2.391542599216697873e+00,-1.753147291435365629e+00,-3.487191530208977874e-01
1.763579428072525263e+09,3.067924342118796277e-01,2.435987264391865637e-01,8.781464678846740979e-01,2.392114225470384437e+00,-1.741787948168798783e+00,-3.289328871634250029e-01
1.763579428121995926e+09,3.164592766002514712e-01,2.590935082214185781e-01,8.738685088356447084e-01,2.390154785021674666e+00,-1.739590780635707379e+00,-2.975917635539437334e-01
1.763579428171509981e+09,3.254834413428751017e-01,2.761535818752106075e-01,8.701899258206953203e-01,2.380611234923012631e+00,-1.750817271081559712e+00,-2.621492740434104296e-01
1.763579428221659422e+09,3.307491390332358838e-01,2.954844854006770660e-01,8.690961187561285772e-01,2.363374620090452183e+00,-1.767964614272967694e+00,-2.371434588790703180e-01
1.763579428271948576e+09,3.284706665042561591e-01,3.151056148315076189e-01,8.713362868703835584e-01,2.342236104283760945e+00,-1.783674406288670244e+00,-2.280168291540647096e-01
1.763579428322406054e+09,3.211111119611351206e-01,3.340837546450073359e-01,8.763882726465023199e-01,2.319796487667584284e+00,-1.797512477836923805e+00,-2.282766783318701531e-01
1.763579428372396946e+09,3.148301086909837121e-01,3.518050590618563289e-01,8.816931083738802633e-01,2.300340699022831004e+00,-1.806226489235946753e+00,-2.269023051972525740e-01
1.763579428422205925e+09,3.136359520818328139e-01,3.678353711936483417e-01,8.852974124049561855e-01,2.282310124811541829e+00,-1.814112316361496058e+00,-2.208362193179610744e-01
1.763579428471822023e+09,3.156168243299962706e-01,3.843274311297264489e-01,8.865412396358316460e-01,2.266949389348217103e+00,-1.820452653318980207e+00,-2.040953405814872890e-01
1.763579428521705389e+09,3.207358098387018686e-01,3.984879074525919385e-01,8.864393610045556704e-01,2.254963164040149959e+00,-1.820601131880853263e+00,-1.880154359916756668e-01
1.763579428571772814e+09,3.266701409775422671e-01,4.094054582170743029e-01,8.861399942432968135e-01,2.246111446553637592e+00,-1.814760578108117750e+00,-1.724889921165716211e-01
1.763579428621910572e+09,3.331551368439262251e-01,4.196799536569838507e-01,8.846704808577506851e-01,2.239708421585333564e+00,-1.805790397422213589e+00,-1.544989410398926732e-01
1.763579428671981812e+09,3.412717862044455930e-01,4.292022076267038577e-01,8.825769192289636411e-01,2.231316259967575100e+00,-1.798794760236276158e+00,-1.377047831304369641e-01
1.763579428722033978e+09,3.480991670586450204e-01,4.396858465042344788e-01,8.793565068796317385e-01,2.224616786826466797e+00,-1.795566704028542793e+00,-1.173140398793409284e-01
1.763579428771847486e+09,3.561689589805490663e-01,4.505641559420074937e-01,8.748413527513598797e-01,2.218564612467187391e+00,-1.794805964498126016e+00,-9.634234298206144353e-02
1.763579428821822882e+09,3.630487949231131495e-01,4.593939440235288441e-01,8.698462947488578845e-01,2.214166445235503655e+00,-1.790099657845503067e+00,-7.624303921000261108e-02
1.763579428871984005e+09,3.669649799285690239e-01,4.659036892526101648e-01,8.652415085219422597e-01,2.208193322593475560e+00,-1.781694672289316994e+00,-5.878997629940966446e-02
1.763579428922277689e+09,3.689942895298816139e-01,4.708955903478864724e-01,8.607518185959613932e-01,2.197429935347709140e+00,-1.778925301499884037e+00,-4.478520462984510869e-02
1.763579428972103357e+09,3.691615557926987146e-01,4.773860961607978015e-01,8.557177762526629872e-01,2.179296710899600864e+00,-1.788522957628728038e+00,-3.012362591547222343e-02
1.763579429021780729e+09,3.709981062011069586e-01,4.842550902096270926e-01,8.494098840848667287e-01,2.155116213226717647e+00,-1.807754019071810436e+00,-1.698907406545734425e-02
1.763579429071557522e+09,3.688948615303769829e-01,4.917487614958708231e-01,8.439423922402792266e-01,2.124087912937858480e+00,-1.833848487695567631e+00,-7.914024808647330059e-03
1.763579429121612787e+09,3.656354210914118386e-01,4.996634892541524375e-01,8.384440378250381798e-01,2.095011893626297805e+00,-1.855069990461090557e+00,-5.517043881023621366e-03
1.763579429171900034e+09,3.649802151088296087e-01,5.083745178638503504e-01,8.324108215029630831e-01,2.080882345904798036e+00,-1.865396122037866977e+00,-2.360333669109974833e-04
1.763579429222324133e+09,3.696524800913752462e-01,5.166648355819187799e-01,8.253073079170769599e-01,2.078827361363640325e+00,-1.868906181326923654e+00,1.441244657954216316e-02
1.763579429272300482e+09,3.771722768280495464e-01,5.236672904638999260e-01,8.188197927366072104e-01,2.074257261324959689e+00,-1.874197135783373103e+00,3.590761105401420183e-02
1.763579429322053909e+09,3.817182973306044724e-01,5.301305771863499272e-01,8.144644688001907440e-01,2.062328144099322635e+00,-1.880771867871835701e+00,5.435857724909946148e-02
1.763579429371713638e+09,3.813207411419186621e-01,5.371140031808722126e-01,8.113398037195570511e-01,2.049948735582757031e+00,-1.877579881615600188e+00,6.437747868350644775e-02
1.763579429421527147e+09,3.803854707485548881e-01,5.445324065902437116e-01,8.080566796609596203e-01,2.036731861482997008e+00,-1.866536346036508531e+00,6.482203080950428575e-02
1.763579429471620321e+09,3.791955718420024213e-01,5.519637860058154155e-01,8.048516355679646850e-01,2.020868793438075350e+00,-1.858885524136664857e+00,6.790437859486687933e-02
1.763579429521852732e+09,3.784200091139137689e-01,5.616098263980184857e-01,7.999611839491818088e-01,1.999451642914661154e+00,-1.861434964813166060e+00,7.706323551551315376e-02
1.763579429571991205e+09,3.769692300890604142e-01,5.720926555185023021e-01,7.949720847307548688e-01,1.972112982405337167e+00,-1.875095334095330246e+00,8.631510465937484999e-02
1.763579429622085094e+09,3.748372014655572682e-01,5.842734370992330728e-01,7.902918317502025669e-01,1.947165410762669024e+00,-1.891214951550464818e+00,9.220529442139512033e-02
1.763579429672073126e+09,3.744379819600928139e-01,5.997013124442868159e-01,7.835029558701519514e-01,1.932960225713770130e+00,-1.903649668944471296e+00,9.419251880424256429e-02
1.763579429722030640e+09,3.757677322627431260e-01,6.179015967664953646e-01,7.760562841280488344e-01,1.927006079390517268e+00,-1.917024167238149390e+00,9.733275662834076081e-02
1.763579429771862268e+09,3.769852348519702190e-01,6.381158350761676479e-01,7.684087107621196955e-01,1.918586085810997544e+00,-1.937205549535824023e+00,1.001434360207558716e-01
1.763579429821771383e+09,3.773277924128529137e-01,6.587419511066436861e-01,7.615715825570832376e-01,1.905531524545023947e+00,-1.962466976471922253e+00,1.021791199730943539e-01
1.763579429871753931e+09,3.742080095350804325e-01,6.792887746872748878e-01,7.557630352648617711e-01,1.883469470830129167e+00,-1.993777189328974409e+00,1.069747364187227795e-01
1.763579429921787977e+09,3.707763569228365585e-01,6.975241364235206243e-01,7.510271083985852192e-01,1.860733490687840774e+00,-2.024146106563939451e+00,1.125370043817067733e-01
1.763579429971758127e+09,3.691288408895435080e-01,7.126787308368528473e-01,7.462132372909621170e-01,1.845223631124863317e+00,-2.044085818187565184e+00,1.173806538245150410e-01
1.763579430021740913e+09,3.671255585275101652e-01,7.247968342172131928e-01,7.427189893745392846e-01,1.835864784825145479e+00,-2.055153267627680247e+00,1.194426288686171733e-01
1.763579430071694851e+09,3.646229162620334141e-01,7.360133838264990569e-01,7.398128358476544486e-01,1.826829846663422519e+00,-2.066626285704061594e+00,1.237973315516205236e-01
1.763579430121725559e+09,3.631280200119836876e-01,7.471544755138338489e-01,7.371641685013439194e-01,1.813555479782741564e+00,-2.085354028406814386e+00,1.309558032990499610e-01
1.763579430171783686e+09,3.603098154395674158e-01,7.572241568802055012e-01,7.353331499604721655e-01,1.793620856010313069e+00,-2.108213135467109645e+00,1.384503856002488875e-01
1.763579430221992731e+09,3.532811302253853758e-01,7.643452914172448320e-01,7.358794684313094692e-01,1.769472619280598957e+00,-2.130812260031492933e+00,1.433904666021344754e-01
1.763579430271934986e+09,3.444037303703832986e-01,7.663710884242048715e-01,7.395666805447347336e-01,1.742671964466170342e+00,-2.150560805086458416e+00,1.461504164902361624e-01
1.763579430321802378e+09,3.335542328373142240e-01,7.637166934355444914e-01,7.446180420265294808e-01,1.714703614685932243e+00,-2.164632985705246870e+00,1.502615832105866911e-01
1.763579430371662378e+09,3.230897896326798135e-01,7.564656161341009044e-01,7.518960133683951774e-01,1.684704654655288403e+00,-2.177175870520961176e+00,1.533244835214855606e-01
1.763579430421629667e+09,3.139738143358603017e-01,7.483842877319329956e-01,7.587575892782238984e-01,1.655685912023281192e+00,-2.188587282401041723e+00,1.589556784222818930e-01
1.763579430471669436e+09,3.067099576063727073e-01,7.405200263065397914e-01,7.652792422540124484e-01,1.627368908850225449e+00,-2.201569299920306921e+00,1.650924790380641771e-01
1.763579430521848917e+09,3.001631335895187380e-01,7.331251189583832817e-01,7.714459030284692709e-01,1.602398549090289892e+00,-2.212742262858302666e+00,1.702438050190779317e-01
1.763579430572023392e+09,2.933612876861637631e-01,7.253547936909907623e-01,7.784482920056506883e-01,1.582579528086613063e+00,-2.218673611902784337e+00,1.739987371918301495e-01
1.763579430621932983e+09,2.879217226436029953e-01,7.155372167554666651e-01,7.874715302582843135e-01,1.566189123908805270e+00,-2.217079210773075015e+00,1.738587262044622994e-01
1.763579430671833515e+09,2.837159906991706393e-01,7.034390693266514560e-01,7.974969744624201828e-01,1.550156716205109753e+00,-2.209618826272571557e+00,1.742345640025927400e-01
1.763579430721709728e+09,2.835382789408013582e-01,6.914987669665058068e-01,8.060225650843499956e-01,1.530926499985869160e+00,-2.195619642851403874e+00,1.774349048030776643e-01
1.763579430771999121e+09,2.837452708645705757e-01,6.762849719294838913e-01,8.180432913285281549e-01,1.514139612337656260e+00,-2.182891115004527816e+00,1.811205407368267073e-01
1.763579430823973417e+09,2.908977184915039205e-01,6.662175335027138434e-01,8.240908810668914342e-01,1.499535231186946538e+00,-2.160349583808933716e+00,1.850441710951778729e-01
1.763579430873589516e+09,2.917333236826529230e-01,6.551277475629750935e-01,8.317234644762923068e-01,1.499197248384229741e+00,-2.145115931759491001e+00,1.903254246881750933e-01
1.763579430922377825e+09,2.938190977097288603e-01,6.492738933762116638e-01,8.343074363183238251e-01,1.503290927326869086e+00,-2.131948501113021255e+00,1.973819429505728196e-01
1.763579430971109867e+09,2.936937940607446396e-01,6.459262608998530553e-01,8.347693102457206527e-01,1.514302481500374720e+00,-2.126757889869626883e+00,2.031696049387898828e-01
1.763579431020853519e+09,2.913549058317815299e-01,6.444581898604485604e-01,8.346585692590525740e-01,1.527624435545653636e+00,-2.126712225944227708e+00,2.061788372302565675e-01
1.763579431071245909e+09,2.882787602642836733e-01,6.430401038398163571e-01,8.353924437007806958e-01,1.538807788909841046e+00,-2.129582118516211153e+00,2.062798935324083593e-01
1.763579431122090101e+09,2.865406133446192216e-01,6.414545740610338997e-01,8.358254469803777509e-01,1.550678216917540375e+00,-2.129660180009529391e+00,2.064056367959755389e-01
1.763579431172531128e+09,2.849295217627506038e-01,6.391765119820614904e-01,8.372143762386550225e-01,1.559943854312513034e+00,-2.128901705643587050e+00,2.077556566182684750e-01
1.763579431222430229e+09,2.849190720638416496e-01,6.365763993467168369e-01,8.381741054414327818e-01,1.565334036718379451e+00,-2.124833802856508580e+00,2.142703114343783577e-01
1.763579431271953821e+09,2.853012107600882419e-01,6.326638575658758423e-01,8.403183152093345321e-01,1.569584996063886129e+00,-2.118440656101642006e+00,2.220455370082345670e-01
1.763579431321429968e+09,2.854361677958185406e-01,6.282712141134888517e-01,8.442378597589172973e-01,1.570604684259285566e+00,-2.108914130718657187e+00,2.255827514236141973e-01
1.763579431371283770e+09,2.853298537956213132e-01,6.244277686831715135e-01,8.488476725604442441e-01,1.569737716634530100e+00,-2.097671455013465636e+00,2.237168305436500748e-01
1.763579431421795130e+09,2.838801183466900802e-01,6.210091401388910803e-01,8.551616440434500754e-01,1.566090569277381439e+00,-2.088974793483453496e+00,2.121568383112006073e-01
1.763579431472252607e+09,2.805472160908025758e-01,6.177893221615662345e-01,8.622113057365747846e-01,1.564211339751973018e+00,-2.082087299205090503e+00,1.967580944043109958e-01
1.763579431522424459e+09,2.763057608267857623e-01,6.143669814097545423e-01,8.698467257833681909e-01,1.565716057336769218e+00,-2.076768553268989237e+00,1.754545514287970120e-01
1.763579431572215796e+09,2.704875415533505301e-01,6.108932751839503128e-01,8.784287289595108517e-01,1.567473017539347868e+00,-2.074740728456617944e+00,1.509663422132566934e-01
1.763579431621949196e+09,2.630044000099861501e-01,6.070533309684628120e-01,8.880540073912135401e-01,1.568069373308893732e+00,-2.075751422060286622e+00,1.277772322925188886e-01
1.763579431671715975e+09,2.562367805983006286e-01,6.023826105115577256e-01,8.981929742386738358e-01,1.565512917916353830e+00,-2.078460186897437723e+00,1.077978521333034373e-01
1.763579431721449375e+09,2.520838588131034119e-01,5.977336778773758574e-01,9.059426266281827012e-01,1.561137905881126109e+00,-2.079368417824999593e+00,9.595442505903371833e-02
1.763579431771439791e+09,2.502325668074910081e-01,5.935227840812056233e-01,9.097640547476698591e-01,1.559497030373740323e+00,-2.077508076329433351e+00,9.389519514498298469e-02
1.763579431821732044e+09,2.513505386024047494e-01,5.898616189261179921e-01,9.117510276318926410e-01,1.562047358349533788e+00,-2.068482110152625619e+00,9.471205597609977378e-02
1.763579431872040749e+09,2.535859544887685835e-01,5.865965264564044768e-01,9.127179422275718546e-01,1.572657629435688875e+00,-2.053075110037950513e+00,9.544245791330747963e-02
1.763579431922163963e+09,2.547535762777879964e-01,5.842870028738781363e-01,9.111729865730661126e-01,1.589517164221148748e+00,-2.038397626947932917e+00,1.006878666227699892e-01
1.763579431972206116e+09,2.533723302998637239e-01,5.829120701237856528e-01,9.084374388785543264e-01,1.604447561021488333e+00,-2.032918473789788738e+00,1.079920909754832486e-01
1.763579432021982908e+09,2.482190547038464201e-01,5.819488335686363589e-01,9.057858955121349531e-01,1.618935460060149989e+00,-2.039168933212622381e+00,1.124147325767697880e-01
1.763579432071749687e+09,2.397522342841883758e-01,5.788428144598771752e-01,9.058922901094622615e-01,1.632746151439236737e+00,-2.055543197824861501e+00,1.073300700369567290e-01
1.763579432121745348e+09,2.277917924728013466e-01,5.769672528315723525e-01,9.068641863597972641e-01,1.646870608070960085e+00,-2.074714661774651692e+00,1.002583769789053419e-01
1.763579432171801567e+09,2.174553723560330443e-01,5.750656504293699678e-01,9.078897427903618311e-01,1.660719727483089603e+00,-2.091054508178685989e+00,9.137409476466400171e-02
1.763579432221769571e+09,2.073742533418835021e-01,5.716402611725011074e-01,9.107494612842150783e-01,1.672548486440917692e+00,-2.103778128864788766e+00,8.152518493035931790e-02
1.763579432271877527e+09,1.989665829456225554e-01,5.661656022296633894e-01,9.152039084271463842e-01,1.684159762159536555e+00,-2.109768032189534903e+00,7.130356843164327441e-02
1.763579432322004557e+09,1.917910553944348617e-01,5.590637359464338818e-01,9.213338893275812014e-01,1.694855290303256989e+00,-2.112845762724184340e+00,5.914093646662604148e-02
1.763579432371894121e+09,1.868873368562097848e-01,5.502192376586662048e-01,9.284338775968038471e-01,1.703264290254767666e+00,-2.112268243583782290e+00,4.737269996582525039e-02
1.763579432421762943e+09,1.828294462528964326e-01,5.409493244900023257e-01,9.354863104011459374e-01,1.711423265685013240e+00,-2.110300805723491102e+00,4.050633849716675505e-02
1.763579432471706152e+09,1.802016433749712987e-01,5.336570751138538515e-01,9.424908941429160913e-01,1.712387412440221413e+00,-2.108613698644477452e+00,3.517233871698251940e-02
1.763579432521658897e+09,1.768789825549423878e-01,5.231606417854410829e-01,9.565785489939776509e-01,1.711642844992325330e+00,-2.106365600755543799e+00,1.903615044490089905e-02
1.763579432571928501e+09,1.710705807686724034e-01,5.118251626795552456e-01,9.756600088071463173e-01,1.715549736857319818e+00,-2.098350312192839073e+00,-5.955406635711011504e-03
1.763579432622001410e+09,1.659428231477585725e-01,5.004988718128393632e-01,9.967032906010395710e-01,1.720652804252696066e+00,-2.090754011142797797e+00,-3.315518228845656251e-02
1.763579432671927929e+09,1.629263762133224547e-01,4.942130814224346969e-01,1.011967564639572714e+00,1.724756805874474885e+00,-2.089405177089155519e+00,-4.626009096929913078e-02
1.763579432722023726e+09,1.627625369175258740e-01,4.970070119737707848e-01,1.018392730309918726e+00,1.728694405370186926e+00,-2.089891926787133425e+00,-4.287200491111757550e-02
1.763579432772028208e+09,1.640810561932820322e-01,5.032673357871340070e-01,1.020480447418370185e+00,1.739207352882358393e+00,-2.089990423701721944e+00,-3.053222942546365837e-02
1.763579432821862221e+09,1.666461227555168234e-01,5.130607144553818166e-01,1.019519844404292552e+00,1.756350595361972688e+00,-2.085924965663180863e+00,-1.153291460616261317e-02
1.763579432871679068e+09,1.680655304754661572e-01,5.241319366587213757e-01,1.018162682453656043e+00,1.774081023315551064e+00,-2.083038694332663088e+00,1.253359635317005498e-02
1.763579432921596766e+09,1.697689670422236619e-01,5.321989278160056402e-01,1.021171663648095640e+00,1.784590199891282758e+00,-2.087143283771235147e+00,3.067044395422505870e-02
1.763579432971669436e+09,1.636317142717486350e-01,5.415831008985109163e-01,1.027703282319206934e+00,1.791758215632877294e+00,-2.100967550312220933e+00,4.334562382825166149e-02
1.763579433021994114e+09,1.512740822771616311e-01,5.507878795474995259e-01,1.037929945627001693e+00,1.801421473770192350e+00,-2.118315262740081639e+00,4.385319904064812618e-02
1.763579433072155476e+09,1.388135145238223456e-01,5.605681546842520291e-01,1.048682336667787096e+00,1.815799253700952409e+00,-2.131430061743136317e+00,4.228400346756490402e-02
1.763579433122067928e+09,1.322672506663044589e-01,5.725504313426758030e-01,1.055362142276869086e+00,1.835106550391613522e+00,-2.135712714568025472e+00,4.622534034813241544e-02
1.763579433171856165e+09,1.311398882137813360e-01,5.830283364292037085e-01,1.060930882616346160e+00,1.854503124939366643e+00,-2.136287748868662462e+00,5.198448433615956987e-02
1.763579433221735239e+09,1.325951670053388542e-01,5.925564813461196012e-01,1.067385276232250213e+00,1.873562300499846733e+00,-2.134189681933628790e+00,5.608463629668962447e-02
1.763579433271906137e+09,1.311021820722154396e-01,6.002333799488522859e-01,1.075158328119055984e+00,1.891804070050320474e+00,-2.135962010597561633e+00,6.117579991027180530e-02
1.763579433322113991e+09,1.379953254627394044e-01,6.055925064507281519e-01,1.080588998438010373e+00,1.904348381455986727e+00,-2.137346977000806891e+00,7.015637825372686431e-02
1.763579433372129917e+09,1.549852155599313330e-01,6.064694035271180894e-01,1.083750611115697815e+00,1.914687972365726631e+00,-2.138137084674942567e+00,8.302623388847574226e-02
1.763579433422141075e+09,1.701684297518980815e-01,6.079109096200741025e-01,1.085884880776931682e+00,1.928992966367441220e+00,-2.137528028288607995e+00,1.036961991250958809e-01
1.763579433471851826e+09,1.768856581277922224e-01,6.050126644104679707e-01,1.091554749434930915e+00,1.953445918376480961e+00,-2.136671358026999812e+00,1.214202645195849306e-01
1.763579433521725416e+09,1.870931232313649273e-01,6.023705909811027936e-01,1.098324066692646372e+00,1.984607393974074041e+00,-2.125565067533228270e+00,1.239771275384603660e-01
1.763579433571728468e+09,1.863419966510106163e-01,6.042218825751323186e-01,1.106119002915409322e+00,2.015802884916075843e+00,-2.119170985515601124e+00,1.199629932966930074e-01
1.763579433621068716e+09,1.804099039533186566e-01,6.138575789208090550e-01,1.112684709540362693e+00,2.037683459897288607e+00,-2.123491519193583699e+00,1.079551574602145014e-01
1.763579433671011686e+09,1.676671951096213309e-01,6.281816431756910291e-01,1.120790592005042940e+00,2.050378054158688457e+00,-2.140610293219397775e+00,8.990612950822926552e-02
1.763579433711011648e+09,1.676671951096213309e-01,6.281816431756910291e-01,1.120790592005042940e+00,2.050378054158688457e+00,-2.140610293219397775e+00,8.990612950822926552e-02
