frame_idx,cam0_idx,cam1_idx,cam0_timestamp_sec,cam1_timestamp_sec,time_diff_ms,cam0_interval_ms,cam1_interval_ms
0,0,0,1763579364.919579,1763579364.919579,0.0,50.19187927246094,49.942970275878906
1,1,1,1763579364.969771,1763579364.969771,0.0,50.6744384765625,50.19187927246094
2,2,2,1763579365.0204453,1763579365.0204453,0.0,50.41098594665527,50.6744384765625
3,3,3,1763579365.0708563,1763579365.0708563,0.0,49.92556571960449,50.41098594665527
4,4,4,1763579365.120782,1763579365.120782,0.0,49.84235763549805,49.92556571960449
5,5,5,1763579365.1706243,1763579365.1706243,0.0,49.688100814819336,49.84235763549805
6,6,6,1763579365.2203124,1763579365.2203124,0.0,49.76320266723633,49.688100814819336
7,7,7,1763579365.2700756,1763579365.2700756,0.0,50.138235092163086,49.76320266723633
8,8,8,1763579365.3202138,1763579365.3202138,0.0,50.188302993774414,50.138235092163086
9,9,9,1763579365.370402,1763579365.370402,0.0,50.0643253326416,50.188302993774414
10,10,10,1763579365.4204664,1763579365.4204664,0.0,49.970149993896484,50.0643253326416
11,11,11,1763579365.4704366,1763579365.4704366,0.0,49.959421157836914,49.970149993896484
12,12,12,1763579365.520396,1763579365.520396,0.0,49.935340881347656,49.959421157836914
13,13,13,1763579365.5703313,1763579365.5703313,0.0,49.924612045288086,49.935340881347656
14,14,14,1763579365.620256,1763579365.620256,0.0,50.36592483520508,49.924612045288086
15,15,15,1763579365.6706219,1763579365.6706219,0.0,50.21262168884277,50.36592483520508
16,16,16,1763579365.7208345,1763579365.7208345,0.0,50.0788688659668,50.21262168884277
17,17,17,1763579365.7709134,1763579365.7709134,0.0,49.8042106628418,50.0788688659668
18,18,18,1763579365.8207176,1763579365.8207176,0.0,49.84688758850098,49.8042106628418
19,19,19,1763579365.8705645,1763579365.8705645,0.0,49.81637001037598,49.84688758850098
20,20,20,1763579365.9203808,1763579365.9203808,0.0,50.10223388671875,49.81637001037598
21,21,21,1763579365.970483,1763579365.970483,0.0,49.8347282409668,50.10223388671875
22,22,22,1763579366.0203178,1763579366.0203178,0.0,50.0485897064209,49.8347282409668
23,23,23,1763579366.0703664,1763579366.0703664,0.0,50.080060958862305,50.0485897064209
24,24,24,1763579366.1204464,1763579366.1204464,0.0,49.97992515563965,50.080060958862305
25,25,25,1763579366.1704264,1763579366.1704264,0.0,49.98350143432617,49.97992515563965
26,26,26,1763579366.2204099,1763579366.2204099,0.0,49.87668991088867,49.98350143432617
27,27,27,1763579366.2702866,1763579366.2702866,0.0,50.047874450683594,49.87668991088867
28,28,28,1763579366.3203344,1763579366.3203344,0.0,49.857139587402344,50.047874450683594
29,29,29,1763579366.3701916,1763579366.3701916,0.0,49.94392395019531,49.857139587402344
30,30,30,1763579366.4201355,1763579366.4201355,0.0,50.02284049987793,49.94392395019531
31,31,31,1763579366.4701583,1763579366.4701583,0.0,50.22859573364258,50.02284049987793
32,32,32,1763579366.520387,1763579366.520387,0.0,50.060272216796875,50.22859573364258
33,33,33,1763579366.5704472,1763579366.5704472,0.0,50.080060958862305,50.060272216796875
34,34,34,1763579366.6205273,1763579366.6205273,0.0,50.01020431518555,50.080060958862305
35,35,35,1763579366.6705375,1763579366.6705375,0.0,49.8356819152832,50.01020431518555
36,36,36,1763579366.7203732,1763579366.7203732,0.0,49.845218658447266,49.8356819152832
37,37,37,1763579366.7702184,1763579366.7702184,0.0,49.81708526611328,49.845218658447266
38,38,38,1763579366.8200355,1763579366.8200355,0.0,50.37522315979004,49.81708526611328
39,39,39,1763579366.8704107,1763579366.8704107,0.0,50.165653228759766,50.37522315979004
40,40,40,1763579366.9205763,1763579366.9205763,0.0,49.88670349121094,50.165653228759766
41,41,41,1763579366.970463,1763579366.970463,0.0,49.9269962310791,49.88670349121094
42,42,42,1763579367.02039,1763579367.02039,0.0,49.92079734802246,49.9269962310791
43,43,43,1763579367.0703108,1763579367.0703108,0.0,49.99804496765137,49.92079734802246
44,44,44,1763579367.1203089,1763579367.1203089,0.0,50.03786087036133,49.99804496765137
45,45,45,1763579367.1703467,1763579367.1703467,0.0,49.96156692504883,50.03786087036133
46,46,46,1763579367.2203083,1763579367.2203083,0.0,50.049543380737305,49.96156692504883
47,47,47,1763579367.2703578,1763579367.2703578,0.0,50.17352104187012,50.049543380737305
48,48,48,1763579367.3205314,1763579367.3205314,0.0,50.43530464172363,50.17352104187012
49,49,49,1763579367.3709667,1763579367.3709667,0.0,50.11153221130371,50.43530464172363
50,50,50,1763579367.4210782,1763579367.4210782,0.0,49.811363220214844,50.11153221130371
51,51,51,1763579367.4708896,1763579367.4708896,0.0,49.735307693481445,49.811363220214844
52,52,52,1763579367.5206249,1763579367.5206249,0.0,49.964189529418945,49.735307693481445
53,53,53,1763579367.570589,1763579367.570589,0.0,49.87525939941406,49.964189529418945
54,54,54,1763579367.6204643,1763579367.6204643,0.0,49.722909927368164,49.87525939941406
55,55,55,1763579367.6701872,1763579367.6701872,0.0,49.87597465515137,49.722909927368164
56,56,56,1763579367.7200632,1763579367.7200632,0.0,50.18806457519531,49.87597465515137
57,57,57,1763579367.7702513,1763579367.7702513,0.0,50.128936767578125,50.18806457519531
58,58,58,1763579367.8203802,1763579367.8203802,0.0,49.97086524963379,50.128936767578125
59,59,59,1763579367.870351,1763579367.870351,0.0,49.94916915893555,49.97086524963379
60,60,60,1763579367.9203002,1763579367.9203002,0.0,50.47106742858887,49.94916915893555
61,61,61,1763579367.9707713,1763579367.9707713,0.0,50.17900466918945,50.47106742858887
62,62,62,1763579368.0209503,1763579368.0209503,0.0,49.80921745300293,50.17900466918945
63,63,63,1763579368.0707595,1763579368.0707595,0.0,49.61442947387695,49.80921745300293
64,64,64,1763579368.120374,1763579368.120374,0.0,49.82900619506836,49.61442947387695
65,65,65,1763579368.170203,1763579368.170203,0.0,50.005435943603516,49.82900619506836
66,66,66,1763579368.2202084,1763579368.2202084,0.0,50.23336410522461,50.005435943603516
67,67,67,1763579368.2704418,1763579368.2704418,0.0,50.132036209106445,50.23336410522461
68,68,68,1763579368.3205738,1763579368.3205738,0.0,49.92413520812988,50.132036209106445
69,69,69,1763579368.370498,1763579368.370498,0.0,49.93486404418945,49.92413520812988
70,70,70,1763579368.4204328,1763579368.4204328,0.0,49.83329772949219,49.93486404418945
71,71,71,1763579368.470266,1763579368.470266,0.0,49.930572509765625,49.83329772949219
72,72,72,1763579368.5201967,1763579368.5201967,0.0,50.04143714904785,49.930572509765625
73,73,73,1763579368.570238,1763579368.570238,0.0,50.000905990600586,50.04143714904785
74,74,74,1763579368.620239,1763579368.620239,0.0,49.97134208679199,50.000905990600586
75,75,75,1763579368.6702104,1763579368.6702104,0.0,49.94058609008789,49.97134208679199
76,76,76,1763579368.720151,1763579368.720151,0.0,50.07791519165039,49.94058609008789
77,77,77,1763579368.7702289,1763579368.7702289,0.0,50.11463165283203,50.07791519165039
78,78,78,1763579368.8203435,1763579368.8203435,0.0,50.28176307678223,50.11463165283203
79,79,79,1763579368.8706253,1763579368.8706253,0.0,50.0640869140625,50.28176307678223
80,80,80,1763579368.9206893,1763579368.9206893,0.0,49.66425895690918,50.0640869140625
81,81,81,1763579368.9703536,1763579368.9703536,0.0,49.88384246826172,49.66425895690918
82,82,82,1763579369.0202374,1763579369.0202374,0.0,49.89814758300781,49.88384246826172
83,83,83,1763579369.0701356,1763579369.0701356,0.0,50.01258850097656,49.89814758300781
84,84,84,1763579369.1201482,1763579369.1201482,0.0,50.15897750854492,50.01258850097656
85,85,85,1763579369.1703072,1763579369.1703072,0.0,50.1093864440918,50.15897750854492
86,86,86,1763579369.2204165,1763579369.2204165,0.0,50.08387565612793,50.1093864440918
87,87,87,1763579369.2705004,1763579369.2705004,0.0,49.8964786529541,50.08387565612793
88,88,88,1763579369.320397,1763579369.320397,0.0,49.726247787475586,49.8964786529541
89,89,89,1763579369.3701231,1763579369.3701231,0.0,50.37283897399902,49.726247787475586
90,90,90,1763579369.420496,1763579369.420496,0.0,50.13251304626465,50.37283897399902
91,91,91,1763579369.4706285,1763579369.4706285,0.0,49.93462562561035,50.13251304626465
92,92,92,1763579369.5205631,1763579369.5205631,0.0,50.151824951171875,49.93462562561035
93,93,93,1763579369.570715,1763579369.570715,0.0,50.164222717285156,50.151824951171875
94,94,94,1763579369.6208792,1763579369.6208792,0.0,50.6281852722168,50.164222717285156
95,95,95,1763579369.6715074,1763579369.6715074,0.0,50.34637451171875,50.6281852722168
96,96,96,1763579369.7218537,1763579369.7218537,0.0,49.942970275878906,50.34637451171875
97,97,97,1763579369.7717967,1763579369.7717967,0.0,49.60060119628906,49.942970275878906
98,98,98,1763579369.8213973,1763579369.8213973,0.0,49.64876174926758,49.60060119628906
99,99,99,1763579369.871046,1763579369.871046,0.0,50.01235008239746,49.64876174926758
100,100,100,1763579369.9210584,1763579369.9210584,0.0,50.17662048339844,50.01235008239746
101,101,101,1763579369.971235,1763579369.971235,0.0,50.54807662963867,50.17662048339844
102,102,102,1763579370.021783,1763579370.021783,0.0,50.07433891296387,50.54807662963867
103,103,103,1763579370.0718575,1763579370.0718575,0.0,49.67522621154785,50.07433891296387
104,104,104,1763579370.1215327,1763579370.1215327,0.0,49.58152770996094,49.67522621154785
105,105,105,1763579370.1711142,1763579370.1711142,0.0,50.11701583862305,49.58152770996094
106,106,106,1763579370.2212312,1763579370.2212312,0.0,50.06837844848633,50.11701583862305
107,107,107,1763579370.2712996,1763579370.2712996,0.0,50.12774467468262,50.06837844848633
108,108,108,1763579370.3214273,1763579370.3214273,0.0,50.054073333740234,50.12774467468262
109,109,109,1763579370.3714814,1763579370.3714814,0.0,49.921512603759766,50.054073333740234
110,110,110,1763579370.421403,1763579370.421403,0.0,49.83639717102051,49.921512603759766
111,111,111,1763579370.4712393,1763579370.4712393,0.0,50.01997947692871,49.83639717102051
112,112,112,1763579370.5212593,1763579370.5212593,0.0,50.13728141784668,50.01997947692871
113,113,113,1763579370.5713966,1763579370.5713966,0.0,50.10366439819336,50.13728141784668
114,114,114,1763579370.6215003,1763579370.6215003,0.0,49.96538162231445,50.10366439819336
115,115,115,1763579370.6714656,1763579370.6714656,0.0,49.90029335021973,49.96538162231445
116,116,116,1763579370.721366,1763579370.721366,0.0,50.176143646240234,49.90029335021973
117,117,117,1763579370.771542,1763579370.771542,0.0,50.21333694458008,50.176143646240234
118,118,118,1763579370.8217554,1763579370.8217554,0.0,50.06146430969238,50.21333694458008
119,119,119,1763579370.8718169,1763579370.8718169,0.0,49.86238479614258,50.06146430969238
120,120,120,1763579370.9216793,1763579370.9216793,0.0,49.71146583557129,49.86238479614258
121,121,121,1763579370.9713907,1763579370.9713907,0.0,49.73173141479492,49.71146583557129
122,122,122,1763579371.0211225,1763579371.0211225,0.0,50.26602745056152,49.73173141479492
123,123,123,1763579371.0713885,1763579371.0713885,0.0,50.11129379272461,50.26602745056152
124,124,124,1763579371.1214998,1763579371.1214998,0.0,49.9570369720459,50.11129379272461
125,125,125,1763579371.1714568,1763579371.1714568,0.0,49.832820892333984,49.9570369720459
126,126,126,1763579371.2212896,1763579371.2212896,0.0,50.440311431884766,49.832820892333984
127,127,127,1763579371.27173,1763579371.27173,0.0,50.60553550720215,50.440311431884766
128,128,128,1763579371.3223355,1763579371.3223355,0.0,51.02109909057617,50.60553550720215
129,129,129,1763579371.3733566,1763579371.3733566,0.0,50.48036575317383,51.02109909057617
130,130,130,1763579371.423837,1763579371.423837,0.0,49.532175064086914,50.48036575317383
131,131,131,1763579371.4733691,1763579371.4733691,0.0,49.40676689147949,49.532175064086914
132,132,132,1763579371.522776,1763579371.522776,0.0,49.54195022583008,49.40676689147949
133,133,133,1763579371.5723178,1763579371.5723178,0.0,49.90410804748535,49.54195022583008
134,134,134,1763579371.622222,1763579371.622222,0.0,50.39691925048828,49.90410804748535
135,135,135,1763579371.6726189,1763579371.6726189,0.0,50.40097236633301,50.39691925048828
136,136,136,1763579371.7230198,1763579371.7230198,0.0,50.017356872558594,50.40097236633301
137,137,137,1763579371.7730372,1763579371.7730372,0.0,50.06861686706543,50.017356872558594
138,138,138,1763579371.8231058,1763579371.8231058,0.0,50.02164840698242,50.06861686706543
139,139,139,1763579371.8731275,1763579371.8731275,0.0,49.72076416015625,50.02164840698242
140,140,140,1763579371.9228482,1763579371.9228482,0.0,49.62587356567383,49.72076416015625
141,141,141,1763579371.972474,1763579371.972474,0.0,49.909353256225586,49.62587356567383
142,142,142,1763579372.0223835,1763579372.0223835,0.0,50.20594596862793,49.909353256225586
143,143,143,1763579372.0725894,1763579372.0725894,0.0,50.30226707458496,50.20594596862793
144,144,144,1763579372.1228917,1763579372.1228917,0.0,50.258636474609375,50.30226707458496
145,145,145,1763579372.1731503,1763579372.1731503,0.0,50.09150505065918,50.258636474609375
146,146,146,1763579372.2232418,1763579372.2232418,0.0,49.74484443664551,50.09150505065918
147,147,147,1763579372.2729867,1763579372.2729867,0.0,49.63397979736328,49.74484443664551
148,148,148,1763579372.3226206,1763579372.3226206,0.0,49.976348876953125,49.63397979736328
149,149,149,1763579372.372597,1763579372.372597,0.0,50.28891563415527,49.976348876953125
150,150,150,1763579372.422886,1763579372.422886,0.0,50.252676010131836,50.28891563415527
151,151,151,1763579372.4731386,1763579372.4731386,0.0,50.2324104309082,50.252676010131836
152,152,152,1763579372.523371,1763579372.523371,0.0,49.836158752441406,50.2324104309082
153,153,153,1763579372.5732071,1763579372.5732071,0.0,49.54028129577637,49.836158752441406
154,154,154,1763579372.6227474,1763579372.6227474,0.0,49.56960678100586,49.54028129577637
155,155,155,1763579372.672317,1763579372.672317,0.0,50.057172775268555,49.56960678100586
156,156,156,1763579372.7223742,1763579372.7223742,0.0,50.559043884277344,50.057172775268555
157,157,157,1763579372.7729332,1763579372.7729332,0.0,50.45318603515625,50.559043884277344
158,158,158,1763579372.8233864,1763579372.8233864,0.0,49.818992614746094,50.45318603515625
159,159,159,1763579372.8732054,1763579372.8732054,0.0,49.752235412597656,49.818992614746094
160,160,160,1763579372.9229577,1763579372.9229577,0.0,49.53789710998535,49.752235412597656
161,161,161,1763579372.9724956,1763579372.9724956,0.0,49.895286560058594,49.53789710998535
162,162,162,1763579373.0223908,1763579373.0223908,0.0,50.20642280578613,49.895286560058594
163,163,163,1763579373.0725973,1763579373.0725973,0.0,50.434112548828125,50.20642280578613
164,164,164,1763579373.1230314,1763579373.1230314,0.0,50.2316951751709,50.434112548828125
165,165,165,1763579373.173263,1763579373.173263,0.0,50.03237724304199,50.2316951751709
166,166,166,1763579373.2232955,1763579373.2232955,0.0,49.61133003234863,50.03237724304199
167,167,167,1763579373.2729068,1763579373.2729068,0.0,49.67164993286133,49.61133003234863
168,168,168,1763579373.3225784,1763579373.3225784,0.0,49.85952377319336,49.67164993286133
169,169,169,1763579373.372438,1763579373.372438,0.0,50.168514251708984,49.85952377319336
170,170,170,1763579373.4226065,1763579373.4226065,0.0,50.23765563964844,50.168514251708984
171,171,171,1763579373.4728441,1763579373.4728441,0.0,50.1399040222168,50.23765563964844
172,172,172,1763579373.522984,1763579373.522984,0.0,49.898624420166016,50.1399040222168
173,173,173,1763579373.5728827,1763579373.5728827,0.0,49.78060722351074,49.898624420166016
174,174,174,1763579373.6226633,1763579373.6226633,0.0,50.07314682006836,49.78060722351074
175,175,175,1763579373.6727364,1763579373.6727364,0.0,50.05216598510742,50.07314682006836
176,176,176,1763579373.7227886,1763579373.7227886,0.0,49.927711486816406,50.05216598510742
177,177,177,1763579373.7727163,1763579373.7727163,0.0,50.07576942443848,49.927711486816406
178,178,178,1763579373.822792,1763579373.822792,0.0,50.173282623291016,50.07576942443848
179,179,179,1763579373.8729653,1763579373.8729653,0.0,49.99184608459473,50.173282623291016
180,180,180,1763579373.9229572,1763579373.9229572,0.0,49.80015754699707,49.99184608459473
181,181,181,1763579373.9727573,1763579373.9727573,0.0,49.92175102233887,49.80015754699707
182,182,182,1763579374.022679,1763579374.022679,0.0,49.9880313873291,49.92175102233887
183,183,183,1763579374.0726671,1763579374.0726671,0.0,50.02403259277344,49.9880313873291
184,184,184,1763579374.1226912,1763579374.1226912,0.0,50.17447471618652,50.02403259277344
185,185,185,1763579374.1728656,1763579374.1728656,0.0,50.15754699707031,50.17447471618652
186,186,186,1763579374.2230232,1763579374.2230232,0.0,50.011396408081055,50.15754699707031
187,187,187,1763579374.2730346,1763579374.2730346,0.0,49.80754852294922,50.011396408081055
188,188,188,1763579374.3228421,1763579374.3228421,0.0,49.86882209777832,49.80754852294922
189,189,189,1763579374.372711,1763579374.372711,0.0,49.855947494506836,49.86882209777832
190,190,190,1763579374.422567,1763579374.422567,0.0,50.1561164855957,49.855947494506836
191,191,191,1763579374.472723,1763579374.472723,0.0,50.29559135437012,50.1561164855957
192,192,192,1763579374.5230186,1763579374.5230186,0.0,50.10366439819336,50.29559135437012
193,193,193,1763579374.5731223,1763579374.5731223,0.0,50.08959770202637,50.10366439819336
194,194,194,1763579374.6232119,1763579374.6232119,0.0,49.87335205078125,50.08959770202637
195,195,195,1763579374.6730852,1763579374.6730852,0.0,49.88908767700195,49.87335205078125
196,196,196,1763579374.7229743,1763579374.7229743,0.0,49.90410804748535,49.88908767700195
197,197,197,1763579374.7728784,1763579374.7728784,0.0,49.810171127319336,49.90410804748535
198,198,198,1763579374.8226886,1763579374.8226886,0.0,49.90553855895996,49.810171127319336
199,199,199,1763579374.872594,1763579374.872594,0.0,50.11248588562012,49.90553855895996
200,200,200,1763579374.9227066,1763579374.9227066,0.0,50.0636100769043,50.11248588562012
201,201,201,1763579374.9727702,1763579374.9727702,0.0,49.971580505371094,50.0636100769043
202,202,202,1763579375.0227418,1763579375.0227418,0.0,50.18734931945801,49.971580505371094
203,203,203,1763579375.0729291,1763579375.0729291,0.0,50.005197525024414,50.18734931945801
204,204,204,1763579375.1229343,1763579375.1229343,0.0,49.98064041137695,50.005197525024414
205,205,205,1763579375.172915,1763579375.172915,0.0,50.067901611328125,49.98064041137695
206,206,206,1763579375.222983,1763579375.222983,0.0,49.844980239868164,50.067901611328125
207,207,207,1763579375.2728279,1763579375.2728279,0.0,50.00114440917969,49.844980239868164
208,208,208,1763579375.322829,1763579375.322829,0.0,50.16946792602539,50.00114440917969
209,209,209,1763579375.3729985,1763579375.3729985,0.0,50.159454345703125,50.16946792602539
210,210,210,1763579375.423158,1763579375.423158,0.0,49.8199462890625,50.159454345703125
211,211,211,1763579375.4729779,1763579375.4729779,0.0,49.802541732788086,49.8199462890625
212,212,212,1763579375.5227804,1763579375.5227804,0.0,49.91030693054199,49.802541732788086
213,213,213,1763579375.5726907,1763579375.5726907,0.0,50.0490665435791,49.91030693054199
214,214,214,1763579375.6227398,1763579375.6227398,0.0,50.20618438720703,50.0490665435791
215,215,215,1763579375.672946,1763579375.672946,0.0,50.041913986206055,50.20618438720703
216,216,216,1763579375.722988,1763579375.722988,0.0,49.85857009887695,50.041913986206055
217,217,217,1763579375.7728465,1763579375.7728465,0.0,49.8046875,49.85857009887695
218,218,218,1763579375.8226511,1763579375.8226511,0.0,49.87192153930664,49.8046875
219,219,219,1763579375.872523,1763579375.872523,0.0,50.041913986206055,49.87192153930664
220,220,220,1763579375.922565,1763579375.922565,0.0,50.11892318725586,50.041913986206055
221,221,221,1763579375.972684,1763579375.972684,0.0,50.22072792053223,50.11892318725586
222,222,222,1763579376.0229046,1763579376.0229046,0.0,49.99852180480957,50.22072792053223
223,223,223,1763579376.0729032,1763579376.0729032,0.0,50.00424385070801,49.99852180480957
224,224,224,1763579376.1229074,1763579376.1229074,0.0,49.76391792297363,50.00424385070801
225,225,225,1763579376.1726713,1763579376.1726713,0.0,51.17654800415039,49.76391792297363
226,226,226,1763579376.2238479,1763579376.2238479,0.0,49.90863800048828,51.17654800415039
227,227,227,1763579376.2737565,1763579376.2737565,0.0,49.17192459106445,49.90863800048828
228,228,228,1763579376.3229284,1763579376.3229284,0.0,49.54695701599121,49.17192459106445
229,229,229,1763579376.3724754,1763579376.3724754,0.0,49.907684326171875,49.54695701599121
230,230,230,1763579376.422383,1763579376.422383,0.0,50.10223388671875,49.907684326171875
231,231,231,1763579376.4724853,1763579376.4724853,0.0,50.30202865600586,50.10223388671875
232,232,232,1763579376.5227873,1763579376.5227873,0.0,50.240278244018555,50.30202865600586
233,233,233,1763579376.5730276,1763579376.5730276,0.0,50.028085708618164,50.240278244018555
234,234,234,1763579376.6230557,1763579376.6230557,0.0,49.76177215576172,50.028085708618164
235,235,235,1763579376.6728175,1763579376.6728175,0.0,49.78013038635254,49.76177215576172
236,236,236,1763579376.7225976,1763579376.7225976,0.0,49.94654655456543,49.78013038635254
237,237,237,1763579376.7725441,1763579376.7725441,0.0,50.2166748046875,49.94654655456543
238,238,238,1763579376.8227608,1763579376.8227608,0.0,50.19021034240723,50.2166748046875
239,239,239,1763579376.872951,1763579376.872951,0.0,50.07791519165039,50.19021034240723
240,240,240,1763579376.923029,1763579376.923029,0.0,49.79968070983887,50.07791519165039
241,241,241,1763579376.9728286,1763579376.9728286,0.0,49.81851577758789,49.79968070983887
242,242,242,1763579377.0226471,1763579377.0226471,0.0,50.10175704956055,49.81851577758789
243,243,243,1763579377.072749,1763579377.072749,0.0,50.20642280578613,50.10175704956055
244,244,244,1763579377.1229553,1763579377.1229553,0.0,50.028324127197266,50.20642280578613
245,245,245,1763579377.1729836,1763579377.1729836,0.0,49.80826377868652,50.028324127197266
246,246,246,1763579377.222792,1763579377.222792,0.0,49.90267753601074,49.80826377868652
247,247,247,1763579377.2726946,1763579377.2726946,0.0,49.951791763305664,49.90267753601074
248,248,248,1763579377.3226464,1763579377.3226464,0.0,50.02021789550781,49.951791763305664
249,249,249,1763579377.3726666,1763579377.3726666,0.0,50.12869834899902,50.02021789550781
250,250,250,1763579377.4227953,1763579377.4227953,0.0,50.06527900695801,50.12869834899902
251,251,251,1763579377.4728606,1763579377.4728606,0.0,50.06098747253418,50.06527900695801
252,252,252,1763579377.5229216,1763579377.5229216,0.0,50.12702941894531,50.06098747253418
253,253,253,1763579377.5730486,1763579377.5730486,0.0,50.05645751953125,50.12702941894531
254,254,254,1763579377.623105,1763579377.623105,0.0,50.009727478027344,50.05645751953125
255,255,255,1763579377.6731148,1763579377.6731148,0.0,49.63994026184082,50.009727478027344
256,256,256,1763579377.7227547,1763579377.7227547,0.0,49.66163635253906,49.63994026184082
257,257,257,1763579377.7724164,1763579377.7724164,0.0,50.063371658325195,49.66163635253906
258,258,258,1763579377.8224797,1763579377.8224797,0.0,50.278425216674805,50.063371658325195
259,259,259,1763579377.8727582,1763579377.8727582,0.0,50.234317779541016,50.278425216674805
260,260,260,1763579377.9229925,1763579377.9229925,0.0,50.01974105834961,50.234317779541016
261,261,261,1763579377.9730122,1763579377.9730122,0.0,50.06551742553711,50.01974105834961
262,262,262,1763579378.0230777,1763579378.0230777,0.0,49.916744232177734,50.06551742553711
263,263,263,1763579378.0729945,1763579378.0729945,0.0,49.67665672302246,49.916744232177734
264,264,264,1763579378.1226711,1763579378.1226711,0.0,49.80945587158203,49.67665672302246
265,265,265,1763579378.1724806,1763579378.1724806,0.0,50.003767013549805,49.80945587158203
266,266,266,1763579378.2224844,1763579378.2224844,0.0,50.353288650512695,50.003767013549805
267,267,267,1763579378.2728376,1763579378.2728376,0.0,50.28390884399414,50.353288650512695
268,268,268,1763579378.3231215,1763579378.3231215,0.0,50.10056495666504,50.28390884399414
269,269,269,1763579378.373222,1763579378.373222,0.0,49.883127212524414,50.10056495666504
270,270,270,1763579378.4231052,1763579378.4231052,0.0,49.84116554260254,49.883127212524414
271,271,271,1763579378.4729464,1763579378.4729464,0.0,49.91602897644043,49.84116554260254
272,272,272,1763579378.5228624,1763579378.5228624,0.0,49.842119216918945,49.91602897644043
273,273,273,1763579378.5727046,1763579378.5727046,0.0,49.9267578125,49.842119216918945
274,274,274,1763579378.6226313,1763579378.6226313,0.0,50.37260055541992,49.9267578125
275,275,275,1763579378.673004,1763579378.673004,0.0,50.113677978515625,50.37260055541992
276,276,276,1763579378.7231176,1763579378.7231176,0.0,49.7586727142334,50.113677978515625
277,277,277,1763579378.7728763,1763579378.7728763,0.0,49.08299446105957,49.7586727142334
278,278,278,1763579378.8219593,1763579378.8219593,0.0,49.230337142944336,49.08299446105957
279,279,279,1763579378.8711896,1763579378.8711896,0.0,49.65496063232422,49.230337142944336
280,280,280,1763579378.9208446,1763579378.9208446,0.0,50.28796195983887,49.65496063232422
281,281,281,1763579378.9711325,1763579378.9711325,0.0,50.67157745361328,50.28796195983887
282,282,282,1763579379.021804,1763579379.021804,0.0,50.61984062194824,50.67157745361328
283,283,283,1763579379.072424,1763579379.072424,0.0,49.345970153808594,50.61984062194824
284,284,284,1763579379.12177,1763579379.12177,0.0,48.88606071472168,49.345970153808594
285,285,285,1763579379.170656,1763579379.170656,0.0,49.025535583496094,48.88606071472168
286,286,286,1763579379.2196815,1763579379.2196815,0.0,49.87668991088867,49.025535583496094
287,287,287,1763579379.2695582,1763579379.2695582,0.0,50.66418647766113,49.87668991088867
288,288,288,1763579379.3202224,1763579379.3202224,0.0,50.77552795410156,50.66418647766113
289,289,289,1763579379.370998,1763579379.370998,0.0,50.00734329223633,50.77552795410156
290,290,290,1763579379.4210052,1763579379.4210052,0.0,49.63111877441406,50.00734329223633
291,291,291,1763579379.4706364,1763579379.4706364,0.0,49.53169822692871,49.63111877441406
292,292,292,1763579379.520168,1763579379.520168,0.0,49.76534843444824,49.53169822692871
293,293,293,1763579379.5699334,1763579379.5699334,0.0,50.21834373474121,49.76534843444824
294,294,294,1763579379.6201518,1763579379.6201518,0.0,50.455331802368164,50.21834373474121
295,295,295,1763579379.670607,1763579379.670607,0.0,50.30322074890137,50.455331802368164
296,296,296,1763579379.7209103,1763579379.7209103,0.0,50.09865760803223,50.30322074890137
297,297,297,1763579379.771009,1763579379.771009,0.0,49.70955848693848,50.09865760803223
298,298,298,1763579379.8207185,1763579379.8207185,0.0,49.57747459411621,49.70955848693848
299,299,299,1763579379.870296,1763579379.870296,0.0,49.68762397766113,49.57747459411621
300,300,300,1763579379.9199836,1763579379.9199836,0.0,50.258636474609375,49.68762397766113
301,301,301,1763579379.9702423,1763579379.9702423,0.0,50.50325393676758,50.258636474609375
302,302,302,1763579380.0207455,1763579380.0207455,0.0,50.20642280578613,50.50325393676758
303,303,303,1763579380.070952,1763579380.070952,0.0,49.690961837768555,50.20642280578613
304,304,304,1763579380.120643,1763579380.120643,0.0,49.74079132080078,49.690961837768555
305,305,305,1763579380.1703837,1763579380.1703837,0.0,49.8197078704834,49.74079132080078
306,306,306,1763579380.2202034,1763579380.2202034,0.0,49.9424934387207,49.8197078704834
307,307,307,1763579380.270146,1763579380.270146,0.0,50.05335807800293,49.9424934387207
308,308,308,1763579380.3201993,1763579380.3201993,0.0,50.22454261779785,50.05335807800293
309,309,309,1763579380.3704238,1763579380.3704238,0.0,50.180912017822266,50.22454261779785
310,310,310,1763579380.4206047,1763579380.4206047,0.0,50.04382133483887,50.180912017822266
311,311,311,1763579380.4706485,1763579380.4706485,0.0,49.74365234375,50.04382133483887
312,312,312,1763579380.5203922,1763579380.5203922,0.0,49.78537559509277,49.74365234375
313,313,313,1763579380.5701776,1763579380.5701776,0.0,49.94916915893555,49.78537559509277
314,314,314,1763579380.6201267,1763579380.6201267,0.0,50.1561164855957,49.94916915893555
315,315,315,1763579380.6702828,1763579380.6702828,0.0,50.31132698059082,50.1561164855957
316,316,316,1763579380.7205942,1763579380.7205942,0.0,50.284385681152344,50.31132698059082
317,317,317,1763579380.7708786,1763579380.7708786,0.0,49.74985122680664,50.284385681152344
318,318,318,1763579380.8206284,1763579380.8206284,0.0,49.55458641052246,49.74985122680664
319,319,319,1763579380.870183,1763579380.870183,0.0,50.00138282775879,49.55458641052246
320,320,320,1763579380.9201844,1763579380.9201844,0.0,50.06122589111328,50.00138282775879
321,321,321,1763579380.9702456,1763579380.9702456,0.0,50.18115043640137,50.06122589111328
322,322,322,1763579381.0204268,1763579381.0204268,0.0,50.30202865600586,50.18115043640137
323,323,323,1763579381.0707288,1763579381.0707288,0.0,49.973249435424805,50.30202865600586
324,324,324,1763579381.120702,1763579381.120702,0.0,49.82638359069824,49.973249435424805
325,325,325,1763579381.1705284,1763579381.1705284,0.0,49.706220626831055,49.82638359069824
326,326,326,1763579381.2202346,1763579381.2202346,0.0,49.95989799499512,49.706220626831055
327,327,327,1763579381.2701945,1763579381.2701945,0.0,49.999237060546875,49.95989799499512
328,328,328,1763579381.3201938,1763579381.3201938,0.0,50.154924392700195,49.999237060546875
329,329,329,1763579381.3703487,1763579381.3703487,0.0,50.170183181762695,50.154924392700195
330,330,330,1763579381.4205189,1763579381.4205189,0.0,50.054311752319336,50.170183181762695
331,331,331,1763579381.4705732,1763579381.4705732,0.0,50.011634826660156,50.054311752319336
332,332,332,1763579381.5205848,1763579381.5205848,0.0,50.04262924194336,50.011634826660156
333,333,333,1763579381.5706275,1763579381.5706275,0.0,49.74818229675293,50.04262924194336
334,334,334,1763579381.6203756,1763579381.6203756,0.0,49.80301856994629,49.74818229675293
335,335,335,1763579381.6701787,1763579381.6701787,0.0,49.95155334472656,49.80301856994629
336,336,336,1763579381.7201302,1763579381.7201302,0.0,50.14228820800781,49.95155334472656
337,337,337,1763579381.7702725,1763579381.7702725,0.0,50.16016960144043,50.14228820800781
338,338,338,1763579381.8204327,1763579381.8204327,0.0,50.0788688659668,50.16016960144043
339,339,339,1763579381.8705115,1763579381.8705115,0.0,49.92413520812988,50.0788688659668
340,340,340,1763579381.9204357,1763579381.9204357,0.0,50.1706600189209,49.92413520812988
341,341,341,1763579381.9706063,1763579381.9706063,0.0,49.89027976989746,50.1706600189209
342,342,342,1763579382.0204966,1763579382.0204966,0.0,49.78752136230469,49.89027976989746
343,343,343,1763579382.0702841,1763579382.0702841,0.0,49.825191497802734,49.78752136230469
344,344,344,1763579382.1201093,1763579382.1201093,0.0,50.21977424621582,49.825191497802734
345,345,345,1763579382.170329,1763579382.170329,0.0,50.10652542114258,50.21977424621582
346,346,346,1763579382.2204356,1763579382.2204356,0.0,49.99828338623047,50.10652542114258
347,347,347,1763579382.270434,1763579382.270434,0.0,49.95870590209961,49.99828338623047
348,348,348,1763579382.3203926,1763579382.3203926,0.0,49.86238479614258,49.95870590209961
349,349,349,1763579382.370255,1763579382.370255,0.0,49.91006851196289,49.86238479614258
350,350,350,1763579382.420165,1763579382.420165,0.0,50.02331733703613,49.91006851196289
351,351,351,1763579382.4701884,1763579382.4701884,0.0,50.07171630859375,50.02331733703613
352,352,352,1763579382.52026,1763579382.52026,0.0,50.12011528015137,50.07171630859375
353,353,353,1763579382.5703802,1763579382.5703802,0.0,50.03070831298828,50.12011528015137
354,354,354,1763579382.620411,1763579382.620411,0.0,49.869537353515625,50.03070831298828
355,355,355,1763579382.6702805,1763579382.6702805,0.0,49.96061325073242,49.869537353515625
356,356,356,1763579382.720241,1763579382.720241,0.0,50.06980895996094,49.96061325073242
357,357,357,1763579382.7703109,1763579382.7703109,0.0,50.03666877746582,50.06980895996094
358,358,358,1763579382.8203475,1763579382.8203475,0.0,49.99494552612305,50.03666877746582
359,359,359,1763579382.8703425,1763579382.8703425,0.0,50.124406814575195,49.99494552612305
360,360,360,1763579382.920467,1763579382.920467,0.0,50.05240440368652,50.124406814575195
361,361,361,1763579382.9705193,1763579382.9705193,0.0,49.9873161315918,50.05240440368652
362,362,362,1763579383.0205066,1763579383.0205066,0.0,49.83019828796387,49.9873161315918
363,363,363,1763579383.0703368,1763579383.0703368,0.0,50.01473426818848,49.83019828796387
364,364,364,1763579383.1203516,1763579383.1203516,0.0,50.071001052856445,50.01473426818848
365,365,365,1763579383.1704226,1763579383.1704226,0.0,49.965858459472656,50.071001052856445
366,366,366,1763579383.2203884,1763579383.2203884,0.0,49.89314079284668,49.965858459472656
367,367,367,1763579383.2702816,1763579383.2702816,0.0,49.955129623413086,49.89314079284668
368,368,368,1763579383.3202367,1763579383.3202367,0.0,49.95322227478027,49.955129623413086
369,369,369,1763579383.37019,1763579383.37019,0.0,50.01020431518555,49.95322227478027
370,370,370,1763579383.4202,1763579383.4202,0.0,50.171613693237305,50.01020431518555
371,371,371,1763579383.4703717,1763579383.4703717,0.0,50.092458724975586,50.171613693237305
372,372,372,1763579383.5204642,1763579383.5204642,0.0,50.01664161682129,50.092458724975586
373,373,373,1763579383.5704808,1763579383.5704808,0.0,49.866676330566406,50.01664161682129
374,374,374,1763579383.6203475,1763579383.6203475,0.0,49.840688705444336,49.866676330566406
375,375,375,1763579383.6701882,1763579383.6701882,0.0,49.89457130432129,49.840688705444336
376,376,376,1763579383.7200828,1763579383.7200828,0.0,50.081491470336914,49.89457130432129
377,377,377,1763579383.7701643,1763579383.7701643,0.0,50.16922950744629,50.081491470336914
378,378,378,1763579383.8203335,1763579383.8203335,0.0,50.02617835998535,50.16922950744629
379,379,379,1763579383.8703597,1763579383.8703597,0.0,49.9570369720459,50.02617835998535
380,380,380,1763579383.9203167,1763579383.9203167,0.0,49.94082450866699,49.9570369720459
381,381,381,1763579383.9702575,1763579383.9702575,0.0,50.115346908569336,49.94082450866699
382,382,382,1763579384.0203729,1763579384.0203729,0.0,50.193071365356445,50.115346908569336
383,383,383,1763579384.070566,1763579384.070566,0.0,49.906253814697266,50.193071365356445
384,384,384,1763579384.1204722,1763579384.1204722,0.0,49.83782768249512,49.906253814697266
385,385,385,1763579384.17031,1763579384.17031,0.0,49.872398376464844,49.83782768249512
386,386,386,1763579384.2201824,1763579384.2201824,0.0,50.089359283447266,49.872398376464844
387,387,387,1763579384.2702718,1763579384.2702718,0.0,49.962759017944336,50.089359283447266
388,388,388,1763579384.3202345,1763579384.3202345,0.0,49.99208450317383,49.962759017944336
389,389,389,1763579384.3702266,1763579384.3702266,0.0,50.05788803100586,49.99208450317383
390,390,390,1763579384.4202845,1763579384.4202845,0.0,53.35211753845215,50.05788803100586
391,391,391,1763579384.4736366,1763579384.4736366,0.0,49.95918273925781,53.35211753845215
392,392,392,1763579384.5235958,1763579384.5235958,0.0,47.441959381103516,49.95918273925781
393,393,393,1763579384.5710378,1763579384.5710378,0.0,47.28102684020996,47.441959381103516
394,394,394,1763579384.6183188,1763579384.6183188,0.0,49.18026924133301,47.28102684020996
395,395,395,1763579384.667499,1763579384.667499,0.0,51.61929130554199,49.18026924133301
396,396,396,1763579384.7191184,1763579384.7191184,0.0,52.075862884521484,51.61929130554199
397,397,397,1763579384.7711942,1763579384.7711942,0.0,51.16009712219238,52.075862884521484
398,398,398,1763579384.8223543,1763579384.8223543,0.0,49.466609954833984,51.16009712219238
399,399,399,1763579384.871821,1763579384.871821,0.0,48.37393760681152,49.466609954833984
400,400,400,1763579384.9201949,1763579384.9201949,0.0,49.03745651245117,48.37393760681152
401,401,401,1763579384.9692323,1763579384.9692323,0.0,49.81040954589844,49.03745651245117
402,402,402,1763579385.0190427,1763579385.0190427,0.0,50.68349838256836,49.81040954589844
403,403,403,1763579385.0697262,1763579385.0697262,0.0,51.22780799865723,50.68349838256836
404,404,404,1763579385.120954,1763579385.120954,0.0,50.7814884185791,51.22780799865723
405,405,405,1763579385.1717355,1763579385.1717355,0.0,49.5908260345459,50.7814884185791
406,406,406,1763579385.2213264,1763579385.2213264,0.0,48.90584945678711,49.5908260345459
407,407,407,1763579385.2702322,1763579385.2702322,0.0,49.35812950134277,48.90584945678711
408,408,408,1763579385.3195903,1763579385.3195903,0.0,50.197601318359375,49.35812950134277
409,409,409,1763579385.369788,1763579385.369788,0.0,50.42552947998047,50.197601318359375
410,410,410,1763579385.4202135,1763579385.4202135,0.0,50.37093162536621,50.42552947998047
411,411,411,1763579385.4705844,1763579385.4705844,0.0,50.173282623291016,50.37093162536621
412,412,412,1763579385.5207577,1763579385.5207577,0.0,49.96347427368164,50.173282623291016
413,413,413,1763579385.5707211,1763579385.5707211,0.0,49.637556076049805,49.96347427368164
414,414,414,1763579385.6203587,1763579385.6203587,0.0,49.83019828796387,49.637556076049805
415,415,415,1763579385.670189,1763579385.670189,0.0,49.825191497802734,49.83019828796387
416,416,416,1763579385.720014,1763579385.720014,0.0,49.985647201538086,49.825191497802734
417,417,417,1763579385.7699997,1763579385.7699997,0.0,50.246238708496094,49.985647201538086
418,418,418,1763579385.820246,1763579385.820246,0.0,50.249576568603516,50.246238708496094
419,419,419,1763579385.8704956,1763579385.8704956,0.0,50.10414123535156,50.249576568603516
420,420,420,1763579385.9205997,1763579385.9205997,0.0,50.0948429107666,50.10414123535156
421,421,421,1763579385.9706945,1763579385.9706945,0.0,49.7894287109375,50.0948429107666
422,422,422,1763579386.020484,1763579386.020484,0.0,49.746036529541016,49.7894287109375
423,423,423,1763579386.07023,1763579386.07023,0.0,49.713850021362305,49.746036529541016
424,424,424,1763579386.1199439,1763579386.1199439,0.0,50.201416015625,49.713850021362305
425,425,425,1763579386.1701453,1763579386.1701453,0.0,50.16732215881348,50.201416015625
426,426,426,1763579386.2203126,1763579386.2203126,0.0,50.08077621459961,50.16732215881348
427,427,427,1763579386.2703934,1763579386.2703934,0.0,50.238609313964844,50.08077621459961
428,428,428,1763579386.320632,1763579386.320632,0.0,49.9119758605957,50.238609313964844
429,429,429,1763579386.370544,1763579386.370544,0.0,49.70884323120117,49.9119758605957
430,430,430,1763579386.4202528,1763579386.4202528,0.0,49.784183502197266,49.70884323120117
431,431,431,1763579386.470037,1763579386.470037,0.0,49.96347427368164,49.784183502197266
432,432,432,1763579386.5200005,1763579386.5200005,0.0,50.17566680908203,49.96347427368164
433,433,433,1763579386.5701761,1763579386.5701761,0.0,50.14371871948242,50.17566680908203
434,434,434,1763579386.6203198,1763579386.6203198,0.0,50.121307373046875,50.14371871948242
435,435,435,1763579386.6704412,1763579386.6704412,0.0,49.922943115234375,50.121307373046875
436,436,436,1763579386.720364,1763579386.720364,0.0,49.85785484313965,49.922943115234375
437,437,437,1763579386.770222,1763579386.770222,0.0,49.93176460266113,49.85785484313965
438,438,438,1763579386.8201537,1763579386.8201537,0.0,50.09150505065918,49.93176460266113
439,439,439,1763579386.8702452,1763579386.8702452,0.0,50.11582374572754,50.09150505065918
440,440,440,1763579386.920361,1763579386.920361,0.0,50.20785331726074,50.11582374572754
441,441,441,1763579386.970569,1763579386.970569,0.0,49.849510192871094,50.20785331726074
442,442,442,1763579387.0204184,1763579387.0204184,0.0,49.86453056335449,49.849510192871094
443,443,443,1763579387.070283,1763579387.070283,0.0,50.01235008239746,49.86453056335449
444,444,444,1763579387.1202953,1763579387.1202953,0.0,50.037384033203125,50.01235008239746
445,445,445,1763579387.1703327,1763579387.1703327,0.0,49.96323585510254,50.037384033203125
446,446,446,1763579387.220296,1763579387.220296,0.0,49.92103576660156,49.96323585510254
447,447,447,1763579387.270217,1763579387.270217,0.0,51.236629486083984,49.92103576660156
448,448,448,1763579387.3214536,1763579387.3214536,0.0,50.115346908569336,51.236629486083984
449,449,449,1763579387.371569,1763579387.371569,0.0,49.285173416137695,50.115346908569336
450,450,450,1763579387.420854,1763579387.420854,0.0,48.967599868774414,49.285173416137695
451,451,451,1763579387.4698217,1763579387.4698217,0.0,49.43728446960449,48.967599868774414
452,452,452,1763579387.519259,1763579387.519259,0.0,50.40121078491211,49.43728446960449
453,453,453,1763579387.5696602,1763579387.5696602,0.0,51.00250244140625,50.40121078491211
454,454,454,1763579387.6206627,1763579387.6206627,0.0,50.50969123840332,51.00250244140625
455,455,455,1763579387.6711724,1763579387.6711724,0.0,49.849748611450195,50.50969123840332
456,456,456,1763579387.7210221,1763579387.7210221,0.0,49.349069595336914,49.849748611450195
457,457,457,1763579387.7703712,1763579387.7703712,0.0,49.33953285217285,49.349069595336914
458,458,458,1763579387.8197107,1763579387.8197107,0.0,49.94511604309082,49.33953285217285
459,459,459,1763579387.8696558,1763579387.8696558,0.0,50.46510696411133,49.94511604309082
460,460,460,1763579387.920121,1763579387.920121,0.0,50.53544044494629,50.46510696411133
461,461,461,1763579387.9706564,1763579387.9706564,0.0,50.2622127532959,50.53544044494629
462,462,462,1763579388.0209186,1763579388.0209186,0.0,49.77011680603027,50.2622127532959
463,463,463,1763579388.0706887,1763579388.0706887,0.0,49.50237274169922,49.77011680603027
464,464,464,1763579388.120191,1763579388.120191,0.0,49.77059364318848,49.50237274169922
465,465,465,1763579388.1699617,1763579388.1699617,0.0,49.99852180480957,49.77059364318848
466,466,466,1763579388.2199602,1763579388.2199602,0.0,50.150156021118164,49.99852180480957
467,467,467,1763579388.2701104,1763579388.2701104,0.0,50.478458404541016,50.150156021118164
468,468,468,1763579388.3205888,1763579388.3205888,0.0,50.128936767578125,50.478458404541016
469,469,469,1763579388.3707178,1763579388.3707178,0.0,50.034284591674805,50.128936767578125
470,470,470,1763579388.420752,1763579388.420752,0.0,49.66282844543457,50.034284591674805
471,471,471,1763579388.4704149,1763579388.4704149,0.0,49.71003532409668,49.66282844543457
472,472,472,1763579388.520125,1763579388.520125,0.0,50.06980895996094,49.71003532409668
473,473,473,1763579388.5701947,1763579388.5701947,0.0,50.199031829833984,50.06980895996094
474,474,474,1763579388.6203938,1763579388.6203938,0.0,50.07004737854004,50.199031829833984
475,475,475,1763579388.6704638,1763579388.6704638,0.0,50.0485897064209,50.07004737854004
476,476,476,1763579388.7205124,1763579388.7205124,0.0,49.945831298828125,50.0485897064209
477,477,477,1763579388.7704582,1763579388.7704582,0.0,49.867868423461914,49.945831298828125
478,478,478,1763579388.820326,1763579388.820326,0.0,50.10557174682617,49.867868423461914
479,479,479,1763579388.8704317,1763579388.8704317,0.0,50.17447471618652,50.10557174682617
480,480,480,1763579388.9206061,1763579388.9206061,0.0,50.01115798950195,50.17447471618652
481,481,481,1763579388.9706173,1763579388.9706173,0.0,49.848318099975586,50.01115798950195
482,482,482,1763579389.0204656,1763579389.0204656,0.0,49.83043670654297,49.848318099975586
483,483,483,1763579389.070296,1763579389.070296,0.0,50.06837844848633,49.83043670654297
484,484,484,1763579389.1203644,1763579389.1203644,0.0,50.104618072509766,50.06837844848633
485,485,485,1763579389.170469,1763579389.170469,0.0,50.0330924987793,50.104618072509766
486,486,486,1763579389.2205021,1763579389.2205021,0.0,50.005435943603516,50.0330924987793
487,487,487,1763579389.2705076,1763579389.2705076,0.0,50.03070831298828,50.005435943603516
488,488,488,1763579389.3205383,1763579389.3205383,0.0,49.99232292175293,50.03070831298828
489,489,489,1763579389.3705306,1763579389.3705306,0.0,49.901723861694336,49.99232292175293
490,490,490,1763579389.4204323,1763579389.4204323,0.0,49.92103576660156,49.901723861694336
491,491,491,1763579389.4703534,1763579389.4703534,0.0,50.070762634277344,49.92103576660156
492,492,492,1763579389.5204241,1763579389.5204241,0.0,50.118207931518555,50.070762634277344
493,493,493,1763579389.5705423,1763579389.5705423,0.0,49.96991157531738,50.118207931518555
494,494,494,1763579389.6205122,1763579389.6205122,0.0,50.01115798950195,49.96991157531738
495,495,495,1763579389.6705234,1763579389.6705234,0.0,50.18806457519531,50.01115798950195
496,496,496,1763579389.7207115,1763579389.7207115,0.0,50.0032901763916,50.18806457519531
497,497,497,1763579389.7707148,1763579389.7707148,0.0,49.92341995239258,50.0032901763916
498,498,498,1763579389.8206382,1763579389.8206382,0.0,49.80659484863281,49.92341995239258
499,499,499,1763579389.8704448,1763579389.8704448,0.0,49.82280731201172,49.80659484863281
500,500,500,1763579389.9202676,1763579389.9202676,0.0,51.093101501464844,49.82280731201172
501,501,501,1763579389.9713607,1763579389.9713607,0.0,50.98748207092285,51.093101501464844
502,502,502,1763579390.0223482,1763579390.0223482,0.0,50.16732215881348,50.98748207092285
503,503,503,1763579390.0725155,1763579390.0725155,0.0,49.48854446411133,50.16732215881348
504,504,504,1763579390.122004,1763579390.122004,0.0,49.3159294128418,49.48854446411133
505,505,505,1763579390.17132,1763579390.17132,0.0,49.6370792388916,49.3159294128418
506,506,506,1763579390.220957,1763579390.220957,0.0,50.270795822143555,49.6370792388916
507,507,507,1763579390.2712278,1763579390.2712278,0.0,50.83584785461426,50.270795822143555
508,508,508,1763579390.3220637,1763579390.3220637,0.0,50.31323432922363,50.83584785461426
509,509,509,1763579390.372377,1763579390.372377,0.0,49.70121383666992,50.31323432922363
510,510,510,1763579390.4220781,1763579390.4220781,0.0,49.25537109375,49.70121383666992
511,511,511,1763579390.4713335,1763579390.4713335,0.0,49.414873123168945,49.25537109375
512,512,512,1763579390.5207484,1763579390.5207484,0.0,49.96013641357422,49.414873123168945
513,513,513,1763579390.5707085,1763579390.5707085,0.0,50.56118965148926,49.96013641357422
514,514,514,1763579390.6212697,1763579390.6212697,0.0,50.61745643615723,50.56118965148926
515,515,515,1763579390.6718872,1763579390.6718872,0.0,50.12226104736328,50.61745643615723
516,516,516,1763579390.7220094,1763579390.7220094,0.0,49.6060848236084,50.12226104736328
517,517,517,1763579390.7716155,1763579390.7716155,0.0,49.4990348815918,49.6060848236084
518,518,518,1763579390.8211145,1763579390.8211145,0.0,49.81350898742676,49.4990348815918
519,519,519,1763579390.870928,1763579390.870928,0.0,50.30536651611328,49.81350898742676
520,520,520,1763579390.9212334,1763579390.9212334,0.0,50.280094146728516,50.30536651611328
521,521,521,1763579390.9715135,1763579390.9715135,0.0,50.054311752319336,50.280094146728516
522,522,522,1763579391.0215678,1763579391.0215678,0.0,51.23305320739746,50.054311752319336
523,523,523,1763579391.0728009,1763579391.0728009,0.0,51.05328559875488,51.23305320739746
524,524,524,1763579391.1238542,1763579391.1238542,0.0,50.12106895446777,51.05328559875488
525,525,525,1763579391.1739752,1763579391.1739752,0.0,49.297332763671875,50.12106895446777
526,526,526,1763579391.2232726,1763579391.2232726,0.0,49.14259910583496,49.297332763671875
527,527,527,1763579391.2724152,1763579391.2724152,0.0,49.61729049682617,49.14259910583496
528,528,528,1763579391.3220325,1763579391.3220325,0.0,50.2171516418457,49.61729049682617
529,529,529,1763579391.3722496,1763579391.3722496,0.0,50.57573318481445,50.2171516418457
530,530,530,1763579391.4228253,1763579391.4228253,0.0,50.40454864501953,50.57573318481445
531,531,531,1763579391.47323,1763579391.47323,0.0,50.0030517578125,50.40454864501953
532,532,532,1763579391.523233,1763579391.523233,0.0,50.38166046142578,50.0030517578125
533,533,533,1763579391.5736146,1763579391.5736146,0.0,51.117897033691406,50.38166046142578
534,534,534,1763579391.6247325,1763579391.6247325,0.0,50.75788497924805,51.117897033691406
535,535,535,1763579391.6754904,1763579391.6754904,0.0,49.99804496765137,50.75788497924805
536,536,536,1763579391.7254884,1763579391.7254884,0.0,49.16262626647949,49.99804496765137
537,537,537,1763579391.774651,1763579391.774651,0.0,49.08132553100586,49.16262626647949
538,538,538,1763579391.8237324,1763579391.8237324,0.0,49.68118667602539,49.08132553100586
539,539,539,1763579391.8734136,1763579391.8734136,0.0,50.51088333129883,49.68118667602539
540,540,540,1763579391.9239244,1763579391.9239244,0.0,50.67157745361328,50.51088333129883
541,541,541,1763579391.974596,1763579391.974596,0.0,50.33683776855469,50.67157745361328
542,542,542,1763579392.0249329,1763579392.0249329,0.0,50.011634826660156,50.33683776855469
543,543,543,1763579392.0749445,1763579392.0749445,0.0,49.55720901489258,50.011634826660156
544,544,544,1763579392.1245017,1763579392.1245017,0.0,49.456119537353516,49.55720901489258
545,545,545,1763579392.1739578,1763579392.1739578,0.0,49.94320869445801,49.456119537353516
546,546,546,1763579392.223901,1763579392.223901,0.0,50.409793853759766,49.94320869445801
547,547,547,1763579392.2743108,1763579392.2743108,0.0,50.25982856750488,50.409793853759766
548,548,548,1763579392.3245707,1763579392.3245707,0.0,50.06670951843262,50.25982856750488
549,549,549,1763579392.3746374,1763579392.3746374,0.0,49.87382888793945,50.06670951843262
550,550,550,1763579392.4245112,1763579392.4245112,0.0,49.98350143432617,49.87382888793945
551,551,551,1763579392.4744947,1763579392.4744947,0.0,50.127267837524414,49.98350143432617
552,552,552,1763579392.524622,1763579392.524622,0.0,49.87812042236328,50.127267837524414
553,553,553,1763579392.5745,1763579392.5745,0.0,49.72505569458008,49.87812042236328
554,554,554,1763579392.6242251,1763579392.6242251,0.0,49.92341995239258,49.72505569458008
555,555,555,1763579392.6741486,1763579392.6741486,0.0,50.10342597961426,49.92341995239258
556,556,556,1763579392.724252,1763579392.724252,0.0,50.23074150085449,50.10342597961426
557,557,557,1763579392.7744827,1763579392.7744827,0.0,50.1554012298584,50.23074150085449
558,558,558,1763579392.8246381,1763579392.8246381,0.0,49.96538162231445,50.1554012298584
559,559,559,1763579392.8746035,1763579392.8746035,0.0,49.89361763000488,49.96538162231445
560,560,560,1763579392.9244971,1763579392.9244971,0.0,49.9424934387207,49.89361763000488
561,561,561,1763579392.9744396,1763579392.9744396,0.0,49.90077018737793,49.9424934387207
562,562,562,1763579393.0243404,1763579393.0243404,0.0,50.08959770202637,49.90077018737793
563,563,563,1763579393.07443,1763579393.07443,0.0,50.048112869262695,50.08959770202637
564,564,564,1763579393.124478,1763579393.124478,0.0,49.924373626708984,50.048112869262695
565,565,565,1763579393.1744025,1763579393.1744025,0.0,49.87072944641113,49.924373626708984
566,566,566,1763579393.2242732,1763579393.2242732,0.0,49.97444152832031,49.87072944641113
567,567,567,1763579393.2742476,1763579393.2742476,0.0,50.19783973693848,49.97444152832031
568,568,568,1763579393.3244455,1763579393.3244455,0.0,49.96514320373535,50.19783973693848
569,569,569,1763579393.3744106,1763579393.3744106,0.0,50.05073547363281,49.96514320373535
570,570,570,1763579393.4244614,1763579393.4244614,0.0,50.04739761352539,50.05073547363281
571,571,571,1763579393.4745088,1763579393.4745088,0.0,49.96132850646973,50.04739761352539
572,572,572,1763579393.52447,1763579393.52447,0.0,49.988508224487305,49.96132850646973
573,573,573,1763579393.5744586,1763579393.5744586,0.0,50.011634826660156,49.988508224487305
574,574,574,1763579393.6244702,1763579393.6244702,0.0,49.947500228881836,50.011634826660156
575,575,575,1763579393.6744177,1763579393.6744177,0.0,49.834251403808594,49.947500228881836
576,576,576,1763579393.724252,1763579393.724252,0.0,49.8964786529541,49.834251403808594
577,577,577,1763579393.7741485,1763579393.7741485,0.0,50.15754699707031,49.8964786529541
578,578,578,1763579393.824306,1763579393.824306,0.0,50.16040802001953,50.15754699707031
579,579,579,1763579393.8744664,1763579393.8744664,0.0,49.951791763305664,50.16040802001953
580,580,580,1763579393.9244182,1763579393.9244182,0.0,49.94535446166992,49.951791763305664
581,581,581,1763579393.9743636,1763579393.9743636,0.0,49.90100860595703,49.94535446166992
582,582,582,1763579394.0242646,1763579394.0242646,0.0,49.898386001586914,49.90100860595703
583,583,583,1763579394.074163,1763579394.074163,0.0,50.04286766052246,49.898386001586914
584,584,584,1763579394.1242058,1763579394.1242058,0.0,50.205230712890625,50.04286766052246
585,585,585,1763579394.174411,1763579394.174411,0.0,50.15993118286133,50.205230712890625
586,586,586,1763579394.224571,1763579394.224571,0.0,49.88360404968262,50.15993118286133
587,587,587,1763579394.2744546,1763579394.2744546,0.0,49.89290237426758,49.88360404968262
588,588,588,1763579394.3243475,1763579394.3243475,0.0,49.84784126281738,49.89290237426758
589,589,589,1763579394.3741953,1763579394.3741953,0.0,50.02307891845703,49.84784126281738
590,590,590,1763579394.4242184,1763579394.4242184,0.0,50.065040588378906,50.02307891845703
591,591,591,1763579394.4742835,1763579394.4742835,0.0,50.05311965942383,50.065040588378906
592,592,592,1763579394.5243366,1763579394.5243366,0.0,50.049543380737305,50.05311965942383
593,593,593,1763579394.5743861,1763579394.5743861,0.0,50.11725425720215,50.049543380737305
594,594,594,1763579394.6245034,1763579394.6245034,0.0,50.078630447387695,50.11725425720215
595,595,595,1763579394.674582,1763579394.674582,0.0,49.94606971740723,50.078630447387695
596,596,596,1763579394.724528,1763579394.724528,0.0,49.83210563659668,49.94606971740723
597,597,597,1763579394.7743602,1763579394.7743602,0.0,49.92222785949707,49.83210563659668
598,598,598,1763579394.8242824,1763579394.8242824,0.0,49.94702339172363,49.92222785949707
599,599,599,1763579394.8742294,1763579394.8742294,0.0,49.90959167480469,49.94702339172363
600,600,600,1763579394.924139,1763579394.924139,0.0,50.1101016998291,49.90959167480469
601,601,601,1763579394.9742491,1763579394.9742491,0.0,50.17375946044922,50.1101016998291
602,602,602,1763579395.024423,1763579395.024423,0.0,50.009965896606445,50.17375946044922
603,603,603,1763579395.0744328,1763579395.0744328,0.0,50.054311752319336,50.009965896606445
604,604,604,1763579395.1244872,1763579395.1244872,0.0,49.86906051635742,50.054311752319336
605,605,605,1763579395.1743562,1763579395.1743562,0.0,49.839019775390625,49.86906051635742
606,606,606,1763579395.2241952,1763579395.2241952,0.0,50.000667572021484,49.839019775390625
607,607,607,1763579395.274196,1763579395.274196,0.0,50.28080940246582,50.000667572021484
608,608,608,1763579395.3244767,1763579395.3244767,0.0,50.182342529296875,50.28080940246582
609,609,609,1763579395.374659,1763579395.374659,0.0,49.91412162780762,50.182342529296875
610,610,610,1763579395.4245732,1763579395.4245732,0.0,49.82399940490723,49.91412162780762
611,611,611,1763579395.4743972,1763579395.4743972,0.0,49.81875419616699,49.82399940490723
612,612,612,1763579395.524216,1763579395.524216,0.0,50.01473426818848,49.81875419616699
613,613,613,1763579395.5742307,1763579395.5742307,0.0,50.01020431518555,50.01473426818848
614,614,614,1763579395.6242409,1763579395.6242409,0.0,51.99480056762695,50.01020431518555
615,615,615,1763579395.6762357,1763579395.6762357,0.0,49.82137680053711,51.99480056762695
616,616,616,1763579395.726057,1763579395.726057,0.0,48.73943328857422,49.82137680053711
617,617,617,1763579395.7747965,1763579395.7747965,0.0,48.82526397705078,48.73943328857422
618,618,618,1763579395.8236217,1763579395.8236217,0.0,49.6675968170166,48.82526397705078
619,619,619,1763579395.8732893,1763579395.8732893,0.0,50.614118576049805,49.6675968170166
620,620,620,1763579395.9239035,1763579395.9239035,0.0,50.93050003051758,50.614118576049805
621,621,621,1763579395.974834,1763579395.974834,0.0,50.604820251464844,50.93050003051758
622,622,622,1763579396.0254388,1763579396.0254388,0.0,49.80349540710449,50.604820251464844
623,623,623,1763579396.0752423,1763579396.0752423,0.0,49.202680587768555,49.80349540710449
624,624,624,1763579396.124445,1763579396.124445,0.0,49.298763275146484,49.202680587768555
625,625,625,1763579396.1737437,1763579396.1737437,0.0,49.834489822387695,49.298763275146484
626,626,626,1763579396.2235782,1763579396.2235782,0.0,50.444841384887695,49.834489822387695
627,627,627,1763579396.274023,1763579396.274023,0.0,50.62985420227051,50.444841384887695
628,628,628,1763579396.324653,1763579396.324653,0.0,50.53591728210449,50.62985420227051
629,629,629,1763579396.3751888,1763579396.3751888,0.0,49.76296424865723,50.53591728210449
630,630,630,1763579396.4249518,1763579396.4249518,0.0,49.53360557556152,49.76296424865723
631,631,631,1763579396.4744854,1763579396.4744854,0.0,49.67927932739258,49.53360557556152
632,632,632,1763579396.5241647,1763579396.5241647,0.0,49.85928535461426,49.67927932739258
633,633,633,1763579396.574024,1763579396.574024,0.0,50.079345703125,49.85928535461426
634,634,634,1763579396.6241033,1763579396.6241033,0.0,50.23503303527832,50.079345703125
635,635,635,1763579396.6743383,1763579396.6743383,0.0,49.018144607543945,50.23503303527832
636,636,636,1763579396.7233565,1763579396.7233565,0.0,49.0727424621582,49.018144607543945
637,637,637,1763579396.7724292,1763579396.7724292,0.0,49.68428611755371,49.0727424621582
638,638,638,1763579396.8221135,1763579396.8221135,0.0,50.659894943237305,49.68428611755371
639,639,639,1763579396.8727734,1763579396.8727734,0.0,50.859689712524414,50.659894943237305
640,640,640,1763579396.923633,1763579396.923633,0.0,50.31728744506836,50.859689712524414
641,641,641,1763579396.9739504,1763579396.9739504,0.0,49.736976623535156,50.31728744506836
642,642,642,1763579397.0236874,1763579397.0236874,0.0,49.330711364746094,49.736976623535156
643,643,643,1763579397.073018,1763579397.073018,0.0,49.58534240722656,49.330711364746094
644,644,644,1763579397.1226034,1763579397.1226034,0.0,49.920082092285156,49.58534240722656
645,645,645,1763579397.1725235,1763579397.1725235,0.0,50.362348556518555,49.920082092285156
646,646,646,1763579397.2228858,1763579397.2228858,0.0,50.56619644165039,50.362348556518555
647,647,647,1763579397.273452,1763579397.273452,0.0,50.249338150024414,50.56619644165039
648,648,648,1763579397.3237014,1763579397.3237014,0.0,49.63493347167969,50.249338150024414
649,649,649,1763579397.3733363,1763579397.3733363,0.0,49.49688911437988,49.63493347167969
650,650,650,1763579397.4228332,1763579397.4228332,0.0,49.94487762451172,49.49688911437988
651,651,651,1763579397.472778,1763579397.472778,0.0,50.0030517578125,49.94487762451172
652,652,652,1763579397.5227811,1763579397.5227811,0.0,50.06599426269531,50.0030517578125
653,653,653,1763579397.5728471,1763579397.5728471,0.0,50.06217956542969,50.06599426269531
654,654,654,1763579397.6229093,1763579397.6229093,0.0,50.01497268676758,50.06217956542969
655,655,655,1763579397.6729243,1763579397.6729243,0.0,50.189971923828125,50.01497268676758
656,656,656,1763579397.7231143,1763579397.7231143,0.0,50.043344497680664,50.189971923828125
657,657,657,1763579397.7731576,1763579397.7731576,0.0,50.06289482116699,50.043344497680664
658,658,658,1763579397.8232205,1763579397.8232205,0.0,49.89266395568848,50.06289482116699
659,659,659,1763579397.8731132,1763579397.8731132,0.0,49.77250099182129,49.89266395568848
660,660,660,1763579397.9228857,1763579397.9228857,0.0,49.67689514160156,49.77250099182129
661,661,661,1763579397.9725626,1763579397.9725626,0.0,49.95250701904297,49.67689514160156
662,662,662,1763579398.022515,1763579398.022515,0.0,50.26984214782715,49.95250701904297
663,663,663,1763579398.072785,1763579398.072785,0.0,50.22835731506348,50.26984214782715
664,664,664,1763579398.1230133,1763579398.1230133,0.0,50.331830978393555,50.22835731506348
665,665,665,1763579398.173345,1763579398.173345,0.0,49.957990646362305,50.331830978393555
666,666,666,1763579398.223303,1763579398.223303,0.0,49.89361763000488,49.957990646362305
667,667,667,1763579398.2731967,1763579398.2731967,0.0,49.73936080932617,49.89361763000488
668,668,668,1763579398.322936,1763579398.322936,0.0,49.82709884643555,49.73936080932617
669,669,669,1763579398.3727632,1763579398.3727632,0.0,49.8507022857666,49.82709884643555
670,670,670,1763579398.4226139,1763579398.4226139,0.0,50.32825469970703,49.8507022857666
671,671,671,1763579398.472942,1763579398.472942,0.0,50.32753944396973,50.32825469970703
672,672,672,1763579398.5232697,1763579398.5232697,0.0,50.1713752746582,50.32753944396973
673,673,673,1763579398.573441,1763579398.573441,0.0,50.018310546875,50.1713752746582
674,674,674,1763579398.6234593,1763579398.6234593,0.0,50.57787895202637,50.018310546875
675,675,675,1763579398.6740372,1763579398.6740372,0.0,49.50523376464844,50.57787895202637
676,676,676,1763579398.7235425,1763579398.7235425,0.0,49.16572570800781,49.50523376464844
677,677,677,1763579398.7727082,1763579398.7727082,0.0,49.51739311218262,49.16572570800781
678,678,678,1763579398.8222256,1763579398.8222256,0.0,50.28343200683594,49.51739311218262
679,679,679,1763579398.872509,1763579398.872509,0.0,50.64058303833008,50.28343200683594
680,680,680,1763579398.9231496,1763579398.9231496,0.0,50.540924072265625,50.64058303833008
681,681,681,1763579398.9736905,1763579398.9736905,0.0,49.97539520263672,50.540924072265625
682,682,682,1763579399.023666,1763579399.023666,0.0,49.510955810546875,49.97539520263672
683,683,683,1763579399.0731769,1763579399.0731769,0.0,49.54791069030762,49.510955810546875
684,684,684,1763579399.1227248,1763579399.1227248,0.0,49.927473068237305,49.54791069030762
685,685,685,1763579399.1726522,1763579399.1726522,0.0,50.221920013427734,49.927473068237305
686,686,686,1763579399.2228742,1763579399.2228742,0.0,50.17209053039551,50.221920013427734
687,687,687,1763579399.2730463,1763579399.2730463,0.0,50.05240440368652,50.17209053039551
688,688,688,1763579399.3230987,1763579399.3230987,0.0,49.84426498413086,50.05240440368652
689,689,689,1763579399.372943,1763579399.372943,0.0,50.220489501953125,49.84426498413086
690,690,690,1763579399.4231634,1763579399.4231634,0.0,49.8654842376709,50.220489501953125
691,691,691,1763579399.473029,1763579399.473029,0.0,50.008296966552734,49.8654842376709
692,692,692,1763579399.5230372,1763579399.5230372,0.0,49.989938735961914,50.008296966552734
693,693,693,1763579399.5730271,1763579399.5730271,0.0,49.8809814453125,49.989938735961914
694,694,694,1763579399.622908,1763579399.622908,0.0,49.9575138092041,49.8809814453125
695,695,695,1763579399.6728656,1763579399.6728656,0.0,50.26721954345703,49.9575138092041
696,696,696,1763579399.7231328,1763579399.7231328,0.0,50.11343955993652,50.26721954345703
697,697,697,1763579399.7732463,1763579399.7732463,0.0,50.048112869262695,50.11343955993652
698,698,698,1763579399.8232944,1763579399.8232944,0.0,49.80587959289551,50.048112869262695
699,699,699,1763579399.8731003,1763579399.8731003,0.0,49.70502853393555,49.80587959289551
700,700,700,1763579399.9228053,1763579399.9228053,0.0,50.09269714355469,49.70502853393555
701,701,701,1763579399.972898,1763579399.972898,0.0,50.048112869262695,50.09269714355469
702,702,702,1763579400.0229461,1763579400.0229461,0.0,49.9265193939209,50.048112869262695
703,703,703,1763579400.0728726,1763579400.0728726,0.0,49.895286560058594,49.9265193939209
704,704,704,1763579400.122768,1763579400.122768,0.0,50.27127265930176,49.895286560058594
705,705,705,1763579400.1730392,1763579400.1730392,0.0,50.26650428771973,50.27127265930176
706,706,706,1763579400.2233057,1763579400.2233057,0.0,49.86882209777832,50.26650428771973
707,707,707,1763579400.2731745,1763579400.2731745,0.0,49.715280532836914,49.86882209777832
708,708,708,1763579400.3228898,1763579400.3228898,0.0,49.98588562011719,49.715280532836914
709,709,709,1763579400.3728757,1763579400.3728757,0.0,50.30417442321777,49.98588562011719
710,710,710,1763579400.4231799,1763579400.4231799,0.0,50.8880615234375,50.30417442321777
711,711,711,1763579400.474068,1763579400.474068,0.0,49.83115196228027,50.8880615234375
712,712,712,1763579400.523899,1763579400.523899,0.0,49.47400093078613,49.83115196228027
713,713,713,1763579400.573373,1763579400.573373,0.0,49.44348335266113,49.47400093078613
714,714,714,1763579400.6228166,1763579400.6228166,0.0,49.56531524658203,49.44348335266113
715,715,715,1763579400.6723819,1763579400.6723819,0.0,50.24862289428711,49.56531524658203
716,716,716,1763579400.7226305,1763579400.7226305,0.0,50.61960220336914,50.24862289428711
717,717,717,1763579400.77325,1763579400.77325,0.0,50.49300193786621,50.61960220336914
718,718,718,1763579400.823743,1763579400.823743,0.0,50.02999305725098,50.49300193786621
719,719,719,1763579400.873773,1763579400.873773,0.0,49.5905876159668,50.02999305725098
720,720,720,1763579400.9233637,1763579400.9233637,0.0,49.62468147277832,49.5905876159668
721,721,721,1763579400.9729884,1763579400.9729884,0.0,49.959659576416016,49.62468147277832
722,722,722,1763579401.022948,1763579401.022948,0.0,50.41241645812988,49.959659576416016
723,723,723,1763579401.0733604,1763579401.0733604,0.0,50.21095275878906,50.41241645812988
724,724,724,1763579401.1235714,1763579401.1235714,0.0,49.78203773498535,50.21095275878906
725,725,725,1763579401.1733534,1763579401.1733534,0.0,49.64756965637207,49.78203773498535
726,726,726,1763579401.223001,1763579401.223001,0.0,49.625396728515625,49.64756965637207
727,727,727,1763579401.2726264,1763579401.2726264,0.0,49.950361251831055,49.625396728515625
728,728,728,1763579401.3225768,1763579401.3225768,0.0,50.18138885498047,49.950361251831055
729,729,729,1763579401.3727582,1763579401.3727582,0.0,50.30369758605957,50.18138885498047
730,730,730,1763579401.4230618,1763579401.4230618,0.0,50.341129302978516,50.30369758605957
731,731,731,1763579401.473403,1763579401.473403,0.0,50.10557174682617,50.341129302978516
732,732,732,1763579401.5235085,1763579401.5235085,0.0,49.72553253173828,50.10557174682617
733,733,733,1763579401.573234,1763579401.573234,0.0,49.560546875,49.72553253173828
734,734,734,1763579401.6227946,1763579401.6227946,0.0,49.666404724121094,49.560546875
735,735,735,1763579401.672461,1763579401.672461,0.0,50.307512283325195,49.666404724121094
736,736,736,1763579401.7227685,1763579401.7227685,0.0,50.38094520568848,50.307512283325195
737,737,737,1763579401.7731495,1763579401.7731495,0.0,50.31466484069824,50.38094520568848
738,738,738,1763579401.8234642,1763579401.8234642,0.0,49.962520599365234,50.31466484069824
739,739,739,1763579401.8734267,1763579401.8734267,0.0,49.69930648803711,49.962520599365234
740,740,740,1763579401.923126,1763579401.923126,0.0,49.800872802734375,49.69930648803711
741,741,741,1763579401.9729269,1763579401.9729269,0.0,50.16946792602539,49.800872802734375
742,742,742,1763579402.0230963,1763579402.0230963,0.0,50.188302993774414,50.16946792602539
743,743,743,1763579402.0732846,1763579402.0732846,0.0,49.98660087585449,50.188302993774414
744,744,744,1763579402.1232712,1763579402.1232712,0.0,49.947261810302734,49.98660087585449
745,745,745,1763579402.1732185,1763579402.1732185,0.0,49.97086524963379,49.947261810302734
746,746,746,1763579402.2231894,1763579402.2231894,0.0,50.10533332824707,49.97086524963379
747,747,747,1763579402.2732947,1763579402.2732947,0.0,49.810171127319336,50.10533332824707
748,748,748,1763579402.3231049,1763579402.3231049,0.0,49.798011779785156,49.810171127319336
749,749,749,1763579402.3729029,1763579402.3729029,0.0,49.81684684753418,49.798011779785156
750,750,750,1763579402.4227197,1763579402.4227197,0.0,50.0032901763916,49.81684684753418
751,751,751,1763579402.472723,1763579402.472723,0.0,50.46510696411133,50.0032901763916
752,752,752,1763579402.523188,1763579402.523188,0.0,50.356388092041016,50.46510696411133
753,753,753,1763579402.5735445,1763579402.5735445,0.0,49.96228218078613,50.356388092041016
754,754,754,1763579402.6235068,1763579402.6235068,0.0,49.581289291381836,49.96228218078613
755,755,755,1763579402.673088,1763579402.673088,0.0,49.85833168029785,49.581289291381836
756,756,756,1763579402.7229464,1763579402.7229464,0.0,49.93295669555664,49.85833168029785
757,757,757,1763579402.7728794,1763579402.7728794,0.0,49.92485046386719,49.93295669555664
758,758,758,1763579402.8228042,1763579402.8228042,0.0,50.11606216430664,49.92485046386719
759,759,759,1763579402.8729203,1763579402.8729203,0.0,50.11487007141113,50.11606216430664
760,760,760,1763579402.9230351,1763579402.9230351,0.0,50.12631416320801,50.11487007141113
761,761,761,1763579402.9731615,1763579402.9731615,0.0,50.04286766052246,50.12631416320801
762,762,762,1763579403.0232043,1763579403.0232043,0.0,49.84545707702637,50.04286766052246
763,763,763,1763579403.0730498,1763579403.0730498,0.0,49.77989196777344,49.84545707702637
764,764,764,1763579403.1228297,1763579403.1228297,0.0,49.92175102233887,49.77989196777344
765,765,765,1763579403.1727514,1763579403.1727514,0.0,50.04405975341797,49.92175102233887
766,766,766,1763579403.2227955,1763579403.2227955,0.0,50.22096633911133,50.04405975341797
767,767,767,1763579403.2730165,1763579403.2730165,0.0,50.14681816101074,50.22096633911133
768,768,768,1763579403.3231633,1763579403.3231633,0.0,49.96657371520996,50.14681816101074
769,769,769,1763579403.3731298,1763579403.3731298,0.0,49.89004135131836,49.96657371520996
770,770,770,1763579403.42302,1763579403.42302,0.0,50.25053024291992,49.89004135131836
771,771,771,1763579403.4732704,1763579403.4732704,0.0,49.93152618408203,50.25053024291992
772,772,772,1763579403.523202,1763579403.523202,0.0,49.926042556762695,49.93152618408203
773,773,773,1763579403.573128,1763579403.573128,0.0,49.774885177612305,49.926042556762695
774,774,774,1763579403.6229029,1763579403.6229029,0.0,49.755096435546875,49.774885177612305
775,775,775,1763579403.672658,1763579403.672658,0.0,49.99136924743652,49.755096435546875
776,776,776,1763579403.7226493,1763579403.7226493,0.0,50.16469955444336,49.99136924743652
777,777,777,1763579403.772814,1763579403.772814,0.0,50.16207695007324,50.16469955444336
778,778,778,1763579403.822976,1763579403.822976,0.0,50.261497497558594,50.16207695007324
779,779,779,1763579403.8732376,1763579403.8732376,0.0,49.985408782958984,50.261497497558594
780,780,780,1763579403.923223,1763579403.923223,0.0,49.7736930847168,49.985408782958984
781,781,781,1763579403.9729967,1763579403.9729967,0.0,49.67546463012695,49.7736930847168
782,782,782,1763579404.0226722,1763579404.0226722,0.0,50.00495910644531,49.67546463012695
783,783,783,1763579404.0726771,1763579404.0726771,0.0,50.362348556518555,50.00495910644531
784,784,784,1763579404.1230395,1763579404.1230395,0.0,50.229549407958984,50.362348556518555
785,785,785,1763579404.173269,1763579404.173269,0.0,49.87525939941406,50.229549407958984
786,786,786,1763579404.2231443,1763579404.2231443,0.0,49.76153373718262,49.87525939941406
787,787,787,1763579404.2729058,1763579404.2729058,0.0,49.913883209228516,49.76153373718262
788,788,788,1763579404.3228197,1763579404.3228197,0.0,49.98612403869629,49.913883209228516
789,789,789,1763579404.3728058,1763579404.3728058,0.0,50.11558532714844,49.98612403869629
790,790,790,1763579404.4229214,1763579404.4229214,0.0,50.20785331726074,50.11558532714844
791,791,791,1763579404.4731293,1763579404.4731293,0.0,50.13704299926758,50.20785331726074
792,792,792,1763579404.5232663,1763579404.5232663,0.0,49.83019828796387,50.13704299926758
793,793,793,1763579404.5730965,1763579404.5730965,0.0,49.80158805847168,49.83019828796387
794,794,794,1763579404.622898,1763579404.622898,0.0,50.16589164733887,49.80158805847168
795,795,795,1763579404.673064,1763579404.673064,0.0,49.94010925292969,50.16589164733887
796,796,796,1763579404.723004,1763579404.723004,0.0,50.04119873046875,49.94010925292969
797,797,797,1763579404.7730453,1763579404.7730453,0.0,50.21548271179199,50.04119873046875
798,798,798,1763579404.8232608,1763579404.8232608,0.0,50.05359649658203,50.21548271179199
799,799,799,1763579404.8733144,1763579404.8733144,0.0,49.70908164978027,50.05359649658203
800,800,800,1763579404.9230235,1763579404.9230235,0.0,49.71575736999512,49.70908164978027
801,801,801,1763579404.9727392,1763579404.9727392,0.0,50.138235092163086,49.71575736999512
802,802,802,1763579405.0228775,1763579405.0228775,0.0,50.086259841918945,50.138235092163086
803,803,803,1763579405.0729637,1763579405.0729637,0.0,50.0788688659668,50.086259841918945
804,804,804,1763579405.1230426,1763579405.1230426,0.0,50.02927780151367,50.0788688659668
805,805,805,1763579405.1730719,1763579405.1730719,0.0,49.97897148132324,50.02927780151367
806,806,806,1763579405.2230508,1763579405.2230508,0.0,49.91865158081055,49.97897148132324
807,807,807,1763579405.2729695,1763579405.2729695,0.0,49.87764358520508,49.91865158081055
808,808,808,1763579405.3228471,1763579405.3228471,0.0,49.9875545501709,49.87764358520508
809,809,809,1763579405.3728347,1763579405.3728347,0.0,50.07004737854004,49.9875545501709
810,810,810,1763579405.4229047,1763579405.4229047,0.0,50.0636100769043,50.07004737854004
811,811,811,1763579405.4729683,1763579405.4729683,0.0,50.19259452819824,50.0636100769043
812,812,812,1763579405.523161,1763579405.523161,0.0,48.86364936828613,50.19259452819824
813,813,813,1763579405.5720246,1763579405.5720246,0.0,49.0117073059082,48.86364936828613
814,814,814,1763579405.6210363,1763579405.6210363,0.0,49.84903335571289,49.0117073059082
815,815,815,1763579405.6708853,1763579405.6708853,0.0,50.63223838806152,49.84903335571289
816,816,816,1763579405.7215176,1763579405.7215176,0.0,50.856590270996094,50.63223838806152
817,817,817,1763579405.7723742,1763579405.7723742,0.0,50.16446113586426,50.856590270996094
818,818,818,1763579405.8225386,1763579405.8225386,0.0,48.78807067871094,50.16446113586426
819,819,819,1763579405.8713267,1763579405.8713267,0.0,48.92277717590332,48.78807067871094
820,820,820,1763579405.9202495,1763579405.9202495,0.0,49.809932708740234,48.92277717590332
821,821,821,1763579405.9700594,1763579405.9700594,0.0,50.77838897705078,49.809932708740234
822,822,822,1763579406.0208378,1763579406.0208378,0.0,50.75979232788086,50.77838897705078
823,823,823,1763579406.0715976,1763579406.0715976,0.0,50.232648849487305,50.75979232788086
824,824,824,1763579406.1218302,1763579406.1218302,0.0,49.56507682800293,50.232648849487305
825,825,825,1763579406.1713953,1763579406.1713953,0.0,48.88582229614258,49.56507682800293
826,826,826,1763579406.2202811,1763579406.2202811,0.0,49.12614822387695,48.88582229614258
827,827,827,1763579406.2694073,1763579406.2694073,0.0,50.20642280578613,49.12614822387695
828,828,828,1763579406.3196137,1763579406.3196137,0.0,50.66251754760742,50.20642280578613
829,829,829,1763579406.3702762,1763579406.3702762,0.0,50.580501556396484,50.66251754760742
830,830,830,1763579406.4208567,1763579406.4208567,0.0,50.14634132385254,50.580501556396484
831,831,831,1763579406.471003,1763579406.471003,0.0,49.86929893493652,50.14634132385254
832,832,832,1763579406.5208724,1763579406.5208724,0.0,49.73316192626953,49.86929893493652
833,833,833,1763579406.5706055,1763579406.5706055,0.0,49.58224296569824,49.73316192626953
834,834,834,1763579406.6201878,1763579406.6201878,0.0,49.794912338256836,49.58224296569824
835,835,835,1763579406.6699827,1763579406.6699827,0.0,50.14395713806152,49.794912338256836
836,836,836,1763579406.7201266,1763579406.7201266,0.0,50.394535064697266,50.14395713806152
837,837,837,1763579406.7705212,1763579406.7705212,0.0,50.19116401672363,50.394535064697266
838,838,838,1763579406.8207123,1763579406.8207123,0.0,50.00758171081543,50.19116401672363
839,839,839,1763579406.87072,1763579406.87072,0.0,49.67617988586426,50.00758171081543
840,840,840,1763579406.920396,1763579406.920396,0.0,49.57103729248047,49.67617988586426
841,841,841,1763579406.9699671,1763579406.9699671,0.0,49.84283447265625,49.57103729248047
842,842,842,1763579407.01981,1763579407.01981,0.0,50.2164363861084,49.84283447265625
843,843,843,1763579407.0700264,1763579407.0700264,0.0,50.37641525268555,50.2164363861084
844,844,844,1763579407.1204028,1763579407.1204028,0.0,50.21834373474121,50.37641525268555
845,845,845,1763579407.1706212,1763579407.1706212,0.0,49.95584487915039,50.21834373474121
846,846,846,1763579407.220577,1763579407.220577,0.0,49.87025260925293,49.95584487915039
847,847,847,1763579407.2704473,1763579407.2704473,0.0,49.73244667053223,49.87025260925293
848,848,848,1763579407.3201797,1763579407.3201797,0.0,49.93009567260742,49.73244667053223
849,849,849,1763579407.3701098,1763579407.3701098,0.0,50.04072189331055,49.93009567260742
850,850,850,1763579407.4201505,1763579407.4201505,0.0,50.15277862548828,50.04072189331055
851,851,851,1763579407.4703033,1763579407.4703033,0.0,50.23550987243652,50.15277862548828
852,852,852,1763579407.5205388,1763579407.5205388,0.0,50.15969276428223,50.23550987243652
853,853,853,1763579407.5706985,1763579407.5706985,0.0,49.767255783081055,50.15969276428223
854,854,854,1763579407.6204658,1763579407.6204658,0.0,49.61848258972168,49.767255783081055
855,855,855,1763579407.6700842,1763579407.6700842,0.0,49.84545707702637,49.61848258972168
856,856,856,1763579407.7199297,1763579407.7199297,0.0,50.24862289428711,49.84545707702637
857,857,857,1763579407.7701783,1763579407.7701783,0.0,50.34232139587402,50.24862289428711
858,858,858,1763579407.8205206,1763579407.8205206,0.0,50.22025108337402,50.34232139587402
859,859,859,1763579407.870741,1763579407.870741,0.0,49.83210563659668,50.22025108337402
860,860,860,1763579407.920573,1763579407.920573,0.0,49.694061279296875,49.83210563659668
861,861,861,1763579407.970267,1763579407.970267,0.0,49.79896545410156,49.694061279296875
862,862,862,1763579408.020066,1763579408.020066,0.0,50.00758171081543,49.79896545410156
863,863,863,1763579408.0700736,1763579408.0700736,0.0,50.13704299926758,50.00758171081543
864,864,864,1763579408.1202106,1763579408.1202106,0.0,50.154924392700195,50.13704299926758
865,865,865,1763579408.1703656,1763579408.1703656,0.0,50.5673885345459,50.154924392700195
866,866,866,1763579408.220933,1763579408.220933,0.0,50.05168914794922,50.5673885345459
867,867,867,1763579408.2709846,1763579408.2709846,0.0,49.700260162353516,50.05168914794922
868,868,868,1763579408.320685,1763579408.320685,0.0,49.82447624206543,49.700260162353516
869,869,869,1763579408.3705094,1763579408.3705094,0.0,49.730777740478516,49.82447624206543
870,870,870,1763579408.4202402,1763579408.4202402,0.0,49.933433532714844,49.730777740478516
871,871,871,1763579408.4701736,1763579408.4701736,0.0,50.020456314086914,49.933433532714844
872,872,872,1763579408.520194,1763579408.520194,0.0,50.208091735839844,50.020456314086914
873,873,873,1763579408.5704021,1763579408.5704021,0.0,50.06766319274902,50.208091735839844
874,874,874,1763579408.6204698,1763579408.6204698,0.0,49.94845390319824,50.06766319274902
875,875,875,1763579408.6704183,1763579408.6704183,0.0,49.950599670410156,49.94845390319824
876,876,876,1763579408.7203689,1763579408.7203689,0.0,50.25148391723633,49.950599670410156
877,877,877,1763579408.7706203,1763579408.7706203,0.0,49.97706413269043,50.25148391723633
878,878,878,1763579408.8205974,1763579408.8205974,0.0,49.9727725982666,49.97706413269043
879,879,879,1763579408.8705702,1763579408.8705702,0.0,49.753665924072266,49.9727725982666
880,880,880,1763579408.9203238,1763579408.9203238,0.0,49.94773864746094,49.753665924072266
881,881,881,1763579408.9702716,1763579408.9702716,0.0,50.07743835449219,49.94773864746094
882,882,882,1763579409.020349,1763579409.020349,0.0,50.17900466918945,50.07743835449219
883,883,883,1763579409.070528,1763579409.070528,0.0,50.200462341308594,50.17900466918945
884,884,884,1763579409.1207285,1763579409.1207285,0.0,49.894094467163086,50.200462341308594
885,885,885,1763579409.1706226,1763579409.1706226,0.0,49.700021743774414,49.894094467163086
886,886,886,1763579409.2203226,1763579409.2203226,0.0,49.77893829345703,49.700021743774414
887,887,887,1763579409.2701015,1763579409.2701015,0.0,50.069570541381836,49.77893829345703
888,888,888,1763579409.320171,1763579409.320171,0.0,50.087690353393555,50.069570541381836
889,889,889,1763579409.3702588,1763579409.3702588,0.0,50.12655258178711,50.087690353393555
890,890,890,1763579409.4203854,1763579409.4203854,0.0,50.191640853881836,50.12655258178711
891,891,891,1763579409.470577,1763579409.470577,0.0,49.94082450866699,50.191640853881836
892,892,892,1763579409.5205178,1763579409.5205178,0.0,49.76654052734375,49.94082450866699
893,893,893,1763579409.5702844,1763579409.5702844,0.0,50.00495910644531,49.76654052734375
894,894,894,1763579409.6202893,1763579409.6202893,0.0,50.2471923828125,50.00495910644531
895,895,895,1763579409.6705365,1763579409.6705365,0.0,50.9486198425293,50.2471923828125
896,896,896,1763579409.7214851,1763579409.7214851,0.0,50.56023597717285,50.9486198425293
897,897,897,1763579409.7720454,1763579409.7720454,0.0,49.04890060424805,50.56023597717285
898,898,898,1763579409.8210943,1763579409.8210943,0.0,48.73204231262207,49.04890060424805
899,899,899,1763579409.8698263,1763579409.8698263,0.0,49.42917823791504,48.73204231262207
900,900,900,1763579409.9192555,1763579409.9192555,0.0,50.36592483520508,49.42917823791504
901,901,901,1763579409.9696214,1763579409.9696214,0.0,50.832509994506836,50.36592483520508
902,902,902,1763579410.020454,1763579410.020454,0.0,50.63986778259277,50.832509994506836
903,903,903,1763579410.0710938,1763579410.0710938,0.0,50.005197525024414,50.63986778259277
904,904,904,1763579410.121099,1763579410.121099,0.0,49.61967468261719,50.005197525024414
905,905,905,1763579410.1707187,1763579410.1707187,0.0,49.521684646606445,49.61967468261719
906,906,906,1763579410.2202404,1763579410.2202404,0.0,49.9420166015625,49.521684646606445
907,907,907,1763579410.2701824,1763579410.2701824,0.0,50.11916160583496,49.9420166015625
908,908,908,1763579410.3203015,1763579410.3203015,0.0,50.137996673583984,50.11916160583496
909,909,909,1763579410.3704395,1763579410.3704395,0.0,50.1096248626709,50.137996673583984
910,910,910,1763579410.4205492,1763579410.4205492,0.0,50.26078224182129,50.1096248626709
911,911,911,1763579410.47081,1763579410.47081,0.0,49.94964599609375,50.26078224182129
912,912,912,1763579410.5207596,1763579410.5207596,0.0,49.64303970336914,49.94964599609375
913,913,913,1763579410.5704026,1763579410.5704026,0.0,49.634456634521484,49.64303970336914
914,914,914,1763579410.620037,1763579410.620037,0.0,50.0333309173584,49.634456634521484
915,915,915,1763579410.6700704,1763579410.6700704,0.0,50.31132698059082,50.0333309173584
916,916,916,1763579410.7203817,1763579410.7203817,0.0,50.05645751953125,50.31132698059082
917,917,917,1763579410.7704382,1763579410.7704382,0.0,49.89123344421387,50.05645751953125
918,918,918,1763579410.8203294,1763579410.8203294,0.0,49.94320869445801,49.89123344421387
919,919,919,1763579410.8702726,1763579410.8702726,0.0,50.1711368560791,49.94320869445801
920,920,920,1763579410.9204438,1763579410.9204438,0.0,50.0946044921875,50.1711368560791
921,921,921,1763579410.9705384,1763579410.9705384,0.0,50.04286766052246,50.0946044921875
922,922,922,1763579411.0205812,1763579411.0205812,0.0,49.95441436767578,50.04286766052246
923,923,923,1763579411.0705357,1763579411.0705357,0.0,49.78227615356445,49.95441436767578
924,924,924,1763579411.120318,1763579411.120318,0.0,49.80278015136719,49.78227615356445
925,925,925,1763579411.1701207,1763579411.1701207,0.0,49.963951110839844,49.80278015136719
926,926,926,1763579411.2200847,1763579411.2200847,0.0,50.275325775146484,49.963951110839844
927,927,927,1763579411.27036,1763579411.27036,0.0,50.118207931518555,50.275325775146484
928,928,928,1763579411.3204782,1763579411.3204782,0.0,50.08292198181152,50.118207931518555
929,929,929,1763579411.3705611,1763579411.3705611,0.0,49.958229064941406,50.08292198181152
930,930,930,1763579411.4205194,1763579411.4205194,0.0,50.00591278076172,49.958229064941406
931,931,931,1763579411.4705253,1763579411.4705253,0.0,49.72100257873535,50.00591278076172
932,932,932,1763579411.5202463,1763579411.5202463,0.0,49.872398376464844,49.72100257873535
933,933,933,1763579411.5701187,1763579411.5701187,0.0,49.99995231628418,49.872398376464844
934,934,934,1763579411.6201186,1763579411.6201186,0.0,50.257205963134766,49.99995231628418
935,935,935,1763579411.6703758,1763579411.6703758,0.0,50.2629280090332,50.257205963134766
936,936,936,1763579411.7206388,1763579411.7206388,0.0,50.136566162109375,50.2629280090332
937,937,937,1763579411.7707753,1763579411.7707753,0.0,49.85785484313965,50.136566162109375
938,938,938,1763579411.8206332,1763579411.8206332,0.0,49.619197845458984,49.85785484313965
939,939,939,1763579411.8702524,1763579411.8702524,0.0,49.726247787475586,49.619197845458984
940,940,940,1763579411.9199786,1763579411.9199786,0.0,50.01473426818848,49.726247787475586
941,941,941,1763579411.9699934,1763579411.9699934,0.0,50.214290618896484,50.01473426818848
942,942,942,1763579412.0202076,1763579412.0202076,0.0,50.37951469421387,50.214290618896484
943,943,943,1763579412.0705872,1763579412.0705872,0.0,50.081729888916016,50.37951469421387
944,944,944,1763579412.120669,1763579412.120669,0.0,49.96967315673828,50.081729888916016
945,945,945,1763579412.1706386,1763579412.1706386,0.0,49.846649169921875,49.96967315673828
946,946,946,1763579412.2204852,1763579412.2204852,0.0,49.73578453063965,49.846649169921875
947,947,947,1763579412.270221,1763579412.270221,0.0,49.96991157531738,49.73578453063965
948,948,948,1763579412.320191,1763579412.320191,0.0,49.98373985290527,49.96991157531738
949,949,949,1763579412.3701746,1763579412.3701746,0.0,50.07815361022949,49.98373985290527
950,950,950,1763579412.4202528,1763579412.4202528,0.0,50.03952980041504,50.07815361022949
951,951,951,1763579412.4702923,1763579412.4702923,0.0,50.29869079589844,50.03952980041504
952,952,952,1763579412.520591,1763579412.520591,0.0,50.14467239379883,50.29869079589844
953,953,953,1763579412.5707357,1763579412.5707357,0.0,49.89218711853027,50.14467239379883
954,954,954,1763579412.6206279,1763579412.6206279,0.0,49.66926574707031,49.89218711853027
955,955,955,1763579412.6702971,1763579412.6702971,0.0,49.77297782897949,49.66926574707031
956,956,956,1763579412.7200701,1763579412.7200701,0.0,50.054311752319336,49.77297782897949
957,957,957,1763579412.7701244,1763579412.7701244,0.0,50.092220306396484,50.054311752319336
958,958,958,1763579412.8202167,1763579412.8202167,0.0,50.09889602661133,50.092220306396484
959,959,959,1763579412.8703156,1763579412.8703156,0.0,50.01688003540039,50.09889602661133
960,960,960,1763579412.9203324,1763579412.9203324,0.0,50.02284049987793,50.01688003540039
961,961,961,1763579412.9703553,1763579412.9703553,0.0,49.952030181884766,50.02284049987793
962,962,962,1763579413.0203073,1763579413.0203073,0.0,49.954891204833984,49.952030181884766
963,963,963,1763579413.0702622,1763579413.0702622,0.0,50.37665367126465,49.954891204833984
964,964,964,1763579413.1206388,1763579413.1206388,0.0,50.12822151184082,50.37665367126465
965,965,965,1763579413.170767,1763579413.170767,0.0,49.76248741149902,50.12822151184082
966,966,966,1763579413.2205296,1763579413.2205296,0.0,49.98016357421875,49.76248741149902
967,967,967,1763579413.2705097,1763579413.2705097,0.0,49.81398582458496,49.98016357421875
968,968,968,1763579413.3203237,1763579413.3203237,0.0,49.93724822998047,49.81398582458496
969,969,969,1763579413.370261,1763579413.370261,0.0,50.066232681274414,49.93724822998047
970,970,970,1763579413.4203272,1763579413.4203272,0.0,50.09293556213379,50.066232681274414
971,971,971,1763579413.4704201,1763579413.4704201,0.0,49.99971389770508,50.09293556213379
972,972,972,1763579413.5204198,1763579413.5204198,0.0,49.97086524963379,49.99971389770508
973,973,973,1763579413.5703907,1763579413.5703907,0.0,49.95560646057129,49.97086524963379
974,974,974,1763579413.6203463,1763579413.6203463,0.0,49.92961883544922,49.95560646057129
975,975,975,1763579413.670276,1763579413.670276,0.0,50.041913986206055,49.92961883544922
976,976,976,1763579413.7203178,1763579413.7203178,0.0,50.11463165283203,50.041913986206055
977,977,977,1763579413.7704325,1763579413.7704325,0.0,50.20952224731445,50.11463165283203
978,978,978,1763579413.820642,1763579413.820642,0.0,49.97396469116211,50.20952224731445
979,979,979,1763579413.870616,1763579413.870616,0.0,49.774169921875,49.97396469116211
980,980,980,1763579413.9203901,1763579413.9203901,0.0,49.91936683654785,49.774169921875
981,981,981,1763579413.9703095,1763579413.9703095,0.0,49.99399185180664,49.91936683654785
982,982,982,1763579414.0203035,1763579414.0203035,0.0,50.048112869262695,49.99399185180664
983,983,983,1763579414.0703516,1763579414.0703516,0.0,50.084829330444336,50.048112869262695
984,984,984,1763579414.1204364,1763579414.1204364,0.0,50.14514923095703,50.084829330444336
985,985,985,1763579414.1705816,1763579414.1705816,0.0,49.86977577209473,50.14514923095703
986,986,986,1763579414.2204514,1763579414.2204514,0.0,49.81565475463867,49.86977577209473
987,987,987,1763579414.270267,1763579414.270267,0.0,49.96013641357422,49.81565475463867
988,988,988,1763579414.3202271,1763579414.3202271,0.0,50.165414810180664,49.96013641357422
989,989,989,1763579414.3703926,1763579414.3703926,0.0,50.050973892211914,50.165414810180664
990,990,990,1763579414.4204435,1763579414.4204435,0.0,49.94010925292969,50.050973892211914
991,991,991,1763579414.4703836,1763579414.4703836,0.0,49.94845390319824,49.94010925292969
992,992,992,1763579414.520332,1763579414.520332,0.0,49.8807430267334,49.94845390319824
993,993,993,1763579414.5702128,1763579414.5702128,0.0,50.19068717956543,49.8807430267334
994,994,994,1763579414.6204035,1763579414.6204035,0.0,50.05693435668945,50.19068717956543
995,995,995,1763579414.6704605,1763579414.6704605,0.0,50.06289482116699,50.05693435668945
996,996,996,1763579414.7205234,1763579414.7205234,0.0,49.92103576660156,50.06289482116699
997,997,997,1763579414.7704444,1763579414.7704444,0.0,49.74031448364258,49.92103576660156
998,998,998,1763579414.8201847,1763579414.8201847,0.0,49.788713455200195,49.74031448364258
999,999,999,1763579414.8699734,1763579414.8699734,0.0,50.0943660736084,49.788713455200195
1000,1000,1000,1763579414.9200678,1763579414.9200678,0.0,50.193071365356445,50.0943660736084
1001,1001,1001,1763579414.9702609,1763579414.9702609,0.0,50.171613693237305,50.193071365356445
1002,1002,1002,1763579415.0204325,1763579415.0204325,0.0,50.00424385070801,50.171613693237305
1003,1003,1003,1763579415.0704367,1763579415.0704367,0.0,50.1096248626709,50.00424385070801
1004,1004,1004,1763579415.1205463,1763579415.1205463,0.0,49.86262321472168,50.1096248626709
1005,1005,1005,1763579415.170409,1763579415.170409,0.0,49.81064796447754,49.86262321472168
1006,1006,1006,1763579415.2202196,1763579415.2202196,0.0,49.96752738952637,49.81064796447754
1007,1007,1007,1763579415.2701871,1763579415.2701871,0.0,50.06241798400879,49.96752738952637
1008,1008,1008,1763579415.3202496,1763579415.3202496,0.0,50.212860107421875,50.06241798400879
1009,1009,1009,1763579415.3704624,1763579415.3704624,0.0,49.99065399169922,50.212860107421875
1010,1010,1010,1763579415.420453,1763579415.420453,0.0,50.07815361022949,49.99065399169922
1011,1011,1011,1763579415.4705312,1763579415.4705312,0.0,49.93486404418945,50.07815361022949
1012,1012,1012,1763579415.520466,1763579415.520466,0.0,49.7891902923584,49.93486404418945
1013,1013,1013,1763579415.5702553,1763579415.5702553,0.0,49.82113838195801,49.7891902923584
1014,1014,1014,1763579415.6200764,1763579415.6200764,0.0,50.21786689758301,49.82113838195801
1015,1015,1015,1763579415.6702943,1763579415.6702943,0.0,50.25911331176758,50.21786689758301
1016,1016,1016,1763579415.7205534,1763579415.7205534,0.0,50.22859573364258,50.25911331176758
1017,1017,1017,1763579415.770782,1763579415.770782,0.0,49.787282943725586,50.22859573364258
1018,1018,1018,1763579415.8205693,1763579415.8205693,0.0,49.608469009399414,49.787282943725586
1019,1019,1019,1763579415.8701777,1763579415.8701777,0.0,50.071001052856445,49.608469009399414
1020,1020,1020,1763579415.9202487,1763579415.9202487,0.0,50.046443939208984,50.071001052856445
1021,1021,1021,1763579415.9702952,1763579415.9702952,0.0,50.00567436218262,50.046443939208984
1022,1022,1022,1763579416.0203009,1763579416.0203009,0.0,50.251007080078125,50.00567436218262
1023,1023,1023,1763579416.0705519,1763579416.0705519,0.0,50.06122589111328,50.251007080078125
1024,1024,1024,1763579416.120613,1763579416.120613,0.0,49.78013038635254,50.06122589111328
1025,1025,1025,1763579416.1703932,1763579416.1703932,0.0,49.69310760498047,49.78013038635254
1026,1026,1026,1763579416.2200863,1763579416.2200863,0.0,50.000905990600586,49.69310760498047
1027,1027,1027,1763579416.2700872,1763579416.2700872,0.0,50.08530616760254,50.000905990600586
1028,1028,1028,1763579416.3201725,1763579416.3201725,0.0,50.19402503967285,50.08530616760254
1029,1029,1029,1763579416.3703666,1763579416.3703666,0.0,50.09317398071289,50.19402503967285
1030,1030,1030,1763579416.4204597,1763579416.4204597,0.0,50.24886131286621,50.09317398071289
1031,1031,1031,1763579416.4707086,1763579416.4707086,0.0,49.756765365600586,50.24886131286621
1032,1032,1032,1763579416.5204654,1763579416.5204654,0.0,49.70192909240723,49.756765365600586
1033,1033,1033,1763579416.5701673,1763579416.5701673,0.0,49.85833168029785,49.70192909240723
1034,1034,1034,1763579416.6200256,1763579416.6200256,0.0,50.1096248626709,49.85833168029785
1035,1035,1035,1763579416.6701353,1763579416.6701353,0.0,50.14753341674805,50.1096248626709
1036,1036,1036,1763579416.7202828,1763579416.7202828,0.0,50.095319747924805,50.14753341674805
1037,1037,1037,1763579416.770378,1763579416.770378,0.0,50.86207389831543,50.095319747924805
1038,1038,1038,1763579416.8212402,1763579416.8212402,0.0,50.95791816711426,50.86207389831543
1039,1039,1039,1763579416.872198,1763579416.872198,0.0,50.15754699707031,50.95791816711426
1040,1040,1040,1763579416.9223557,1763579416.9223557,0.0,49.5762825012207,50.15754699707031
1041,1041,1041,1763579416.971932,1763579416.971932,0.0,49.298763275146484,49.5762825012207
1042,1042,1042,1763579417.0212307,1763579417.0212307,0.0,49.64923858642578,49.298763275146484
1043,1043,1043,1763579417.07088,1763579417.07088,0.0,50.20403861999512,49.64923858642578
1044,1044,1044,1763579417.121084,1763579417.121084,0.0,50.492048263549805,50.20403861999512
1045,1045,1045,1763579417.171576,1763579417.171576,0.0,50.76932907104492,50.492048263549805
1046,1046,1046,1763579417.2223454,1763579417.2223454,0.0,50.122976303100586,50.76932907104492
1047,1047,1047,1763579417.2724683,1763579417.2724683,0.0,49.5755672454834,50.122976303100586
1048,1048,1048,1763579417.322044,1763579417.322044,0.0,49.485206604003906,49.5755672454834
1049,1049,1049,1763579417.371529,1763579417.371529,0.0,49.7744083404541,49.485206604003906
1050,1050,1050,1763579417.4213035,1763579417.4213035,0.0,50.132036209106445,49.7744083404541
1051,1051,1051,1763579417.4714355,1763579417.4714355,0.0,50.310611724853516,50.132036209106445
1052,1052,1052,1763579417.5217462,1763579417.5217462,0.0,50.27031898498535,50.310611724853516
1053,1053,1053,1763579417.5720165,1763579417.5720165,0.0,49.753427505493164,50.27031898498535
1054,1054,1054,1763579417.62177,1763579417.62177,0.0,49.66259002685547,49.753427505493164
1055,1055,1055,1763579417.6714325,1763579417.6714325,0.0,49.8044490814209,49.66259002685547
1056,1056,1056,1763579417.721237,1763579417.721237,0.0,50.916433334350586,49.8044490814209
1057,1057,1057,1763579417.7721534,1763579417.7721534,0.0,51.45835876464844,50.916433334350586
1058,1058,1058,1763579417.8236117,1763579417.8236117,0.0,50.67849159240723,51.45835876464844
1059,1059,1059,1763579417.8742902,1763579417.8742902,0.0,49.53742027282715,50.67849159240723
1060,1060,1060,1763579417.9238276,1763579417.9238276,0.0,48.9954948425293,49.53742027282715
1061,1061,1061,1763579417.9728231,1763579417.9728231,0.0,49.268245697021484,48.9954948425293
1062,1062,1062,1763579418.0220914,1763579418.0220914,0.0,50.17352104187012,49.268245697021484
1063,1063,1063,1763579418.072265,1763579418.072265,0.0,50.623416900634766,50.17352104187012
1064,1064,1064,1763579418.1228883,1763579418.1228883,0.0,50.57835578918457,50.623416900634766
1065,1065,1065,1763579418.1734667,1763579418.1734667,0.0,50.154685974121094,50.57835578918457
1066,1066,1066,1763579418.2236214,1763579418.2236214,0.0,49.642086029052734,50.154685974121094
1067,1067,1067,1763579418.2732635,1763579418.2732635,0.0,51.31888389587402,49.642086029052734
1068,1068,1068,1763579418.3245823,1763579418.3245823,0.0,49.5150089263916,51.31888389587402
1069,1069,1069,1763579418.3740973,1763579418.3740973,0.0,49.088478088378906,49.5150089263916
1070,1070,1070,1763579418.4231858,1763579418.4231858,0.0,49.06129837036133,49.088478088378906
1071,1071,1071,1763579418.4722471,1763579418.4722471,0.0,49.89123344421387,49.06129837036133
1072,1072,1072,1763579418.5221384,1763579418.5221384,0.0,50.68635940551758,49.89123344421387
1073,1073,1073,1763579418.5728247,1763579418.5728247,0.0,50.63176155090332,50.68635940551758
1074,1074,1074,1763579418.6234565,1763579418.6234565,0.0,50.193071365356445,50.63176155090332
1075,1075,1075,1763579418.6736495,1763579418.6736495,0.0,49.730539321899414,50.193071365356445
1076,1076,1076,1763579418.72338,1763579418.72338,0.0,49.628496170043945,49.730539321899414
1077,1077,1077,1763579418.7730086,1763579418.7730086,0.0,49.72672462463379,49.628496170043945
1078,1078,1078,1763579418.8227353,1763579418.8227353,0.0,49.91555213928223,49.72672462463379
1079,1079,1079,1763579418.8726509,1763579418.8726509,0.0,50.21166801452637,49.91555213928223
1080,1080,1080,1763579418.9228625,1763579418.9228625,0.0,50.38571357727051,50.21166801452637
1081,1081,1081,1763579418.9732482,1763579418.9732482,0.0,50.18973350524902,50.38571357727051
1082,1082,1082,1763579419.023438,1763579419.023438,0.0,49.89266395568848,50.18973350524902
1083,1083,1083,1763579419.0733306,1763579419.0733306,0.0,49.85380172729492,49.89266395568848
1084,1084,1084,1763579419.1231844,1763579419.1231844,0.0,50.06575584411621,49.85380172729492
1085,1085,1085,1763579419.1732502,1763579419.1732502,0.0,49.814701080322266,50.06575584411621
1086,1086,1086,1763579419.223065,1763579419.223065,0.0,49.97682571411133,49.814701080322266
1087,1087,1087,1763579419.2730417,1763579419.2730417,0.0,49.825191497802734,49.97682571411133
1088,1088,1088,1763579419.322867,1763579419.322867,0.0,49.90339279174805,49.825191497802734
1089,1089,1089,1763579419.3727703,1763579419.3727703,0.0,50.35281181335449,49.90339279174805
1090,1090,1090,1763579419.4231231,1763579419.4231231,0.0,50.171852111816406,50.35281181335449
1091,1091,1091,1763579419.473295,1763579419.473295,0.0,49.918413162231445,50.171852111816406
1092,1092,1092,1763579419.5232134,1763579419.5232134,0.0,49.76987838745117,49.918413162231445
1093,1093,1093,1763579419.5729833,1763579419.5729833,0.0,49.77583885192871,49.76987838745117
1094,1094,1094,1763579419.622759,1763579419.622759,0.0,50.30703544616699,49.77583885192871
1095,1095,1095,1763579419.6730661,1763579419.6730661,0.0,50.074100494384766,50.30703544616699
1096,1096,1096,1763579419.7231402,1763579419.7231402,0.0,49.9110221862793,50.074100494384766
1097,1097,1097,1763579419.7730513,1763579419.7730513,0.0,49.99542236328125,49.9110221862793
1098,1098,1098,1763579419.8230467,1763579419.8230467,0.0,50.23026466369629,49.99542236328125
1099,1099,1099,1763579419.873277,1763579419.873277,0.0,49.877166748046875,50.23026466369629
1100,1100,1100,1763579419.923154,1763579419.923154,0.0,49.93629455566406,49.877166748046875
1101,1101,1101,1763579419.9730904,1763579419.9730904,0.0,49.77703094482422,49.93629455566406
1102,1102,1102,1763579420.0228674,1763579420.0228674,0.0,49.927473068237305,49.77703094482422
1103,1103,1103,1763579420.072795,1763579420.072795,0.0,50.38714408874512,49.927473068237305
1104,1104,1104,1763579420.123182,1763579420.123182,0.0,49.99709129333496,50.38714408874512
1105,1105,1105,1763579420.1731791,1763579420.1731791,0.0,50.49633979797363,49.99709129333496
1106,1106,1106,1763579420.2236755,1763579420.2236755,0.0,49.848318099975586,50.49633979797363
1107,1107,1107,1763579420.2735238,1763579420.2735238,0.0,49.63111877441406,49.848318099975586
1108,1108,1108,1763579420.323155,1763579420.323155,0.0,49.489498138427734,49.63111877441406
1109,1109,1109,1763579420.3726444,1763579420.3726444,0.0,49.74699020385742,49.489498138427734
1110,1110,1110,1763579420.4223914,1763579420.4223914,0.0,50.290822982788086,49.74699020385742
1111,1111,1111,1763579420.4726822,1763579420.4726822,0.0,50.40597915649414,50.290822982788086
1112,1112,1112,1763579420.5230882,1763579420.5230882,0.0,50.34303665161133,50.40597915649414
1113,1113,1113,1763579420.5734313,1763579420.5734313,0.0,50.08888244628906,50.34303665161133
1114,1114,1114,1763579420.6235201,1763579420.6235201,0.0,49.79419708251953,50.08888244628906
1115,1115,1115,1763579420.6733143,1763579420.6733143,0.0,49.721717834472656,49.79419708251953
1116,1116,1116,1763579420.723036,1763579420.723036,0.0,49.813270568847656,49.721717834472656
1117,1117,1117,1763579420.7728493,1763579420.7728493,0.0,49.96204376220703,49.813270568847656
1118,1118,1118,1763579420.8228114,1763579420.8228114,0.0,50.063371658325195,49.96204376220703
1119,1119,1119,1763579420.8728747,1763579420.8728747,0.0,50.089120864868164,50.063371658325195
1120,1120,1120,1763579420.9229639,1763579420.9229639,0.0,50.47297477722168,50.089120864868164
1121,1121,1121,1763579420.9734368,1763579420.9734368,0.0,49.983978271484375,50.47297477722168
1122,1122,1122,1763579421.0234208,1763579421.0234208,0.0,49.588918685913086,49.983978271484375
1123,1123,1123,1763579421.0730097,1763579421.0730097,0.0,49.60036277770996,49.588918685913086
1124,1124,1124,1763579421.12261,1763579421.12261,0.0,49.93462562561035,49.60036277770996
1125,1125,1125,1763579421.1725447,1763579421.1725447,0.0,50.27031898498535,49.93462562561035
1126,1126,1126,1763579421.222815,1763579421.222815,0.0,50.3237247467041,50.27031898498535
1127,1127,1127,1763579421.2731388,1763579421.2731388,0.0,50.10628700256348,50.3237247467041
1128,1128,1128,1763579421.323245,1763579421.323245,0.0,49.993276596069336,50.10628700256348
1129,1129,1129,1763579421.3732383,1763579421.3732383,0.0,49.82781410217285,49.993276596069336
1130,1130,1130,1763579421.4230661,1763579421.4230661,0.0,49.69930648803711,49.82781410217285
1131,1131,1131,1763579421.4727654,1763579421.4727654,0.0,49.85189437866211,49.69930648803711
1132,1132,1132,1763579421.5226173,1763579421.5226173,0.0,50.19521713256836,49.85189437866211
1133,1133,1133,1763579421.5728126,1763579421.5728126,0.0,50.251007080078125,50.19521713256836
1134,1134,1134,1763579421.6230636,1763579421.6230636,0.0,50.44960975646973,50.251007080078125
1135,1135,1135,1763579421.6735132,1763579421.6735132,0.0,50.18496513366699,50.44960975646973
1136,1136,1136,1763579421.7236981,1763579421.7236981,0.0,49.8354434967041,50.18496513366699
1137,1137,1137,1763579421.7735336,1763579421.7735336,0.0,49.654245376586914,49.8354434967041
1138,1138,1138,1763579421.8231878,1763579421.8231878,0.0,49.81255531311035,49.654245376586914
1139,1139,1139,1763579421.8730004,1763579421.8730004,0.0,50.07791519165039,49.81255531311035
1140,1140,1140,1763579421.9230783,1763579421.9230783,0.0,49.9265193939209,50.07791519165039
1141,1141,1141,1763579421.9730048,1763579421.9730048,0.0,49.836158752441406,49.9265193939209
1142,1142,1142,1763579422.022841,1763579422.022841,0.0,49.97420310974121,49.836158752441406
1143,1143,1143,1763579422.0728152,1763579422.0728152,0.0,50.34279823303223,49.97420310974121
1144,1144,1144,1763579422.123158,1763579422.123158,0.0,50.17971992492676,50.34279823303223
1145,1145,1145,1763579422.1733377,1763579422.1733377,0.0,50.11463165283203,50.17971992492676
1146,1146,1146,1763579422.2234523,1763579422.2234523,0.0,49.695491790771484,50.11463165283203
1147,1147,1147,1763579422.2731478,1763579422.2731478,0.0,49.936771392822266,49.695491790771484
1148,1148,1148,1763579422.3230846,1763579422.3230846,0.0,50.03833770751953,49.936771392822266
1149,1149,1149,1763579422.373123,1763579422.373123,0.0,50.844430923461914,50.03833770751953
1150,1150,1150,1763579422.4239674,1763579422.4239674,0.0,50.029754638671875,50.844430923461914
1151,1151,1151,1763579422.473997,1763579422.473997,0.0,49.4382381439209,50.029754638671875
1152,1152,1152,1763579422.5234354,1763579422.5234354,0.0,49.52383041381836,49.4382381439209
1153,1153,1153,1763579422.5729592,1763579422.5729592,0.0,49.83377456665039,49.52383041381836
1154,1154,1154,1763579422.622793,1763579422.622793,0.0,49.842119216918945,49.83377456665039
1155,1155,1155,1763579422.672635,1763579422.672635,0.0,50.07743835449219,49.842119216918945
1156,1156,1156,1763579422.7227125,1763579422.7227125,0.0,50.173044204711914,50.07743835449219
1157,1157,1157,1763579422.7728856,1763579422.7728856,0.0,50.16183853149414,50.173044204711914
1158,1158,1158,1763579422.8230474,1763579422.8230474,0.0,49.98278617858887,50.16183853149414
1159,1159,1159,1763579422.8730302,1763579422.8730302,0.0,50.0030517578125,49.98278617858887
1160,1160,1160,1763579422.9230332,1763579422.9230332,0.0,50.23837089538574,50.0030517578125
1161,1161,1161,1763579422.9732716,1763579422.9732716,0.0,50.08435249328613,50.23837089538574
1162,1162,1162,1763579423.023356,1763579423.023356,0.0,49.62754249572754,50.08435249328613
1163,1163,1163,1763579423.0729835,1763579423.0729835,0.0,49.954891204833984,49.62754249572754
1164,1164,1164,1763579423.1229384,1763579423.1229384,0.0,49.95870590209961,49.954891204833984
1165,1165,1165,1763579423.172897,1763579423.172897,0.0,50.08435249328613,49.95870590209961
1166,1166,1166,1763579423.2229815,1763579423.2229815,0.0,50.15444755554199,50.08435249328613
1167,1167,1167,1763579423.273136,1763579423.273136,0.0,50.262451171875,50.15444755554199
1168,1168,1168,1763579423.3233984,1763579423.3233984,0.0,49.81088638305664,50.262451171875
1169,1169,1169,1763579423.3732092,1763579423.3732092,0.0,49.58534240722656,49.81088638305664
1170,1170,1170,1763579423.4227946,1763579423.4227946,0.0,49.941301345825195,49.58534240722656
1171,1171,1171,1763579423.472736,1763579423.472736,0.0,50.37665367126465,49.941301345825195
1172,1172,1172,1763579423.5231125,1763579423.5231125,0.0,50.24075508117676,50.37665367126465
1173,1173,1173,1763579423.5733533,1763579423.5733533,0.0,50.022125244140625,50.24075508117676
1174,1174,1174,1763579423.6233754,1763579423.6233754,0.0,49.95989799499512,50.022125244140625
1175,1175,1175,1763579423.6733353,1763579423.6733353,0.0,49.65853691101074,49.95989799499512
1176,1176,1176,1763579423.7229939,1763579423.7229939,0.0,50.072431564331055,49.65853691101074
1177,1177,1177,1763579423.7730663,1763579423.7730663,0.0,50.096988677978516,50.072431564331055
1178,1178,1178,1763579423.8231633,1763579423.8231633,0.0,49.90577697753906,50.096988677978516
1179,1179,1179,1763579423.873069,1763579423.873069,0.0,49.85332489013672,49.90577697753906
1180,1180,1180,1763579423.9229224,1763579423.9229224,0.0,50.06694793701172,49.85332489013672
1181,1181,1181,1763579423.9729893,1763579423.9729893,0.0,49.9262809753418,50.06694793701172
1182,1182,1182,1763579424.0229156,1763579424.0229156,0.0,49.94368553161621,49.9262809753418
1183,1183,1183,1763579424.0728593,1763579424.0728593,0.0,49.96228218078613,49.94368553161621
1184,1184,1184,1763579424.1228216,1763579424.1228216,0.0,50.08983612060547,49.96228218078613
1185,1185,1185,1763579424.1729114,1763579424.1729114,0.0,50.11105537414551,50.08983612060547
1186,1186,1186,1763579424.2230225,1763579424.2230225,0.0,49.97611045837402,50.11105537414551
1187,1187,1187,1763579424.2729986,1763579424.2729986,0.0,49.91888999938965,49.97611045837402
1188,1188,1188,1763579424.3229175,1763579424.3229175,0.0,50.05311965942383,49.91888999938965
1189,1189,1189,1763579424.3729706,1763579424.3729706,0.0,50.3230094909668,50.05311965942383
1190,1190,1190,1763579424.4232936,1763579424.4232936,0.0,50.112009048461914,50.3230094909668
1191,1191,1191,1763579424.4734056,1763579424.4734056,0.0,49.779653549194336,50.112009048461914
1192,1192,1192,1763579424.5231853,1763579424.5231853,0.0,49.780845642089844,49.779653549194336
1193,1193,1193,1763579424.572966,1763579424.572966,0.0,49.81827735900879,49.780845642089844
1194,1194,1194,1763579424.6227844,1763579424.6227844,0.0,50.16469955444336,49.81827735900879
1195,1195,1195,1763579424.672949,1763579424.672949,0.0,50.249338150024414,50.16469955444336
1196,1196,1196,1763579424.7231984,1763579424.7231984,0.0,50.15873908996582,50.249338150024414
1197,1197,1197,1763579424.7733572,1763579424.7733572,0.0,49.98898506164551,50.15873908996582
1198,1198,1198,1763579424.8233461,1763579424.8233461,0.0,49.9117374420166,49.98898506164551
1199,1199,1199,1763579424.8732579,1763579424.8732579,0.0,49.73554611206055,49.9117374420166
1200,1200,1200,1763579424.9229934,1763579424.9229934,0.0,49.84140396118164,49.73554611206055
1201,1201,1201,1763579424.9728348,1763579424.9728348,0.0,50.27437210083008,49.84140396118164
1202,1202,1202,1763579425.0231092,1763579425.0231092,0.0,50.2476692199707,50.27437210083008
1203,1203,1203,1763579425.0733569,1763579425.0733569,0.0,50.12083053588867,50.2476692199707
1204,1204,1204,1763579425.1234777,1763579425.1234777,0.0,49.66092109680176,50.12083053588867
1205,1205,1205,1763579425.1731386,1763579425.1731386,0.0,49.65806007385254,49.66092109680176
1206,1206,1206,1763579425.2227967,1763579425.2227967,0.0,49.7889518737793,49.65806007385254
1207,1207,1207,1763579425.2725856,1763579425.2725856,0.0,50.256967544555664,49.7889518737793
1208,1208,1208,1763579425.3228426,1763579425.3228426,0.0,50.19664764404297,50.256967544555664
1209,1209,1209,1763579425.3730392,1763579425.3730392,0.0,50.199031829833984,50.19664764404297
1210,1210,1210,1763579425.4232383,1763579425.4232383,0.0,50.09722709655762,50.199031829833984
1211,1211,1211,1763579425.4733355,1763579425.4733355,0.0,49.87978935241699,50.09722709655762
1212,1212,1212,1763579425.5232153,1763579425.5232153,0.0,49.58224296569824,49.87978935241699
1213,1213,1213,1763579425.5727975,1763579425.5727975,0.0,49.759864807128906,49.58224296569824
1214,1214,1214,1763579425.6225574,1763579425.6225574,0.0,49.99375343322754,49.759864807128906
1215,1215,1215,1763579425.6725512,1763579425.6725512,0.0,50.52590370178223,49.99375343322754
1216,1216,1216,1763579425.723077,1763579425.723077,0.0,50.87709426879883,50.52590370178223
1217,1217,1217,1763579425.7739542,1763579425.7739542,0.0,49.87597465515137,50.87709426879883
1218,1218,1218,1763579425.8238301,1763579425.8238301,0.0,49.58343505859375,49.87597465515137
1219,1219,1219,1763579425.8734136,1763579425.8734136,0.0,49.54719543457031,49.58343505859375
1220,1220,1220,1763579425.9229608,1763579425.9229608,0.0,49.85952377319336,49.54719543457031
1221,1221,1221,1763579425.9728203,1763579425.9728203,0.0,50.22740364074707,49.85952377319336
1222,1222,1222,1763579426.0230477,1763579426.0230477,0.0,50.31609535217285,50.22740364074707
1223,1223,1223,1763579426.0733638,1763579426.0733638,0.0,50.507545471191406,50.31609535217285
1224,1224,1224,1763579426.1238713,1763579426.1238713,0.0,49.95131492614746,50.507545471191406
1225,1225,1225,1763579426.1738226,1763579426.1738226,0.0,49.6063232421875,49.95131492614746
1226,1226,1226,1763579426.223429,1763579426.223429,0.0,49.55577850341797,49.6063232421875
1227,1227,1227,1763579426.2729847,1763579426.2729847,0.0,49.689531326293945,49.55577850341797
1228,1228,1228,1763579426.3226743,1763579426.3226743,0.0,50.25196075439453,49.689531326293945
1229,1229,1229,1763579426.3729262,1763579426.3729262,0.0,50.53591728210449,50.25196075439453
1230,1230,1230,1763579426.4234622,1763579426.4234622,0.0,50.252676010131836,50.53591728210449
1231,1231,1231,1763579426.4737148,1763579426.4737148,0.0,49.513816833496094,50.252676010131836
1232,1232,1232,1763579426.5232286,1763579426.5232286,0.0,49.40962791442871,49.513816833496094
1233,1233,1233,1763579426.5726383,1763579426.5726383,0.0,49.74794387817383,49.40962791442871
1234,1234,1234,1763579426.6223862,1763579426.6223862,0.0,50.1101016998291,49.74794387817383
1235,1235,1235,1763579426.6724963,1763579426.6724963,0.0,50.40788650512695,50.1101016998291
1236,1236,1236,1763579426.7229042,1763579426.7229042,0.0,50.30083656311035,50.40788650512695
1237,1237,1237,1763579426.773205,1763579426.773205,0.0,50.03547668457031,50.30083656311035
1238,1238,1238,1763579426.8232405,1763579426.8232405,0.0,49.76677894592285,50.03547668457031
1239,1239,1239,1763579426.8730073,1763579426.8730073,0.0,50.10271072387695,49.76677894592285
1240,1240,1240,1763579426.92311,1763579426.92311,0.0,50.03690719604492,50.10271072387695
1241,1241,1241,1763579426.973147,1763579426.973147,0.0,49.98016357421875,50.03690719604492
1242,1242,1242,1763579427.023127,1763579427.023127,0.0,49.8509407043457,49.98016357421875
1243,1243,1243,1763579427.072978,1763579427.072978,0.0,49.92842674255371,49.8509407043457
1244,1244,1244,1763579427.1229064,1763579427.1229064,0.0,50.19426345825195,49.92842674255371
1245,1245,1245,1763579427.1731007,1763579427.1731007,0.0,50.28247833251953,50.19426345825195
1246,1246,1246,1763579427.2233832,1763579427.2233832,0.0,50.26435852050781,50.28247833251953
1247,1247,1247,1763579427.2736475,1763579427.2736475,0.0,49.836158752441406,50.26435852050781
1248,1248,1248,1763579427.3234837,1763579427.3234837,0.0,49.58486557006836,49.836158752441406
1249,1249,1249,1763579427.3730686,1763579427.3730686,0.0,49.6516227722168,49.58486557006836
1250,1250,1250,1763579427.4227202,1763579427.4227202,0.0,50.14204978942871,49.6516227722168
1251,1251,1251,1763579427.4728622,1763579427.4728622,0.0,50.12917518615723,50.14204978942871
1252,1252,1252,1763579427.5229914,1763579427.5229914,0.0,50.06217956542969,50.12917518615723
1253,1253,1253,1763579427.5730536,1763579427.5730536,0.0,50.1103401184082,50.06217956542969
1254,1254,1254,1763579427.623164,1763579427.623164,0.0,50.000905990600586,50.1103401184082
1255,1255,1255,1763579427.6731648,1763579427.6731648,0.0,49.87525939941406,50.000905990600586
1256,1256,1256,1763579427.72304,1763579427.72304,0.0,49.3619441986084,49.87525939941406
1257,1257,1257,1763579427.772402,1763579427.772402,0.0,48.949241638183594,49.3619441986084
1258,1258,1258,1763579427.8213513,1763579427.8213513,0.0,49.52049255371094,48.949241638183594
1259,1259,1259,1763579427.8708718,1763579427.8708718,0.0,50.2781867980957,49.52049255371094
1260,1260,1260,1763579427.92115,1763579427.92115,0.0,50.80413818359375,50.2781867980957
1261,1261,1261,1763579427.971954,1763579427.971954,0.0,50.69303512573242,50.80413818359375
1262,1262,1262,1763579428.0226471,1763579428.0226471,0.0,49.87812042236328,50.69303512573242
1263,1263,1263,1763579428.0725253,1763579428.0725253,0.0,49.47066307067871,49.87812042236328
1264,1264,1264,1763579428.121996,1763579428.121996,0.0,49.514055252075195,49.47066307067871
1265,1265,1265,1763579428.17151,1763579428.17151,0.0,50.14944076538086,49.514055252075195
1266,1266,1266,1763579428.2216594,1763579428.2216594,0.0,50.289154052734375,50.14944076538086
1267,1267,1267,1763579428.2719486,1763579428.2719486,0.0,50.45747756958008,50.289154052734375
1268,1268,1268,1763579428.322406,1763579428.322406,0.0,49.99089241027832,50.45747756958008
1269,1269,1269,1763579428.372397,1763579428.372397,0.0,49.80897903442383,49.99089241027832
1270,1270,1270,1763579428.422206,1763579428.422206,0.0,49.616098403930664,49.80897903442383
1271,1271,1271,1763579428.471822,1763579428.471822,0.0,49.883365631103516,49.616098403930664
1272,1272,1272,1763579428.5217054,1763579428.5217054,0.0,50.06742477416992,49.883365631103516
1273,1273,1273,1763579428.5717728,1763579428.5717728,0.0,50.13775825500488,50.06742477416992
1274,1274,1274,1763579428.6219106,1763579428.6219106,0.0,50.07123947143555,50.13775825500488
1275,1275,1275,1763579428.6719818,1763579428.6719818,0.0,50.05216598510742,50.07123947143555
1276,1276,1276,1763579428.722034,1763579428.722034,0.0,49.81350898742676,50.05216598510742
1277,1277,1277,1763579428.7718475,1763579428.7718475,0.0,49.97539520263672,49.81350898742676
1278,1278,1278,1763579428.821823,1763579428.821823,0.0,50.161123275756836,49.97539520263672
1279,1279,1279,1763579428.871984,1763579428.871984,0.0,50.293684005737305,50.161123275756836
1280,1280,1280,1763579428.9222777,1763579428.9222777,0.0,49.82566833496094,50.293684005737305
1281,1281,1281,1763579428.9721034,1763579428.9721034,0.0,49.677371978759766,49.82566833496094
1282,1282,1282,1763579429.0217807,1763579429.0217807,0.0,49.77679252624512,49.677371978759766
1283,1283,1283,1763579429.0715575,1763579429.0715575,0.0,50.05526542663574,49.77679252624512
1284,1284,1284,1763579429.1216128,1763579429.1216128,0.0,50.28724670410156,50.05526542663574
1285,1285,1285,1763579429.1719,1763579429.1719,0.0,50.42409896850586,50.28724670410156
1286,1286,1286,1763579429.2223241,1763579429.2223241,0.0,49.976348876953125,50.42409896850586
1287,1287,1287,1763579429.2723005,1763579429.2723005,0.0,49.753427505493164,49.976348876953125
1288,1288,1288,1763579429.322054,1763579429.322054,0.0,49.65972900390625,49.753427505493164
1289,1289,1289,1763579429.3717136,1763579429.3717136,0.0,49.81350898742676,49.65972900390625
1290,1290,1290,1763579429.4215271,1763579429.4215271,0.0,50.09317398071289,49.81350898742676
1291,1291,1291,1763579429.4716203,1763579429.4716203,0.0,50.2324104309082,50.09317398071289
1292,1292,1292,1763579429.5218527,1763579429.5218527,0.0,50.13847351074219,50.2324104309082
1293,1293,1293,1763579429.5719912,1763579429.5719912,0.0,50.093889236450195,50.13847351074219
1294,1294,1294,1763579429.622085,1763579429.622085,0.0,49.9880313873291,50.093889236450195
1295,1295,1295,1763579429.6720731,1763579429.6720731,0.0,49.9575138092041,49.9880313873291
1296,1296,1296,1763579429.7220306,1763579429.7220306,0.0,49.83162879943848,49.9575138092041
1297,1297,1297,1763579429.7718623,1763579429.7718623,0.0,49.909114837646484,49.83162879943848
1298,1298,1298,1763579429.8217714,1763579429.8217714,0.0,49.982547760009766,49.909114837646484
1299,1299,1299,1763579429.871754,1763579429.871754,0.0,50.0340461730957,49.982547760009766
1300,1300,1300,1763579429.921788,1763579429.921788,0.0,49.970149993896484,50.0340461730957
1301,1301,1301,1763579429.9717581,1763579429.9717581,0.0,49.98278617858887,49.970149993896484
1302,1302,1302,1763579430.021741,1763579430.021741,0.0,49.95393753051758,49.98278617858887
1303,1303,1303,1763579430.0716949,1763579430.0716949,0.0,50.03070831298828,49.95393753051758
1304,1304,1304,1763579430.1217256,1763579430.1217256,0.0,50.05812644958496,50.03070831298828
1305,1305,1305,1763579430.1717837,1763579430.1717837,0.0,50.20904541015625,50.05812644958496
1306,1306,1306,1763579430.2219927,1763579430.2219927,0.0,49.9422550201416,50.20904541015625
1307,1307,1307,1763579430.271935,1763579430.271935,0.0,49.86739158630371,49.9422550201416
1308,1308,1308,1763579430.3218024,1763579430.3218024,0.0,49.86000061035156,49.86739158630371
1309,1309,1309,1763579430.3716624,1763579430.3716624,0.0,49.967288970947266,49.86000061035156
1310,1310,1310,1763579430.4216297,1763579430.4216297,0.0,50.03976821899414,49.967288970947266
1311,1311,1311,1763579430.4716694,1763579430.4716694,0.0,50.179481506347656,50.03976821899414
1312,1312,1312,1763579430.521849,1763579430.521849,0.0,50.17447471618652,50.179481506347656
1313,1313,1313,1763579430.5720234,1763579430.5720234,0.0,49.90959167480469,50.17447471618652
1314,1314,1314,1763579430.621933,1763579430.621933,0.0,49.90053176879883,49.90959167480469
1315,1315,1315,1763579430.6718335,1763579430.6718335,0.0,49.87621307373047,49.90053176879883
1316,1316,1316,1763579430.7217097,1763579430.7217097,0.0,50.28939247131348,49.87621307373047
1317,1317,1317,1763579430.7719991,1763579430.7719991,0.0,51.97429656982422,50.28939247131348
1318,1318,1318,1763579430.8239734,1763579430.8239734,0.0,49.616098403930664,51.97429656982422
1319,1319,1319,1763579430.8735895,1763579430.8735895,0.0,48.78830909729004,49.616098403930664
1320,1320,1320,1763579430.9223778,1763579430.9223778,0.0,48.73204231262207,48.78830909729004
1321,1321,1321,1763579430.9711099,1763579430.9711099,0.0,49.74365234375,48.73204231262207
1322,1322,1322,1763579431.0208535,1763579431.0208535,0.0,50.39238929748535,49.74365234375
1323,1323,1323,1763579431.071246,1763579431.071246,0.0,50.84419250488281,50.39238929748535
1324,1324,1324,1763579431.12209,1763579431.12209,0.0,50.44102668762207,50.84419250488281
1325,1325,1325,1763579431.1725311,1763579431.1725311,0.0,49.89910125732422,50.44102668762207
1326,1326,1326,1763579431.2224302,1763579431.2224302,0.0,49.52359199523926,49.89910125732422
1327,1327,1327,1763579431.2719538,1763579431.2719538,0.0,49.47614669799805,49.52359199523926
1328,1328,1328,1763579431.32143,1763579431.32143,0.0,49.85380172729492,49.47614669799805
1329,1329,1329,1763579431.3712838,1763579431.3712838,0.0,50.51136016845703,49.85380172729492
1330,1330,1330,1763579431.4217951,1763579431.4217951,0.0,50.45747756958008,50.51136016845703
1331,1331,1331,1763579431.4722526,1763579431.4722526,0.0,50.171852111816406,50.45747756958008
1332,1332,1332,1763579431.5224245,1763579431.5224245,0.0,49.79133605957031,50.171852111816406
1333,1333,1333,1763579431.5722158,1763579431.5722158,0.0,49.73340034484863,49.79133605957031
1334,1334,1334,1763579431.6219492,1763579431.6219492,0.0,49.76677894592285,49.73340034484863
1335,1335,1335,1763579431.671716,1763579431.671716,0.0,49.73340034484863,49.76677894592285
1336,1336,1336,1763579431.7214494,1763579431.7214494,0.0,49.99041557312012,49.73340034484863
1337,1337,1337,1763579431.7714398,1763579431.7714398,0.0,50.292253494262695,49.99041557312012
1338,1338,1338,1763579431.821732,1763579431.821732,0.0,50.3087043762207,50.292253494262695
1339,1339,1339,1763579431.8720407,1763579431.8720407,0.0,50.12321472167969,50.3087043762207
1340,1340,1340,1763579431.922164,1763579431.922164,0.0,50.042152404785156,50.12321472167969
1341,1341,1341,1763579431.972206,1763579431.972206,0.0,49.77679252624512,50.042152404785156
1342,1342,1342,1763579432.021983,1763579432.021983,0.0,49.76677894592285,49.77679252624512
1343,1343,1343,1763579432.0717497,1763579432.0717497,0.0,49.99566078186035,49.76677894592285
1344,1344,1344,1763579432.1217453,1763579432.1217453,0.0,50.05621910095215,49.99566078186035
1345,1345,1345,1763579432.1718016,1763579432.1718016,0.0,49.96800422668457,50.05621910095215
1346,1346,1346,1763579432.2217696,1763579432.2217696,0.0,50.10795593261719,49.96800422668457
1347,1347,1347,1763579432.2718775,1763579432.2718775,0.0,50.12702941894531,50.10795593261719
1348,1348,1348,1763579432.3220046,1763579432.3220046,0.0,49.889564514160156,50.12702941894531
1349,1349,1349,1763579432.3718941,1763579432.3718941,0.0,49.86882209777832,49.889564514160156
1350,1350,1350,1763579432.421763,1763579432.421763,0.0,49.94320869445801,49.86882209777832
1351,1351,1351,1763579432.4717062,1763579432.4717062,0.0,49.95274543762207,49.94320869445801
1352,1352,1352,1763579432.521659,1763579432.521659,0.0,50.26960372924805,49.95274543762207
1353,1353,1353,1763579432.5719285,1763579432.5719285,0.0,50.07290840148926,50.26960372924805
1354,1354,1354,1763579432.6220014,1763579432.6220014,0.0,49.9265193939209,50.07290840148926
1355,1355,1355,1763579432.671928,1763579432.671928,0.0,50.09579658508301,49.9265193939209
1356,1356,1356,1763579432.7220237,1763579432.7220237,0.0,50.00448226928711,50.09579658508301
1357,1357,1357,1763579432.7720282,1763579432.7720282,0.0,49.83401298522949,50.00448226928711
1358,1358,1358,1763579432.8218622,1763579432.8218622,0.0,49.81684684753418,49.83401298522949
1359,1359,1359,1763579432.871679,1763579432.871679,0.0,49.91769790649414,49.81684684753418
1360,1360,1360,1763579432.9215968,1763579432.9215968,0.0,50.072669982910156,49.91769790649414
1361,1361,1361,1763579432.9716694,1763579432.9716694,0.0,50.32467842102051,50.072669982910156
1362,1362,1362,1763579433.021994,1763579433.021994,0.0,50.16136169433594,50.32467842102051
1363,1363,1363,1763579433.0721555,1763579433.0721555,0.0,49.912452697753906,50.16136169433594
1364,1364,1364,1763579433.122068,1763579433.122068,0.0,49.78823661804199,49.912452697753906
1365,1365,1365,1763579433.1718562,1763579433.1718562,0.0,49.87907409667969,49.78823661804199
1366,1366,1366,1763579433.2217352,1763579433.2217352,0.0,50.1708984375,49.87907409667969
1367,1367,1367,1763579433.2719061,1763579433.2719061,0.0,50.20785331726074,50.1708984375
1368,1368,1368,1763579433.322114,1763579433.322114,0.0,50.015926361083984,50.20785331726074
1369,1369,1369,1763579433.37213,1763579433.37213,0.0,50.01115798950195,50.015926361083984
1370,1370,1370,1763579433.422141,1763579433.422141,0.0,49.710750579833984,50.01115798950195
1371,1371,1371,1763579433.4718518,1763579433.4718518,0.0,49.87359046936035,49.710750579833984
1372,1372,1372,1763579433.5217254,1763579433.5217254,0.0,50.0030517578125,49.87359046936035
1373,1373,1373,1763579433.5717285,1763579433.5717285,0.0,49.340248107910156,50.0030517578125
1374,1374,1374,1763579433.6210687,1763579433.6210687,0.0,49.942970275878906,49.340248107910156
1375,1375,1375,1763579433.6710117,1763579433.6710117,0.0,nan,49.942970275878906
