frame_idx,cam0_idx,cam1_idx,cam0_timestamp_sec,cam1_timestamp_sec,time_diff_ms,cam0_interval_ms,cam1_interval_ms
0,0,0,1763579364.919579,1763579364.8705716,-49.007415771484375,50.19187927246094,49.942970275878906
1,1,1,1763579364.969771,1763579364.919579,-50.19187927246094,50.6744384765625,49.007415771484375
2,2,2,1763579365.0204453,1763579364.969771,-50.6744384765625,50.41098594665527,50.19187927246094
3,3,3,1763579365.0708563,1763579365.0204453,-50.41098594665527,49.92556571960449,50.6744384765625
4,4,4,1763579365.120782,1763579365.0708563,-49.92556571960449,49.84235763549805,50.41098594665527
5,5,5,1763579365.1706243,1763579365.120782,-49.84235763549805,49.688100814819336,49.92556571960449
6,6,6,1763579365.2203124,1763579365.1706243,-49.688100814819336,49.76320266723633,49.84235763549805
7,7,7,1763579365.2700756,1763579365.2203124,-49.76320266723633,50.138235092163086,49.688100814819336
8,8,8,1763579365.3202138,1763579365.2700756,-50.138235092163086,50.188302993774414,49.76320266723633
9,9,9,1763579365.370402,1763579365.3202138,-50.188302993774414,50.0643253326416,50.138235092163086
10,10,10,1763579365.4204664,1763579365.370402,-50.0643253326416,49.970149993896484,50.188302993774414
11,11,11,1763579365.4704366,1763579365.4204664,-49.970149993896484,49.959421157836914,50.0643253326416
12,12,12,1763579365.520396,1763579365.4704366,-49.959421157836914,49.935340881347656,49.970149993896484
13,13,13,1763579365.5703313,1763579365.520396,-49.935340881347656,49.924612045288086,49.959421157836914
14,14,14,1763579365.620256,1763579365.5703313,-49.924612045288086,50.36592483520508,49.935340881347656
15,15,15,1763579365.6706219,1763579365.620256,-50.36592483520508,50.21262168884277,49.924612045288086
16,16,16,1763579365.7208345,1763579365.6706219,-50.21262168884277,50.0788688659668,50.36592483520508
17,17,17,1763579365.7709134,1763579365.7208345,-50.0788688659668,49.8042106628418,50.21262168884277
18,18,18,1763579365.8207176,1763579365.7709134,-49.8042106628418,49.84688758850098,50.0788688659668
19,19,19,1763579365.8705645,1763579365.8207176,-49.84688758850098,49.81637001037598,49.8042106628418
20,20,20,1763579365.9203808,1763579365.8705645,-49.81637001037598,50.10223388671875,49.84688758850098
21,21,21,1763579365.970483,1763579365.9203808,-50.10223388671875,49.8347282409668,49.81637001037598
22,22,22,1763579366.0203178,1763579365.970483,-49.8347282409668,50.0485897064209,50.10223388671875
23,23,23,1763579366.0703664,1763579366.0203178,-50.0485897064209,50.080060958862305,49.8347282409668
24,24,24,1763579366.1204464,1763579366.0703664,-50.080060958862305,49.97992515563965,50.0485897064209
25,25,25,1763579366.1704264,1763579366.1204464,-49.97992515563965,49.98350143432617,50.080060958862305
26,26,26,1763579366.2204099,1763579366.1704264,-49.98350143432617,49.87668991088867,49.97992515563965
27,27,27,1763579366.2702866,1763579366.2204099,-49.87668991088867,50.047874450683594,49.98350143432617
28,28,28,1763579366.3203344,1763579366.2702866,-50.047874450683594,49.857139587402344,49.87668991088867
29,29,29,1763579366.3701916,1763579366.3203344,-49.857139587402344,49.94392395019531,50.047874450683594
30,30,30,1763579366.4201355,1763579366.3701916,-49.94392395019531,50.02284049987793,49.857139587402344
31,31,31,1763579366.4701583,1763579366.4201355,-50.02284049987793,50.22859573364258,49.94392395019531
32,32,32,1763579366.520387,1763579366.4701583,-50.22859573364258,50.060272216796875,50.02284049987793
33,33,33,1763579366.5704472,1763579366.520387,-50.060272216796875,50.080060958862305,50.22859573364258
34,34,34,1763579366.6205273,1763579366.5704472,-50.080060958862305,50.01020431518555,50.060272216796875
35,35,35,1763579366.6705375,1763579366.6205273,-50.01020431518555,49.8356819152832,50.080060958862305
36,36,36,1763579366.7203732,1763579366.6705375,-49.8356819152832,49.845218658447266,50.01020431518555
37,37,37,1763579366.7702184,1763579366.7203732,-49.845218658447266,49.81708526611328,49.8356819152832
38,38,38,1763579366.8200355,1763579366.7702184,-49.81708526611328,50.37522315979004,49.845218658447266
39,39,39,1763579366.8704107,1763579366.8200355,-50.37522315979004,50.165653228759766,49.81708526611328
40,40,40,1763579366.9205763,1763579366.8704107,-50.165653228759766,49.88670349121094,50.37522315979004
41,41,41,1763579366.970463,1763579366.9205763,-49.88670349121094,49.9269962310791,50.165653228759766
42,42,42,1763579367.02039,1763579366.970463,-49.9269962310791,49.92079734802246,49.88670349121094
43,43,43,1763579367.0703108,1763579367.02039,-49.92079734802246,49.99804496765137,49.9269962310791
44,44,44,1763579367.1203089,1763579367.0703108,-49.99804496765137,50.03786087036133,49.92079734802246
45,45,45,1763579367.1703467,1763579367.1203089,-50.03786087036133,49.96156692504883,49.99804496765137
46,46,46,1763579367.2203083,1763579367.1703467,-49.96156692504883,50.049543380737305,50.03786087036133
47,47,47,1763579367.2703578,1763579367.2203083,-50.049543380737305,50.17352104187012,49.96156692504883
48,48,48,1763579367.3205314,1763579367.2703578,-50.17352104187012,50.43530464172363,50.049543380737305
49,49,49,1763579367.3709667,1763579367.3205314,-50.43530464172363,50.11153221130371,50.17352104187012
50,50,50,1763579367.4210782,1763579367.3709667,-50.11153221130371,49.811363220214844,50.43530464172363
51,51,51,1763579367.4708896,1763579367.4210782,-49.811363220214844,49.735307693481445,50.11153221130371
52,52,52,1763579367.5206249,1763579367.4708896,-49.735307693481445,49.964189529418945,49.811363220214844
53,53,53,1763579367.570589,1763579367.5206249,-49.964189529418945,49.87525939941406,49.735307693481445
54,54,54,1763579367.6204643,1763579367.570589,-49.87525939941406,49.722909927368164,49.964189529418945
55,55,55,1763579367.6701872,1763579367.6204643,-49.722909927368164,49.87597465515137,49.87525939941406
56,56,56,1763579367.7200632,1763579367.6701872,-49.87597465515137,50.18806457519531,49.722909927368164
57,57,57,1763579367.7702513,1763579367.7200632,-50.18806457519531,50.128936767578125,49.87597465515137
58,58,58,1763579367.8203802,1763579367.7702513,-50.128936767578125,49.97086524963379,50.18806457519531
59,59,59,1763579367.870351,1763579367.8203802,-49.97086524963379,49.94916915893555,50.128936767578125
60,60,60,1763579367.9203002,1763579367.870351,-49.94916915893555,50.47106742858887,49.97086524963379
61,61,61,1763579367.9707713,1763579367.9203002,-50.47106742858887,50.17900466918945,49.94916915893555
62,62,62,1763579368.0209503,1763579367.9707713,-50.17900466918945,49.80921745300293,50.47106742858887
63,63,63,1763579368.0707595,1763579368.0209503,-49.80921745300293,49.61442947387695,50.17900466918945
64,64,64,1763579368.120374,1763579368.0707595,-49.61442947387695,49.82900619506836,49.80921745300293
65,65,65,1763579368.170203,1763579368.120374,-49.82900619506836,50.005435943603516,49.61442947387695
66,66,66,1763579368.2202084,1763579368.170203,-50.005435943603516,50.23336410522461,49.82900619506836
67,67,67,1763579368.2704418,1763579368.2202084,-50.23336410522461,50.132036209106445,50.005435943603516
68,68,68,1763579368.3205738,1763579368.2704418,-50.132036209106445,49.92413520812988,50.23336410522461
69,69,69,1763579368.370498,1763579368.3205738,-49.92413520812988,49.93486404418945,50.132036209106445
70,70,70,1763579368.4204328,1763579368.370498,-49.93486404418945,49.83329772949219,49.92413520812988
71,71,71,1763579368.470266,1763579368.4204328,-49.83329772949219,49.930572509765625,49.93486404418945
72,72,72,1763579368.5201967,1763579368.470266,-49.930572509765625,50.04143714904785,49.83329772949219
73,73,73,1763579368.570238,1763579368.5201967,-50.04143714904785,50.000905990600586,49.930572509765625
74,74,74,1763579368.620239,1763579368.570238,-50.000905990600586,49.97134208679199,50.04143714904785
75,75,75,1763579368.6702104,1763579368.620239,-49.97134208679199,49.94058609008789,50.000905990600586
76,76,76,1763579368.720151,1763579368.6702104,-49.94058609008789,50.07791519165039,49.97134208679199
77,77,77,1763579368.7702289,1763579368.720151,-50.07791519165039,50.11463165283203,49.94058609008789
78,78,78,1763579368.8203435,1763579368.7702289,-50.11463165283203,50.28176307678223,50.07791519165039
79,79,79,1763579368.8706253,1763579368.8203435,-50.28176307678223,50.0640869140625,50.11463165283203
80,80,80,1763579368.9206893,1763579368.8706253,-50.0640869140625,49.66425895690918,50.28176307678223
81,81,81,1763579368.9703536,1763579368.9206893,-49.66425895690918,49.88384246826172,50.0640869140625
82,82,82,1763579369.0202374,1763579368.9703536,-49.88384246826172,49.89814758300781,49.66425895690918
83,83,83,1763579369.0701356,1763579369.0202374,-49.89814758300781,50.01258850097656,49.88384246826172
84,84,84,1763579369.1201482,1763579369.0701356,-50.01258850097656,50.15897750854492,49.89814758300781
85,85,85,1763579369.1703072,1763579369.1201482,-50.15897750854492,50.1093864440918,50.01258850097656
86,86,86,1763579369.2204165,1763579369.1703072,-50.1093864440918,50.08387565612793,50.15897750854492
87,87,87,1763579369.2705004,1763579369.2204165,-50.08387565612793,49.8964786529541,50.1093864440918
88,88,88,1763579369.320397,1763579369.2705004,-49.8964786529541,49.726247787475586,50.08387565612793
89,89,89,1763579369.3701231,1763579369.320397,-49.726247787475586,50.37283897399902,49.8964786529541
90,90,90,1763579369.420496,1763579369.3701231,-50.37283897399902,50.13251304626465,49.726247787475586
91,91,91,1763579369.4706285,1763579369.420496,-50.13251304626465,49.93462562561035,50.37283897399902
92,92,92,1763579369.5205631,1763579369.4706285,-49.93462562561035,50.151824951171875,50.13251304626465
93,93,93,1763579369.570715,1763579369.5205631,-50.151824951171875,50.164222717285156,49.93462562561035
94,94,94,1763579369.6208792,1763579369.570715,-50.164222717285156,50.6281852722168,50.151824951171875
95,95,95,1763579369.6715074,1763579369.6208792,-50.6281852722168,50.34637451171875,50.164222717285156
96,96,96,1763579369.7218537,1763579369.6715074,-50.34637451171875,49.942970275878906,50.6281852722168
97,97,97,1763579369.7717967,1763579369.7218537,-49.942970275878906,49.60060119628906,50.34637451171875
98,98,98,1763579369.8213973,1763579369.7717967,-49.60060119628906,49.64876174926758,49.942970275878906
99,99,99,1763579369.871046,1763579369.8213973,-49.64876174926758,50.01235008239746,49.60060119628906
100,100,100,1763579369.9210584,1763579369.871046,-50.01235008239746,50.17662048339844,49.64876174926758
101,101,101,1763579369.971235,1763579369.9210584,-50.17662048339844,50.54807662963867,50.01235008239746
102,102,102,1763579370.021783,1763579369.971235,-50.54807662963867,50.07433891296387,50.17662048339844
103,103,103,1763579370.0718575,1763579370.021783,-50.07433891296387,49.67522621154785,50.54807662963867
104,104,104,1763579370.1215327,1763579370.0718575,-49.67522621154785,49.58152770996094,50.07433891296387
105,105,105,1763579370.1711142,1763579370.1215327,-49.58152770996094,50.11701583862305,49.67522621154785
106,106,106,1763579370.2212312,1763579370.1711142,-50.11701583862305,50.06837844848633,49.58152770996094
107,107,107,1763579370.2712996,1763579370.2212312,-50.06837844848633,50.12774467468262,50.11701583862305
108,108,108,1763579370.3214273,1763579370.2712996,-50.12774467468262,50.054073333740234,50.06837844848633
109,109,109,1763579370.3714814,1763579370.3214273,-50.054073333740234,49.921512603759766,50.12774467468262
110,110,110,1763579370.421403,1763579370.3714814,-49.921512603759766,49.83639717102051,50.054073333740234
111,111,111,1763579370.4712393,1763579370.421403,-49.83639717102051,50.01997947692871,49.921512603759766
112,112,112,1763579370.5212593,1763579370.4712393,-50.01997947692871,50.13728141784668,49.83639717102051
113,113,113,1763579370.5713966,1763579370.5212593,-50.13728141784668,50.10366439819336,50.01997947692871
114,114,114,1763579370.6215003,1763579370.5713966,-50.10366439819336,49.96538162231445,50.13728141784668
115,115,115,1763579370.6714656,1763579370.6215003,-49.96538162231445,49.90029335021973,50.10366439819336
116,116,116,1763579370.721366,1763579370.6714656,-49.90029335021973,50.176143646240234,49.96538162231445
117,117,117,1763579370.771542,1763579370.721366,-50.176143646240234,50.21333694458008,49.90029335021973
118,118,118,1763579370.8217554,1763579370.771542,-50.21333694458008,50.06146430969238,50.176143646240234
119,119,119,1763579370.8718169,1763579370.8217554,-50.06146430969238,49.86238479614258,50.21333694458008
120,120,120,1763579370.9216793,1763579370.8718169,-49.86238479614258,49.71146583557129,50.06146430969238
121,121,121,1763579370.9713907,1763579370.9216793,-49.71146583557129,49.73173141479492,49.86238479614258
122,122,122,1763579371.0211225,1763579370.9713907,-49.73173141479492,50.26602745056152,49.71146583557129
123,123,123,1763579371.0713885,1763579371.0211225,-50.26602745056152,50.11129379272461,49.73173141479492
124,124,124,1763579371.1214998,1763579371.0713885,-50.11129379272461,49.9570369720459,50.26602745056152
125,125,125,1763579371.1714568,1763579371.1214998,-49.9570369720459,49.832820892333984,50.11129379272461
126,126,126,1763579371.2212896,1763579371.1714568,-49.832820892333984,50.440311431884766,49.9570369720459
127,127,127,1763579371.27173,1763579371.2212896,-50.440311431884766,50.60553550720215,49.832820892333984
128,128,128,1763579371.3223355,1763579371.27173,-50.60553550720215,51.02109909057617,50.440311431884766
129,129,129,1763579371.3733566,1763579371.3223355,-51.02109909057617,50.48036575317383,50.60553550720215
130,130,130,1763579371.423837,1763579371.3733566,-50.48036575317383,49.532175064086914,51.02109909057617
131,131,131,1763579371.4733691,1763579371.423837,-49.532175064086914,49.40676689147949,50.48036575317383
132,132,132,1763579371.522776,1763579371.4733691,-49.40676689147949,49.54195022583008,49.532175064086914
133,133,133,1763579371.5723178,1763579371.522776,-49.54195022583008,49.90410804748535,49.40676689147949
134,134,134,1763579371.622222,1763579371.5723178,-49.90410804748535,50.39691925048828,49.54195022583008
135,135,135,1763579371.6726189,1763579371.622222,-50.39691925048828,50.40097236633301,49.90410804748535
136,136,136,1763579371.7230198,1763579371.6726189,-50.40097236633301,50.017356872558594,50.39691925048828
137,137,137,1763579371.7730372,1763579371.7230198,-50.017356872558594,50.06861686706543,50.40097236633301
138,138,138,1763579371.8231058,1763579371.7730372,-50.06861686706543,50.02164840698242,50.017356872558594
139,139,139,1763579371.8731275,1763579371.8231058,-50.02164840698242,49.72076416015625,50.06861686706543
140,140,140,1763579371.9228482,1763579371.8731275,-49.72076416015625,49.62587356567383,50.02164840698242
141,141,141,1763579371.972474,1763579371.9228482,-49.62587356567383,49.909353256225586,49.72076416015625
142,142,142,1763579372.0223835,1763579371.972474,-49.909353256225586,50.20594596862793,49.62587356567383
143,143,143,1763579372.0725894,1763579372.0223835,-50.20594596862793,50.30226707458496,49.909353256225586
144,144,144,1763579372.1228917,1763579372.0725894,-50.30226707458496,50.258636474609375,50.20594596862793
145,145,145,1763579372.1731503,1763579372.1228917,-50.258636474609375,50.09150505065918,50.30226707458496
146,146,146,1763579372.2232418,1763579372.1731503,-50.09150505065918,49.74484443664551,50.258636474609375
147,147,147,1763579372.2729867,1763579372.2232418,-49.74484443664551,49.63397979736328,50.09150505065918
148,148,148,1763579372.3226206,1763579372.2729867,-49.63397979736328,49.976348876953125,49.74484443664551
149,149,149,1763579372.372597,1763579372.3226206,-49.976348876953125,50.28891563415527,49.63397979736328
150,150,150,1763579372.422886,1763579372.372597,-50.28891563415527,50.252676010131836,49.976348876953125
151,151,151,1763579372.4731386,1763579372.422886,-50.252676010131836,50.2324104309082,50.28891563415527
152,152,152,1763579372.523371,1763579372.4731386,-50.2324104309082,49.836158752441406,50.252676010131836
153,153,153,1763579372.5732071,1763579372.523371,-49.836158752441406,49.54028129577637,50.2324104309082
154,154,154,1763579372.6227474,1763579372.5732071,-49.54028129577637,49.56960678100586,49.836158752441406
155,155,155,1763579372.672317,1763579372.6227474,-49.56960678100586,50.057172775268555,49.54028129577637
156,156,156,1763579372.7223742,1763579372.672317,-50.057172775268555,50.559043884277344,49.56960678100586
157,157,157,1763579372.7729332,1763579372.7223742,-50.559043884277344,50.45318603515625,50.057172775268555
158,158,158,1763579372.8233864,1763579372.7729332,-50.45318603515625,49.818992614746094,50.559043884277344
159,159,159,1763579372.8732054,1763579372.8233864,-49.818992614746094,49.752235412597656,50.45318603515625
160,160,160,1763579372.9229577,1763579372.8732054,-49.752235412597656,49.53789710998535,49.818992614746094
161,161,161,1763579372.9724956,1763579372.9229577,-49.53789710998535,49.895286560058594,49.752235412597656
162,162,162,1763579373.0223908,1763579372.9724956,-49.895286560058594,50.20642280578613,49.53789710998535
163,163,163,1763579373.0725973,1763579373.0223908,-50.20642280578613,50.434112548828125,49.895286560058594
164,164,164,1763579373.1230314,1763579373.0725973,-50.434112548828125,50.2316951751709,50.20642280578613
165,165,165,1763579373.173263,1763579373.1230314,-50.2316951751709,50.03237724304199,50.434112548828125
166,166,166,1763579373.2232955,1763579373.173263,-50.03237724304199,49.61133003234863,50.2316951751709
167,167,167,1763579373.2729068,1763579373.2232955,-49.61133003234863,49.67164993286133,50.03237724304199
168,168,168,1763579373.3225784,1763579373.2729068,-49.67164993286133,49.85952377319336,49.61133003234863
169,169,169,1763579373.372438,1763579373.3225784,-49.85952377319336,50.168514251708984,49.67164993286133
170,170,170,1763579373.4226065,1763579373.372438,-50.168514251708984,50.23765563964844,49.85952377319336
171,171,171,1763579373.4728441,1763579373.4226065,-50.23765563964844,50.1399040222168,50.168514251708984
172,172,172,1763579373.522984,1763579373.4728441,-50.1399040222168,49.898624420166016,50.23765563964844
173,173,173,1763579373.5728827,1763579373.522984,-49.898624420166016,49.78060722351074,50.1399040222168
174,174,174,1763579373.6226633,1763579373.5728827,-49.78060722351074,50.07314682006836,49.898624420166016
175,175,175,1763579373.6727364,1763579373.6226633,-50.07314682006836,50.05216598510742,49.78060722351074
176,176,176,1763579373.7227886,1763579373.6727364,-50.05216598510742,49.927711486816406,50.07314682006836
177,177,177,1763579373.7727163,1763579373.7227886,-49.927711486816406,50.07576942443848,50.05216598510742
178,178,178,1763579373.822792,1763579373.7727163,-50.07576942443848,50.173282623291016,49.927711486816406
179,179,179,1763579373.8729653,1763579373.822792,-50.173282623291016,49.99184608459473,50.07576942443848
180,180,180,1763579373.9229572,1763579373.8729653,-49.99184608459473,49.80015754699707,50.173282623291016
181,181,181,1763579373.9727573,1763579373.9229572,-49.80015754699707,49.92175102233887,49.99184608459473
182,182,182,1763579374.022679,1763579373.9727573,-49.92175102233887,49.9880313873291,49.80015754699707
183,183,183,1763579374.0726671,1763579374.022679,-49.9880313873291,50.02403259277344,49.92175102233887
184,184,184,1763579374.1226912,1763579374.0726671,-50.02403259277344,50.17447471618652,49.9880313873291
185,185,185,1763579374.1728656,1763579374.1226912,-50.17447471618652,50.15754699707031,50.02403259277344
186,186,186,1763579374.2230232,1763579374.1728656,-50.15754699707031,50.011396408081055,50.17447471618652
187,187,187,1763579374.2730346,1763579374.2230232,-50.011396408081055,49.80754852294922,50.15754699707031
188,188,188,1763579374.3228421,1763579374.2730346,-49.80754852294922,49.86882209777832,50.011396408081055
189,189,189,1763579374.372711,1763579374.3228421,-49.86882209777832,49.855947494506836,49.80754852294922
190,190,190,1763579374.422567,1763579374.372711,-49.855947494506836,50.1561164855957,49.86882209777832
191,191,191,1763579374.472723,1763579374.422567,-50.1561164855957,50.29559135437012,49.855947494506836
192,192,192,1763579374.5230186,1763579374.472723,-50.29559135437012,50.10366439819336,50.1561164855957
193,193,193,1763579374.5731223,1763579374.5230186,-50.10366439819336,50.08959770202637,50.29559135437012
194,194,194,1763579374.6232119,1763579374.5731223,-50.08959770202637,49.87335205078125,50.10366439819336
195,195,195,1763579374.6730852,1763579374.6232119,-49.87335205078125,49.88908767700195,50.08959770202637
196,196,196,1763579374.7229743,1763579374.6730852,-49.88908767700195,49.90410804748535,49.87335205078125
197,197,197,1763579374.7728784,1763579374.7229743,-49.90410804748535,49.810171127319336,49.88908767700195
198,198,198,1763579374.8226886,1763579374.7728784,-49.810171127319336,49.90553855895996,49.90410804748535
199,199,199,1763579374.872594,1763579374.8226886,-49.90553855895996,50.11248588562012,49.810171127319336
200,200,200,1763579374.9227066,1763579374.872594,-50.11248588562012,50.0636100769043,49.90553855895996
201,201,201,1763579374.9727702,1763579374.9227066,-50.0636100769043,49.971580505371094,50.11248588562012
202,202,202,1763579375.0227418,1763579374.9727702,-49.971580505371094,50.18734931945801,50.0636100769043
203,203,203,1763579375.0729291,1763579375.0227418,-50.18734931945801,50.005197525024414,49.971580505371094
204,204,204,1763579375.1229343,1763579375.0729291,-50.005197525024414,49.98064041137695,50.18734931945801
205,205,205,1763579375.172915,1763579375.1229343,-49.98064041137695,50.067901611328125,50.005197525024414
206,206,206,1763579375.222983,1763579375.172915,-50.067901611328125,49.844980239868164,49.98064041137695
207,207,207,1763579375.2728279,1763579375.222983,-49.844980239868164,50.00114440917969,50.067901611328125
208,208,208,1763579375.322829,1763579375.2728279,-50.00114440917969,50.16946792602539,49.844980239868164
209,209,209,1763579375.3729985,1763579375.322829,-50.16946792602539,50.159454345703125,50.00114440917969
210,210,210,1763579375.423158,1763579375.3729985,-50.159454345703125,49.8199462890625,50.16946792602539
211,211,211,1763579375.4729779,1763579375.423158,-49.8199462890625,49.802541732788086,50.159454345703125
212,212,212,1763579375.5227804,1763579375.4729779,-49.802541732788086,49.91030693054199,49.8199462890625
213,213,213,1763579375.5726907,1763579375.5227804,-49.91030693054199,50.0490665435791,49.802541732788086
214,214,214,1763579375.6227398,1763579375.5726907,-50.0490665435791,50.20618438720703,49.91030693054199
215,215,215,1763579375.672946,1763579375.6227398,-50.20618438720703,50.041913986206055,50.0490665435791
216,216,216,1763579375.722988,1763579375.672946,-50.041913986206055,49.85857009887695,50.20618438720703
217,217,217,1763579375.7728465,1763579375.722988,-49.85857009887695,49.8046875,50.041913986206055
218,218,218,1763579375.8226511,1763579375.7728465,-49.8046875,49.87192153930664,49.85857009887695
219,219,219,1763579375.872523,1763579375.8226511,-49.87192153930664,50.041913986206055,49.8046875
220,220,220,1763579375.922565,1763579375.872523,-50.041913986206055,50.11892318725586,49.87192153930664
221,221,221,1763579375.972684,1763579375.922565,-50.11892318725586,50.22072792053223,50.041913986206055
222,222,222,1763579376.0229046,1763579375.972684,-50.22072792053223,49.99852180480957,50.11892318725586
223,223,223,1763579376.0729032,1763579376.0229046,-49.99852180480957,50.00424385070801,50.22072792053223
224,224,224,1763579376.1229074,1763579376.0729032,-50.00424385070801,49.76391792297363,49.99852180480957
225,225,225,1763579376.1726713,1763579376.1229074,-49.76391792297363,51.17654800415039,50.00424385070801
226,226,226,1763579376.2238479,1763579376.1726713,-51.17654800415039,49.90863800048828,49.76391792297363
227,227,227,1763579376.2737565,1763579376.2238479,-49.90863800048828,49.17192459106445,51.17654800415039
228,228,228,1763579376.3229284,1763579376.2737565,-49.17192459106445,49.54695701599121,49.90863800048828
229,229,229,1763579376.3724754,1763579376.3229284,-49.54695701599121,49.907684326171875,49.17192459106445
230,230,230,1763579376.422383,1763579376.3724754,-49.907684326171875,50.10223388671875,49.54695701599121
231,231,231,1763579376.4724853,1763579376.422383,-50.10223388671875,50.30202865600586,49.907684326171875
232,232,232,1763579376.5227873,1763579376.4724853,-50.30202865600586,50.240278244018555,50.10223388671875
233,233,233,1763579376.5730276,1763579376.5227873,-50.240278244018555,50.028085708618164,50.30202865600586
234,234,234,1763579376.6230557,1763579376.5730276,-50.028085708618164,49.76177215576172,50.240278244018555
235,235,235,1763579376.6728175,1763579376.6230557,-49.76177215576172,49.78013038635254,50.028085708618164
236,236,236,1763579376.7225976,1763579376.6728175,-49.78013038635254,49.94654655456543,49.76177215576172
237,237,237,1763579376.7725441,1763579376.7225976,-49.94654655456543,50.2166748046875,49.78013038635254
238,238,238,1763579376.8227608,1763579376.7725441,-50.2166748046875,50.19021034240723,49.94654655456543
239,239,239,1763579376.872951,1763579376.8227608,-50.19021034240723,50.07791519165039,50.2166748046875
240,240,240,1763579376.923029,1763579376.872951,-50.07791519165039,49.79968070983887,50.19021034240723
241,241,241,1763579376.9728286,1763579376.923029,-49.79968070983887,49.81851577758789,50.07791519165039
242,242,242,1763579377.0226471,1763579376.9728286,-49.81851577758789,50.10175704956055,49.79968070983887
243,243,243,1763579377.072749,1763579377.0226471,-50.10175704956055,50.20642280578613,49.81851577758789
244,244,244,1763579377.1229553,1763579377.072749,-50.20642280578613,50.028324127197266,50.10175704956055
245,245,245,1763579377.1729836,1763579377.1229553,-50.028324127197266,49.80826377868652,50.20642280578613
246,246,246,1763579377.222792,1763579377.1729836,-49.80826377868652,49.90267753601074,50.028324127197266
247,247,247,1763579377.2726946,1763579377.222792,-49.90267753601074,49.951791763305664,49.80826377868652
248,248,248,1763579377.3226464,1763579377.2726946,-49.951791763305664,50.02021789550781,49.90267753601074
249,249,249,1763579377.3726666,1763579377.3226464,-50.02021789550781,50.12869834899902,49.951791763305664
250,250,250,1763579377.4227953,1763579377.3726666,-50.12869834899902,50.06527900695801,50.02021789550781
251,251,251,1763579377.4728606,1763579377.4227953,-50.06527900695801,50.06098747253418,50.12869834899902
252,252,252,1763579377.5229216,1763579377.4728606,-50.06098747253418,50.12702941894531,50.06527900695801
253,253,253,1763579377.5730486,1763579377.5229216,-50.12702941894531,50.05645751953125,50.06098747253418
254,254,254,1763579377.623105,1763579377.5730486,-50.05645751953125,50.009727478027344,50.12702941894531
255,255,255,1763579377.6731148,1763579377.623105,-50.009727478027344,49.63994026184082,50.05645751953125
256,256,256,1763579377.7227547,1763579377.6731148,-49.63994026184082,49.66163635253906,50.009727478027344
257,257,257,1763579377.7724164,1763579377.7227547,-49.66163635253906,50.063371658325195,49.63994026184082
258,258,258,1763579377.8224797,1763579377.7724164,-50.063371658325195,50.278425216674805,49.66163635253906
259,259,259,1763579377.8727582,1763579377.8224797,-50.278425216674805,50.234317779541016,50.063371658325195
260,260,260,1763579377.9229925,1763579377.8727582,-50.234317779541016,50.01974105834961,50.278425216674805
261,261,261,1763579377.9730122,1763579377.9229925,-50.01974105834961,50.06551742553711,50.234317779541016
262,262,262,1763579378.0230777,1763579377.9730122,-50.06551742553711,49.916744232177734,50.01974105834961
263,263,263,1763579378.0729945,1763579378.0230777,-49.916744232177734,49.67665672302246,50.06551742553711
264,264,264,1763579378.1226711,1763579378.0729945,-49.67665672302246,49.80945587158203,49.916744232177734
265,265,265,1763579378.1724806,1763579378.1226711,-49.80945587158203,50.003767013549805,49.67665672302246
266,266,266,1763579378.2224844,1763579378.1724806,-50.003767013549805,50.353288650512695,49.80945587158203
267,267,267,1763579378.2728376,1763579378.2224844,-50.353288650512695,50.28390884399414,50.003767013549805
268,268,268,1763579378.3231215,1763579378.2728376,-50.28390884399414,50.10056495666504,50.353288650512695
269,269,269,1763579378.373222,1763579378.3231215,-50.10056495666504,49.883127212524414,50.28390884399414
270,270,270,1763579378.4231052,1763579378.373222,-49.883127212524414,49.84116554260254,50.10056495666504
271,271,271,1763579378.4729464,1763579378.4231052,-49.84116554260254,49.91602897644043,49.883127212524414
272,272,272,1763579378.5228624,1763579378.4729464,-49.91602897644043,49.842119216918945,49.84116554260254
273,273,273,1763579378.5727046,1763579378.5228624,-49.842119216918945,49.9267578125,49.91602897644043
274,274,274,1763579378.6226313,1763579378.5727046,-49.9267578125,50.37260055541992,49.842119216918945
275,275,275,1763579378.673004,1763579378.6226313,-50.37260055541992,50.113677978515625,49.9267578125
276,276,276,1763579378.7231176,1763579378.673004,-50.113677978515625,49.7586727142334,50.37260055541992
277,277,277,1763579378.7728763,1763579378.7231176,-49.7586727142334,49.08299446105957,50.113677978515625
278,278,278,1763579378.8219593,1763579378.7728763,-49.08299446105957,49.230337142944336,49.7586727142334
279,279,279,1763579378.8711896,1763579378.8219593,-49.230337142944336,49.65496063232422,49.08299446105957
280,280,280,1763579378.9208446,1763579378.8711896,-49.65496063232422,50.28796195983887,49.230337142944336
281,281,281,1763579378.9711325,1763579378.9208446,-50.28796195983887,50.67157745361328,49.65496063232422
282,282,282,1763579379.021804,1763579378.9711325,-50.67157745361328,50.61984062194824,50.28796195983887
283,283,283,1763579379.072424,1763579379.021804,-50.61984062194824,49.345970153808594,50.67157745361328
284,284,284,1763579379.12177,1763579379.072424,-49.345970153808594,48.88606071472168,50.61984062194824
285,285,285,1763579379.170656,1763579379.12177,-48.88606071472168,49.025535583496094,49.345970153808594
286,286,286,1763579379.2196815,1763579379.170656,-49.025535583496094,49.87668991088867,48.88606071472168
287,287,287,1763579379.2695582,1763579379.2196815,-49.87668991088867,50.66418647766113,49.025535583496094
288,288,288,1763579379.3202224,1763579379.2695582,-50.66418647766113,50.77552795410156,49.87668991088867
289,289,289,1763579379.370998,1763579379.3202224,-50.77552795410156,50.00734329223633,50.66418647766113
290,290,290,1763579379.4210052,1763579379.370998,-50.00734329223633,49.63111877441406,50.77552795410156
291,291,291,1763579379.4706364,1763579379.4210052,-49.63111877441406,49.53169822692871,50.00734329223633
292,292,292,1763579379.520168,1763579379.4706364,-49.53169822692871,49.76534843444824,49.63111877441406
293,293,293,1763579379.5699334,1763579379.520168,-49.76534843444824,50.21834373474121,49.53169822692871
294,294,294,1763579379.6201518,1763579379.5699334,-50.21834373474121,50.455331802368164,49.76534843444824
295,295,295,1763579379.670607,1763579379.6201518,-50.455331802368164,50.30322074890137,50.21834373474121
296,296,296,1763579379.7209103,1763579379.670607,-50.30322074890137,50.09865760803223,50.455331802368164
297,297,297,1763579379.771009,1763579379.7209103,-50.09865760803223,49.70955848693848,50.30322074890137
298,298,298,1763579379.8207185,1763579379.771009,-49.70955848693848,49.57747459411621,50.09865760803223
299,299,299,1763579379.870296,1763579379.8207185,-49.57747459411621,49.68762397766113,49.70955848693848
300,300,300,1763579379.9199836,1763579379.870296,-49.68762397766113,50.258636474609375,49.57747459411621
301,301,301,1763579379.9702423,1763579379.9199836,-50.258636474609375,50.50325393676758,49.68762397766113
302,302,302,1763579380.0207455,1763579379.9702423,-50.50325393676758,50.20642280578613,50.258636474609375
303,303,303,1763579380.070952,1763579380.0207455,-50.20642280578613,49.690961837768555,50.50325393676758
304,304,304,1763579380.120643,1763579380.070952,-49.690961837768555,49.74079132080078,50.20642280578613
305,305,305,1763579380.1703837,1763579380.120643,-49.74079132080078,49.8197078704834,49.690961837768555
306,306,306,1763579380.2202034,1763579380.1703837,-49.8197078704834,49.9424934387207,49.74079132080078
307,307,307,1763579380.270146,1763579380.2202034,-49.9424934387207,50.05335807800293,49.8197078704834
308,308,308,1763579380.3201993,1763579380.270146,-50.05335807800293,50.22454261779785,49.9424934387207
309,309,309,1763579380.3704238,1763579380.3201993,-50.22454261779785,50.180912017822266,50.05335807800293
310,310,310,1763579380.4206047,1763579380.3704238,-50.180912017822266,50.04382133483887,50.22454261779785
311,311,311,1763579380.4706485,1763579380.4206047,-50.04382133483887,49.74365234375,50.180912017822266
312,312,312,1763579380.5203922,1763579380.4706485,-49.74365234375,49.78537559509277,50.04382133483887
313,313,313,1763579380.5701776,1763579380.5203922,-49.78537559509277,49.94916915893555,49.74365234375
314,314,314,1763579380.6201267,1763579380.5701776,-49.94916915893555,50.1561164855957,49.78537559509277
315,315,315,1763579380.6702828,1763579380.6201267,-50.1561164855957,50.31132698059082,49.94916915893555
316,316,316,1763579380.7205942,1763579380.6702828,-50.31132698059082,50.284385681152344,50.1561164855957
317,317,317,1763579380.7708786,1763579380.7205942,-50.284385681152344,49.74985122680664,50.31132698059082
318,318,318,1763579380.8206284,1763579380.7708786,-49.74985122680664,49.55458641052246,50.284385681152344
319,319,319,1763579380.870183,1763579380.8206284,-49.55458641052246,50.00138282775879,49.74985122680664
320,320,320,1763579380.9201844,1763579380.870183,-50.00138282775879,50.06122589111328,49.55458641052246
321,321,321,1763579380.9702456,1763579380.9201844,-50.06122589111328,50.18115043640137,50.00138282775879
322,322,322,1763579381.0204268,1763579380.9702456,-50.18115043640137,50.30202865600586,50.06122589111328
323,323,323,1763579381.0707288,1763579381.0204268,-50.30202865600586,49.973249435424805,50.18115043640137
324,324,324,1763579381.120702,1763579381.0707288,-49.973249435424805,49.82638359069824,50.30202865600586
325,325,325,1763579381.1705284,1763579381.120702,-49.82638359069824,49.706220626831055,49.973249435424805
326,326,326,1763579381.2202346,1763579381.1705284,-49.706220626831055,49.95989799499512,49.82638359069824
327,327,327,1763579381.2701945,1763579381.2202346,-49.95989799499512,49.999237060546875,49.706220626831055
328,328,328,1763579381.3201938,1763579381.2701945,-49.999237060546875,50.154924392700195,49.95989799499512
329,329,329,1763579381.3703487,1763579381.3201938,-50.154924392700195,50.170183181762695,49.999237060546875
330,330,330,1763579381.4205189,1763579381.3703487,-50.170183181762695,50.054311752319336,50.154924392700195
331,331,331,1763579381.4705732,1763579381.4205189,-50.054311752319336,50.011634826660156,50.170183181762695
332,332,332,1763579381.5205848,1763579381.4705732,-50.011634826660156,50.04262924194336,50.054311752319336
333,333,333,1763579381.5706275,1763579381.5205848,-50.04262924194336,49.74818229675293,50.011634826660156
334,334,334,1763579381.6203756,1763579381.5706275,-49.74818229675293,49.80301856994629,50.04262924194336
335,335,335,1763579381.6701787,1763579381.6203756,-49.80301856994629,49.95155334472656,49.74818229675293
336,336,336,1763579381.7201302,1763579381.6701787,-49.95155334472656,50.14228820800781,49.80301856994629
337,337,337,1763579381.7702725,1763579381.7201302,-50.14228820800781,50.16016960144043,49.95155334472656
338,338,338,1763579381.8204327,1763579381.7702725,-50.16016960144043,50.0788688659668,50.14228820800781
339,339,339,1763579381.8705115,1763579381.8204327,-50.0788688659668,49.92413520812988,50.16016960144043
340,340,340,1763579381.9204357,1763579381.8705115,-49.92413520812988,50.1706600189209,50.0788688659668
341,341,341,1763579381.9706063,1763579381.9204357,-50.1706600189209,49.89027976989746,49.92413520812988
342,342,342,1763579382.0204966,1763579381.9706063,-49.89027976989746,49.78752136230469,50.1706600189209
343,343,343,1763579382.0702841,1763579382.0204966,-49.78752136230469,49.825191497802734,49.89027976989746
344,344,344,1763579382.1201093,1763579382.0702841,-49.825191497802734,50.21977424621582,49.78752136230469
345,345,345,1763579382.170329,1763579382.1201093,-50.21977424621582,50.10652542114258,49.825191497802734
346,346,346,1763579382.2204356,1763579382.170329,-50.10652542114258,49.99828338623047,50.21977424621582
347,347,347,1763579382.270434,1763579382.2204356,-49.99828338623047,49.95870590209961,50.10652542114258
348,348,348,1763579382.3203926,1763579382.270434,-49.95870590209961,49.86238479614258,49.99828338623047
349,349,349,1763579382.370255,1763579382.3203926,-49.86238479614258,49.91006851196289,49.95870590209961
350,350,350,1763579382.420165,1763579382.370255,-49.91006851196289,50.02331733703613,49.86238479614258
351,351,351,1763579382.4701884,1763579382.420165,-50.02331733703613,50.07171630859375,49.91006851196289
352,352,352,1763579382.52026,1763579382.4701884,-50.07171630859375,50.12011528015137,50.02331733703613
353,353,353,1763579382.5703802,1763579382.52026,-50.12011528015137,50.03070831298828,50.07171630859375
354,354,354,1763579382.620411,1763579382.5703802,-50.03070831298828,49.869537353515625,50.12011528015137
355,355,355,1763579382.6702805,1763579382.620411,-49.869537353515625,49.96061325073242,50.03070831298828
356,356,356,1763579382.720241,1763579382.6702805,-49.96061325073242,50.06980895996094,49.869537353515625
357,357,357,1763579382.7703109,1763579382.720241,-50.06980895996094,50.03666877746582,49.96061325073242
358,358,358,1763579382.8203475,1763579382.7703109,-50.03666877746582,49.99494552612305,50.06980895996094
359,359,359,1763579382.8703425,1763579382.8203475,-49.99494552612305,50.124406814575195,50.03666877746582
360,360,360,1763579382.920467,1763579382.8703425,-50.124406814575195,50.05240440368652,49.99494552612305
361,361,361,1763579382.9705193,1763579382.920467,-50.05240440368652,49.9873161315918,50.124406814575195
362,362,362,1763579383.0205066,1763579382.9705193,-49.9873161315918,49.83019828796387,50.05240440368652
363,363,363,1763579383.0703368,1763579383.0205066,-49.83019828796387,50.01473426818848,49.9873161315918
364,364,364,1763579383.1203516,1763579383.0703368,-50.01473426818848,50.071001052856445,49.83019828796387
365,365,365,1763579383.1704226,1763579383.1203516,-50.071001052856445,49.965858459472656,50.01473426818848
366,366,366,1763579383.2203884,1763579383.1704226,-49.965858459472656,49.89314079284668,50.071001052856445
367,367,367,1763579383.2702816,1763579383.2203884,-49.89314079284668,49.955129623413086,49.965858459472656
368,368,368,1763579383.3202367,1763579383.2702816,-49.955129623413086,49.95322227478027,49.89314079284668
369,369,369,1763579383.37019,1763579383.3202367,-49.95322227478027,50.01020431518555,49.955129623413086
370,370,370,1763579383.4202,1763579383.37019,-50.01020431518555,50.171613693237305,49.95322227478027
371,371,371,1763579383.4703717,1763579383.4202,-50.171613693237305,50.092458724975586,50.01020431518555
372,372,372,1763579383.5204642,1763579383.4703717,-50.092458724975586,50.01664161682129,50.171613693237305
373,373,373,1763579383.5704808,1763579383.5204642,-50.01664161682129,49.866676330566406,50.092458724975586
374,374,374,1763579383.6203475,1763579383.5704808,-49.866676330566406,49.840688705444336,50.01664161682129
375,375,375,1763579383.6701882,1763579383.6203475,-49.840688705444336,49.89457130432129,49.866676330566406
376,376,376,1763579383.7200828,1763579383.6701882,-49.89457130432129,50.081491470336914,49.840688705444336
377,377,377,1763579383.7701643,1763579383.7200828,-50.081491470336914,50.16922950744629,49.89457130432129
378,378,378,1763579383.8203335,1763579383.7701643,-50.16922950744629,50.02617835998535,50.081491470336914
379,379,379,1763579383.8703597,1763579383.8203335,-50.02617835998535,49.9570369720459,50.16922950744629
380,380,380,1763579383.9203167,1763579383.8703597,-49.9570369720459,49.94082450866699,50.02617835998535
381,381,381,1763579383.9702575,1763579383.9203167,-49.94082450866699,50.115346908569336,49.9570369720459
382,382,382,1763579384.0203729,1763579383.9702575,-50.115346908569336,50.193071365356445,49.94082450866699
383,383,383,1763579384.070566,1763579384.0203729,-50.193071365356445,49.906253814697266,50.115346908569336
384,384,384,1763579384.1204722,1763579384.070566,-49.906253814697266,49.83782768249512,50.193071365356445
385,385,385,1763579384.17031,1763579384.1204722,-49.83782768249512,49.872398376464844,49.906253814697266
386,386,386,1763579384.2201824,1763579384.17031,-49.872398376464844,50.089359283447266,49.83782768249512
387,387,387,1763579384.2702718,1763579384.2201824,-50.089359283447266,49.962759017944336,49.872398376464844
388,388,388,1763579384.3202345,1763579384.2702718,-49.962759017944336,49.99208450317383,50.089359283447266
389,389,389,1763579384.3702266,1763579384.3202345,-49.99208450317383,50.05788803100586,49.962759017944336
390,390,390,1763579384.4202845,1763579384.3702266,-50.05788803100586,53.35211753845215,49.99208450317383
391,391,391,1763579384.4736366,1763579384.4202845,-53.35211753845215,49.95918273925781,50.05788803100586
392,392,392,1763579384.5235958,1763579384.4736366,-49.95918273925781,47.441959381103516,53.35211753845215
393,393,393,1763579384.5710378,1763579384.5235958,-47.441959381103516,47.28102684020996,49.95918273925781
394,394,394,1763579384.6183188,1763579384.5710378,-47.28102684020996,49.18026924133301,47.441959381103516
395,395,395,1763579384.667499,1763579384.6183188,-49.18026924133301,51.61929130554199,47.28102684020996
396,396,396,1763579384.7191184,1763579384.667499,-51.61929130554199,52.075862884521484,49.18026924133301
397,397,397,1763579384.7711942,1763579384.7191184,-52.075862884521484,51.16009712219238,51.61929130554199
398,398,398,1763579384.8223543,1763579384.7711942,-51.16009712219238,49.466609954833984,52.075862884521484
399,399,399,1763579384.871821,1763579384.8223543,-49.466609954833984,48.37393760681152,51.16009712219238
400,400,400,1763579384.9201949,1763579384.871821,-48.37393760681152,49.03745651245117,49.466609954833984
401,401,401,1763579384.9692323,1763579384.9201949,-49.03745651245117,49.81040954589844,48.37393760681152
402,402,402,1763579385.0190427,1763579384.9692323,-49.81040954589844,50.68349838256836,49.03745651245117
403,403,403,1763579385.0697262,1763579385.0190427,-50.68349838256836,51.22780799865723,49.81040954589844
404,404,404,1763579385.120954,1763579385.0697262,-51.22780799865723,50.7814884185791,50.68349838256836
405,405,405,1763579385.1717355,1763579385.120954,-50.7814884185791,49.5908260345459,51.22780799865723
406,406,406,1763579385.2213264,1763579385.1717355,-49.5908260345459,48.90584945678711,50.7814884185791
407,407,407,1763579385.2702322,1763579385.2213264,-48.90584945678711,49.35812950134277,49.5908260345459
408,408,408,1763579385.3195903,1763579385.2702322,-49.35812950134277,50.197601318359375,48.90584945678711
409,409,409,1763579385.369788,1763579385.3195903,-50.197601318359375,50.42552947998047,49.35812950134277
410,410,410,1763579385.4202135,1763579385.369788,-50.42552947998047,50.37093162536621,50.197601318359375
411,411,411,1763579385.4705844,1763579385.4202135,-50.37093162536621,50.173282623291016,50.42552947998047
412,412,412,1763579385.5207577,1763579385.4705844,-50.173282623291016,49.96347427368164,50.37093162536621
413,413,413,1763579385.5707211,1763579385.5207577,-49.96347427368164,49.637556076049805,50.173282623291016
414,414,414,1763579385.6203587,1763579385.5707211,-49.637556076049805,49.83019828796387,49.96347427368164
415,415,415,1763579385.670189,1763579385.6203587,-49.83019828796387,49.825191497802734,49.637556076049805
416,416,416,1763579385.720014,1763579385.670189,-49.825191497802734,49.985647201538086,49.83019828796387
417,417,417,1763579385.7699997,1763579385.720014,-49.985647201538086,50.246238708496094,49.825191497802734
418,418,418,1763579385.820246,1763579385.7699997,-50.246238708496094,50.249576568603516,49.985647201538086
419,419,419,1763579385.8704956,1763579385.820246,-50.249576568603516,50.10414123535156,50.246238708496094
420,420,420,1763579385.9205997,1763579385.8704956,-50.10414123535156,50.0948429107666,50.249576568603516
421,421,421,1763579385.9706945,1763579385.9205997,-50.0948429107666,49.7894287109375,50.10414123535156
422,422,422,1763579386.020484,1763579385.9706945,-49.7894287109375,49.746036529541016,50.0948429107666
423,423,423,1763579386.07023,1763579386.020484,-49.746036529541016,49.713850021362305,49.7894287109375
424,424,424,1763579386.1199439,1763579386.07023,-49.713850021362305,50.201416015625,49.746036529541016
425,425,425,1763579386.1701453,1763579386.1199439,-50.201416015625,50.16732215881348,49.713850021362305
426,426,426,1763579386.2203126,1763579386.1701453,-50.16732215881348,50.08077621459961,50.201416015625
427,427,427,1763579386.2703934,1763579386.2203126,-50.08077621459961,50.238609313964844,50.16732215881348
428,428,428,1763579386.320632,1763579386.2703934,-50.238609313964844,49.9119758605957,50.08077621459961
429,429,429,1763579386.370544,1763579386.320632,-49.9119758605957,49.70884323120117,50.238609313964844
430,430,430,1763579386.4202528,1763579386.370544,-49.70884323120117,49.784183502197266,49.9119758605957
431,431,431,1763579386.470037,1763579386.4202528,-49.784183502197266,49.96347427368164,49.70884323120117
432,432,432,1763579386.5200005,1763579386.470037,-49.96347427368164,50.17566680908203,49.784183502197266
433,433,433,1763579386.5701761,1763579386.5200005,-50.17566680908203,50.14371871948242,49.96347427368164
434,434,434,1763579386.6203198,1763579386.5701761,-50.14371871948242,50.121307373046875,50.17566680908203
435,435,435,1763579386.6704412,1763579386.6203198,-50.121307373046875,49.922943115234375,50.14371871948242
436,436,436,1763579386.720364,1763579386.6704412,-49.922943115234375,49.85785484313965,50.121307373046875
437,437,437,1763579386.770222,1763579386.720364,-49.85785484313965,49.93176460266113,49.922943115234375
438,438,438,1763579386.8201537,1763579386.770222,-49.93176460266113,50.09150505065918,49.85785484313965
439,439,439,1763579386.8702452,1763579386.8201537,-50.09150505065918,50.11582374572754,49.93176460266113
440,440,440,1763579386.920361,1763579386.8702452,-50.11582374572754,50.20785331726074,50.09150505065918
441,441,441,1763579386.970569,1763579386.920361,-50.20785331726074,49.849510192871094,50.11582374572754
442,442,442,1763579387.0204184,1763579386.970569,-49.849510192871094,49.86453056335449,50.20785331726074
443,443,443,1763579387.070283,1763579387.0204184,-49.86453056335449,50.01235008239746,49.849510192871094
444,444,444,1763579387.1202953,1763579387.070283,-50.01235008239746,50.037384033203125,49.86453056335449
445,445,445,1763579387.1703327,1763579387.1202953,-50.037384033203125,49.96323585510254,50.01235008239746
446,446,446,1763579387.220296,1763579387.1703327,-49.96323585510254,49.92103576660156,50.037384033203125
447,447,447,1763579387.270217,1763579387.220296,-49.92103576660156,51.236629486083984,49.96323585510254
448,448,448,1763579387.3214536,1763579387.270217,-51.236629486083984,50.115346908569336,49.92103576660156
449,449,449,1763579387.371569,1763579387.3214536,-50.115346908569336,49.285173416137695,51.236629486083984
450,450,450,1763579387.420854,1763579387.371569,-49.285173416137695,48.967599868774414,50.115346908569336
451,451,451,1763579387.4698217,1763579387.420854,-48.967599868774414,49.43728446960449,49.285173416137695
452,452,452,1763579387.519259,1763579387.4698217,-49.43728446960449,50.40121078491211,48.967599868774414
453,453,453,1763579387.5696602,1763579387.519259,-50.40121078491211,51.00250244140625,49.43728446960449
454,454,454,1763579387.6206627,1763579387.5696602,-51.00250244140625,50.50969123840332,50.40121078491211
455,455,455,1763579387.6711724,1763579387.6206627,-50.50969123840332,49.849748611450195,51.00250244140625
456,456,456,1763579387.7210221,1763579387.6711724,-49.849748611450195,49.349069595336914,50.50969123840332
457,457,457,1763579387.7703712,1763579387.7210221,-49.349069595336914,49.33953285217285,49.849748611450195
458,458,458,1763579387.8197107,1763579387.7703712,-49.33953285217285,49.94511604309082,49.349069595336914
459,459,459,1763579387.8696558,1763579387.8197107,-49.94511604309082,50.46510696411133,49.33953285217285
460,460,460,1763579387.920121,1763579387.8696558,-50.46510696411133,50.53544044494629,49.94511604309082
461,461,461,1763579387.9706564,1763579387.920121,-50.53544044494629,50.2622127532959,50.46510696411133
462,462,462,1763579388.0209186,1763579387.9706564,-50.2622127532959,49.77011680603027,50.53544044494629
463,463,463,1763579388.0706887,1763579388.0209186,-49.77011680603027,49.50237274169922,50.2622127532959
464,464,464,1763579388.120191,1763579388.0706887,-49.50237274169922,49.77059364318848,49.77011680603027
465,465,465,1763579388.1699617,1763579388.120191,-49.77059364318848,49.99852180480957,49.50237274169922
466,466,466,1763579388.2199602,1763579388.1699617,-49.99852180480957,50.150156021118164,49.77059364318848
467,467,467,1763579388.2701104,1763579388.2199602,-50.150156021118164,50.478458404541016,49.99852180480957
468,468,468,1763579388.3205888,1763579388.2701104,-50.478458404541016,50.128936767578125,50.150156021118164
469,469,469,1763579388.3707178,1763579388.3205888,-50.128936767578125,50.034284591674805,50.478458404541016
470,470,470,1763579388.420752,1763579388.3707178,-50.034284591674805,49.66282844543457,50.128936767578125
471,471,471,1763579388.4704149,1763579388.420752,-49.66282844543457,49.71003532409668,50.034284591674805
472,472,472,1763579388.520125,1763579388.4704149,-49.71003532409668,50.06980895996094,49.66282844543457
473,473,473,1763579388.5701947,1763579388.520125,-50.06980895996094,50.199031829833984,49.71003532409668
474,474,474,1763579388.6203938,1763579388.5701947,-50.199031829833984,50.07004737854004,50.06980895996094
475,475,475,1763579388.6704638,1763579388.6203938,-50.07004737854004,50.0485897064209,50.199031829833984
476,476,476,1763579388.7205124,1763579388.6704638,-50.0485897064209,49.945831298828125,50.07004737854004
477,477,477,1763579388.7704582,1763579388.7205124,-49.945831298828125,49.867868423461914,50.0485897064209
478,478,478,1763579388.820326,1763579388.7704582,-49.867868423461914,50.10557174682617,49.945831298828125
479,479,479,1763579388.8704317,1763579388.820326,-50.10557174682617,50.17447471618652,49.867868423461914
480,480,480,1763579388.9206061,1763579388.8704317,-50.17447471618652,50.01115798950195,50.10557174682617
481,481,481,1763579388.9706173,1763579388.9206061,-50.01115798950195,49.848318099975586,50.17447471618652
482,482,482,1763579389.0204656,1763579388.9706173,-49.848318099975586,49.83043670654297,50.01115798950195
483,483,483,1763579389.070296,1763579389.0204656,-49.83043670654297,50.06837844848633,49.848318099975586
484,484,484,1763579389.1203644,1763579389.070296,-50.06837844848633,50.104618072509766,49.83043670654297
485,485,485,1763579389.170469,1763579389.1203644,-50.104618072509766,50.0330924987793,50.06837844848633
486,486,486,1763579389.2205021,1763579389.170469,-50.0330924987793,50.005435943603516,50.104618072509766
487,487,487,1763579389.2705076,1763579389.2205021,-50.005435943603516,50.03070831298828,50.0330924987793
488,488,488,1763579389.3205383,1763579389.2705076,-50.03070831298828,49.99232292175293,50.005435943603516
489,489,489,1763579389.3705306,1763579389.3205383,-49.99232292175293,49.901723861694336,50.03070831298828
490,490,490,1763579389.4204323,1763579389.3705306,-49.901723861694336,49.92103576660156,49.99232292175293
491,491,491,1763579389.4703534,1763579389.4204323,-49.92103576660156,50.070762634277344,49.901723861694336
492,492,492,1763579389.5204241,1763579389.4703534,-50.070762634277344,50.118207931518555,49.92103576660156
493,493,493,1763579389.5705423,1763579389.5204241,-50.118207931518555,49.96991157531738,50.070762634277344
494,494,494,1763579389.6205122,1763579389.5705423,-49.96991157531738,50.01115798950195,50.118207931518555
495,495,495,1763579389.6705234,1763579389.6205122,-50.01115798950195,50.18806457519531,49.96991157531738
496,496,496,1763579389.7207115,1763579389.6705234,-50.18806457519531,50.0032901763916,50.01115798950195
497,497,497,1763579389.7707148,1763579389.7207115,-50.0032901763916,49.92341995239258,50.18806457519531
498,498,498,1763579389.8206382,1763579389.7707148,-49.92341995239258,49.80659484863281,50.0032901763916
499,499,499,1763579389.8704448,1763579389.8206382,-49.80659484863281,49.82280731201172,49.92341995239258
500,500,500,1763579389.9202676,1763579389.8704448,-49.82280731201172,51.093101501464844,49.80659484863281
501,501,501,1763579389.9713607,1763579389.9202676,-51.093101501464844,50.98748207092285,49.82280731201172
502,502,502,1763579390.0223482,1763579389.9713607,-50.98748207092285,50.16732215881348,51.093101501464844
503,503,503,1763579390.0725155,1763579390.0223482,-50.16732215881348,49.48854446411133,50.98748207092285
504,504,504,1763579390.122004,1763579390.0725155,-49.48854446411133,49.3159294128418,50.16732215881348
505,505,505,1763579390.17132,1763579390.122004,-49.3159294128418,49.6370792388916,49.48854446411133
506,506,506,1763579390.220957,1763579390.17132,-49.6370792388916,50.270795822143555,49.3159294128418
507,507,507,1763579390.2712278,1763579390.220957,-50.270795822143555,50.83584785461426,49.6370792388916
508,508,508,1763579390.3220637,1763579390.2712278,-50.83584785461426,50.31323432922363,50.270795822143555
509,509,509,1763579390.372377,1763579390.3220637,-50.31323432922363,49.70121383666992,50.83584785461426
510,510,510,1763579390.4220781,1763579390.372377,-49.70121383666992,49.25537109375,50.31323432922363
511,511,511,1763579390.4713335,1763579390.4220781,-49.25537109375,49.414873123168945,49.70121383666992
512,512,512,1763579390.5207484,1763579390.4713335,-49.414873123168945,49.96013641357422,49.25537109375
513,513,513,1763579390.5707085,1763579390.5207484,-49.96013641357422,50.56118965148926,49.414873123168945
514,514,514,1763579390.6212697,1763579390.5707085,-50.56118965148926,50.61745643615723,49.96013641357422
515,515,515,1763579390.6718872,1763579390.6212697,-50.61745643615723,50.12226104736328,50.56118965148926
516,516,516,1763579390.7220094,1763579390.6718872,-50.12226104736328,49.6060848236084,50.61745643615723
517,517,517,1763579390.7716155,1763579390.7220094,-49.6060848236084,49.4990348815918,50.12226104736328
518,518,518,1763579390.8211145,1763579390.7716155,-49.4990348815918,49.81350898742676,49.6060848236084
519,519,519,1763579390.870928,1763579390.8211145,-49.81350898742676,50.30536651611328,49.4990348815918
520,520,520,1763579390.9212334,1763579390.870928,-50.30536651611328,50.280094146728516,49.81350898742676
521,521,521,1763579390.9715135,1763579390.9212334,-50.280094146728516,50.054311752319336,50.30536651611328
522,522,522,1763579391.0215678,1763579390.9715135,-50.054311752319336,51.23305320739746,50.280094146728516
523,523,523,1763579391.0728009,1763579391.0215678,-51.23305320739746,51.05328559875488,50.054311752319336
524,524,524,1763579391.1238542,1763579391.0728009,-51.05328559875488,50.12106895446777,51.23305320739746
525,525,525,1763579391.1739752,1763579391.1238542,-50.12106895446777,49.297332763671875,51.05328559875488
526,526,526,1763579391.2232726,1763579391.1739752,-49.297332763671875,49.14259910583496,50.12106895446777
527,527,527,1763579391.2724152,1763579391.2232726,-49.14259910583496,49.61729049682617,49.297332763671875
528,528,528,1763579391.3220325,1763579391.2724152,-49.61729049682617,50.2171516418457,49.14259910583496
529,529,529,1763579391.3722496,1763579391.3220325,-50.2171516418457,50.57573318481445,49.61729049682617
530,530,530,1763579391.4228253,1763579391.3722496,-50.57573318481445,50.40454864501953,50.2171516418457
531,531,531,1763579391.47323,1763579391.4228253,-50.40454864501953,50.0030517578125,50.57573318481445
532,532,532,1763579391.523233,1763579391.47323,-50.0030517578125,50.38166046142578,50.40454864501953
533,533,533,1763579391.5736146,1763579391.523233,-50.38166046142578,51.117897033691406,50.0030517578125
534,534,534,1763579391.6247325,1763579391.5736146,-51.117897033691406,50.75788497924805,50.38166046142578
535,535,535,1763579391.6754904,1763579391.6247325,-50.75788497924805,49.99804496765137,51.117897033691406
536,536,536,1763579391.7254884,1763579391.6754904,-49.99804496765137,49.16262626647949,50.75788497924805
537,537,537,1763579391.774651,1763579391.7254884,-49.16262626647949,49.08132553100586,49.99804496765137
538,538,538,1763579391.8237324,1763579391.774651,-49.08132553100586,49.68118667602539,49.16262626647949
539,539,539,1763579391.8734136,1763579391.8237324,-49.68118667602539,50.51088333129883,49.08132553100586
540,540,540,1763579391.9239244,1763579391.8734136,-50.51088333129883,50.67157745361328,49.68118667602539
541,541,541,1763579391.974596,1763579391.9239244,-50.67157745361328,50.33683776855469,50.51088333129883
542,542,542,1763579392.0249329,1763579391.974596,-50.33683776855469,50.011634826660156,50.67157745361328
543,543,543,1763579392.0749445,1763579392.0249329,-50.011634826660156,49.55720901489258,50.33683776855469
544,544,544,1763579392.1245017,1763579392.0749445,-49.55720901489258,49.456119537353516,50.011634826660156
545,545,545,1763579392.1739578,1763579392.1245017,-49.456119537353516,49.94320869445801,49.55720901489258
546,546,546,1763579392.223901,1763579392.1739578,-49.94320869445801,50.409793853759766,49.456119537353516
547,547,547,1763579392.2743108,1763579392.223901,-50.409793853759766,50.25982856750488,49.94320869445801
548,548,548,1763579392.3245707,1763579392.2743108,-50.25982856750488,50.06670951843262,50.409793853759766
549,549,549,1763579392.3746374,1763579392.3245707,-50.06670951843262,49.87382888793945,50.25982856750488
550,550,550,1763579392.4245112,1763579392.3746374,-49.87382888793945,49.98350143432617,50.06670951843262
551,551,551,1763579392.4744947,1763579392.4245112,-49.98350143432617,50.127267837524414,49.87382888793945
552,552,552,1763579392.524622,1763579392.4744947,-50.127267837524414,49.87812042236328,49.98350143432617
553,553,553,1763579392.5745,1763579392.524622,-49.87812042236328,49.72505569458008,50.127267837524414
554,554,554,1763579392.6242251,1763579392.5745,-49.72505569458008,49.92341995239258,49.87812042236328
555,555,555,1763579392.6741486,1763579392.6242251,-49.92341995239258,50.10342597961426,49.72505569458008
556,556,556,1763579392.724252,1763579392.6741486,-50.10342597961426,50.23074150085449,49.92341995239258
557,557,557,1763579392.7744827,1763579392.724252,-50.23074150085449,50.1554012298584,50.10342597961426
558,558,558,1763579392.8246381,1763579392.7744827,-50.1554012298584,49.96538162231445,50.23074150085449
559,559,559,1763579392.8746035,1763579392.8246381,-49.96538162231445,49.89361763000488,50.1554012298584
560,560,560,1763579392.9244971,1763579392.8746035,-49.89361763000488,49.9424934387207,49.96538162231445
561,561,561,1763579392.9744396,1763579392.9244971,-49.9424934387207,49.90077018737793,49.89361763000488
562,562,562,1763579393.0243404,1763579392.9744396,-49.90077018737793,50.08959770202637,49.9424934387207
563,563,563,1763579393.07443,1763579393.0243404,-50.08959770202637,50.048112869262695,49.90077018737793
564,564,564,1763579393.124478,1763579393.07443,-50.048112869262695,49.924373626708984,50.08959770202637
565,565,565,1763579393.1744025,1763579393.124478,-49.924373626708984,49.87072944641113,50.048112869262695
566,566,566,1763579393.2242732,1763579393.1744025,-49.87072944641113,49.97444152832031,49.924373626708984
567,567,567,1763579393.2742476,1763579393.2242732,-49.97444152832031,50.19783973693848,49.87072944641113
568,568,568,1763579393.3244455,1763579393.2742476,-50.19783973693848,49.96514320373535,49.97444152832031
569,569,569,1763579393.3744106,1763579393.3244455,-49.96514320373535,50.05073547363281,50.19783973693848
570,570,570,1763579393.4244614,1763579393.3744106,-50.05073547363281,50.04739761352539,49.96514320373535
571,571,571,1763579393.4745088,1763579393.4244614,-50.04739761352539,49.96132850646973,50.05073547363281
572,572,572,1763579393.52447,1763579393.4745088,-49.96132850646973,49.988508224487305,50.04739761352539
573,573,573,1763579393.5744586,1763579393.52447,-49.988508224487305,50.011634826660156,49.96132850646973
574,574,574,1763579393.6244702,1763579393.5744586,-50.011634826660156,49.947500228881836,49.988508224487305
575,575,575,1763579393.6744177,1763579393.6244702,-49.947500228881836,49.834251403808594,50.011634826660156
576,576,576,1763579393.724252,1763579393.6744177,-49.834251403808594,49.8964786529541,49.947500228881836
577,577,577,1763579393.7741485,1763579393.724252,-49.8964786529541,50.15754699707031,49.834251403808594
578,578,578,1763579393.824306,1763579393.7741485,-50.15754699707031,50.16040802001953,49.8964786529541
579,579,579,1763579393.8744664,1763579393.824306,-50.16040802001953,49.951791763305664,50.15754699707031
580,580,580,1763579393.9244182,1763579393.8744664,-49.951791763305664,49.94535446166992,50.16040802001953
581,581,581,1763579393.9743636,1763579393.9244182,-49.94535446166992,49.90100860595703,49.951791763305664
582,582,582,1763579394.0242646,1763579393.9743636,-49.90100860595703,49.898386001586914,49.94535446166992
583,583,583,1763579394.074163,1763579394.0242646,-49.898386001586914,50.04286766052246,49.90100860595703
584,584,584,1763579394.1242058,1763579394.074163,-50.04286766052246,50.205230712890625,49.898386001586914
585,585,585,1763579394.174411,1763579394.1242058,-50.205230712890625,50.15993118286133,50.04286766052246
586,586,586,1763579394.224571,1763579394.174411,-50.15993118286133,49.88360404968262,50.205230712890625
587,587,587,1763579394.2744546,1763579394.224571,-49.88360404968262,49.89290237426758,50.15993118286133
588,588,588,1763579394.3243475,1763579394.2744546,-49.89290237426758,49.84784126281738,49.88360404968262
589,589,589,1763579394.3741953,1763579394.3243475,-49.84784126281738,50.02307891845703,49.89290237426758
590,590,590,1763579394.4242184,1763579394.3741953,-50.02307891845703,50.065040588378906,49.84784126281738
591,591,591,1763579394.4742835,1763579394.4242184,-50.065040588378906,50.05311965942383,50.02307891845703
592,592,592,1763579394.5243366,1763579394.4742835,-50.05311965942383,50.049543380737305,50.065040588378906
593,593,593,1763579394.5743861,1763579394.5243366,-50.049543380737305,50.11725425720215,50.05311965942383
594,594,594,1763579394.6245034,1763579394.5743861,-50.11725425720215,50.078630447387695,50.049543380737305
595,595,595,1763579394.674582,1763579394.6245034,-50.078630447387695,49.94606971740723,50.11725425720215
596,596,596,1763579394.724528,1763579394.674582,-49.94606971740723,49.83210563659668,50.078630447387695
597,597,597,1763579394.7743602,1763579394.724528,-49.83210563659668,49.92222785949707,49.94606971740723
598,598,598,1763579394.8242824,1763579394.7743602,-49.92222785949707,49.94702339172363,49.83210563659668
599,599,599,1763579394.8742294,1763579394.8242824,-49.94702339172363,49.90959167480469,49.92222785949707
600,600,600,1763579394.924139,1763579394.8742294,-49.90959167480469,50.1101016998291,49.94702339172363
601,601,601,1763579394.9742491,1763579394.924139,-50.1101016998291,50.17375946044922,49.90959167480469
602,602,602,1763579395.024423,1763579394.9742491,-50.17375946044922,50.009965896606445,50.1101016998291
603,603,603,1763579395.0744328,1763579395.024423,-50.009965896606445,50.054311752319336,50.17375946044922
604,604,604,1763579395.1244872,1763579395.0744328,-50.054311752319336,49.86906051635742,50.009965896606445
605,605,605,1763579395.1743562,1763579395.1244872,-49.86906051635742,49.839019775390625,50.054311752319336
606,606,606,1763579395.2241952,1763579395.1743562,-49.839019775390625,50.000667572021484,49.86906051635742
607,607,607,1763579395.274196,1763579395.2241952,-50.000667572021484,50.28080940246582,49.839019775390625
608,608,608,1763579395.3244767,1763579395.274196,-50.28080940246582,50.182342529296875,50.000667572021484
609,609,609,1763579395.374659,1763579395.3244767,-50.182342529296875,49.91412162780762,50.28080940246582
610,610,610,1763579395.4245732,1763579395.374659,-49.91412162780762,49.82399940490723,50.182342529296875
611,611,611,1763579395.4743972,1763579395.4245732,-49.82399940490723,49.81875419616699,49.91412162780762
612,612,612,1763579395.524216,1763579395.4743972,-49.81875419616699,50.01473426818848,49.82399940490723
613,613,613,1763579395.5742307,1763579395.524216,-50.01473426818848,50.01020431518555,49.81875419616699
614,614,614,1763579395.6242409,1763579395.5742307,-50.01020431518555,51.99480056762695,50.01473426818848
615,615,615,1763579395.6762357,1763579395.6242409,-51.99480056762695,49.82137680053711,50.01020431518555
616,616,616,1763579395.726057,1763579395.6762357,-49.82137680053711,48.73943328857422,51.99480056762695
617,617,617,1763579395.7747965,1763579395.726057,-48.73943328857422,48.82526397705078,49.82137680053711
618,618,618,1763579395.8236217,1763579395.7747965,-48.82526397705078,49.6675968170166,48.73943328857422
619,619,619,1763579395.8732893,1763579395.8236217,-49.6675968170166,50.614118576049805,48.82526397705078
620,620,620,1763579395.9239035,1763579395.8732893,-50.614118576049805,50.93050003051758,49.6675968170166
621,621,621,1763579395.974834,1763579395.9239035,-50.93050003051758,50.604820251464844,50.614118576049805
622,622,622,1763579396.0254388,1763579395.974834,-50.604820251464844,49.80349540710449,50.93050003051758
623,623,623,1763579396.0752423,1763579396.0254388,-49.80349540710449,49.202680587768555,50.604820251464844
624,624,624,1763579396.124445,1763579396.0752423,-49.202680587768555,49.298763275146484,49.80349540710449
625,625,625,1763579396.1737437,1763579396.124445,-49.298763275146484,49.834489822387695,49.202680587768555
626,626,626,1763579396.2235782,1763579396.1737437,-49.834489822387695,50.444841384887695,49.298763275146484
627,627,627,1763579396.274023,1763579396.2235782,-50.444841384887695,50.62985420227051,49.834489822387695
628,628,628,1763579396.324653,1763579396.274023,-50.62985420227051,50.53591728210449,50.444841384887695
629,629,629,1763579396.3751888,1763579396.324653,-50.53591728210449,49.76296424865723,50.62985420227051
630,630,630,1763579396.4249518,1763579396.3751888,-49.76296424865723,49.53360557556152,50.53591728210449
631,631,631,1763579396.4744854,1763579396.4249518,-49.53360557556152,49.67927932739258,49.76296424865723
632,632,632,1763579396.5241647,1763579396.4744854,-49.67927932739258,49.85928535461426,49.53360557556152
633,633,633,1763579396.574024,1763579396.5241647,-49.85928535461426,50.079345703125,49.67927932739258
634,634,634,1763579396.6241033,1763579396.574024,-50.079345703125,50.23503303527832,49.85928535461426
635,635,635,1763579396.6743383,1763579396.6241033,-50.23503303527832,49.018144607543945,50.079345703125
636,636,636,1763579396.7233565,1763579396.6743383,-49.018144607543945,49.0727424621582,50.23503303527832
637,637,637,1763579396.7724292,1763579396.7233565,-49.0727424621582,49.68428611755371,49.018144607543945
638,638,638,1763579396.8221135,1763579396.7724292,-49.68428611755371,50.659894943237305,49.0727424621582
639,639,639,1763579396.8727734,1763579396.8221135,-50.659894943237305,50.859689712524414,49.68428611755371
640,640,640,1763579396.923633,1763579396.8727734,-50.859689712524414,50.31728744506836,50.659894943237305
641,641,641,1763579396.9739504,1763579396.923633,-50.31728744506836,49.736976623535156,50.859689712524414
642,642,642,1763579397.0236874,1763579396.9739504,-49.736976623535156,49.330711364746094,50.31728744506836
643,643,643,1763579397.073018,1763579397.0236874,-49.330711364746094,49.58534240722656,49.736976623535156
644,644,644,1763579397.1226034,1763579397.073018,-49.58534240722656,49.920082092285156,49.330711364746094
645,645,645,1763579397.1725235,1763579397.1226034,-49.920082092285156,50.362348556518555,49.58534240722656
646,646,646,1763579397.2228858,1763579397.1725235,-50.362348556518555,50.56619644165039,49.920082092285156
647,647,647,1763579397.273452,1763579397.2228858,-50.56619644165039,50.249338150024414,50.362348556518555
648,648,648,1763579397.3237014,1763579397.273452,-50.249338150024414,49.63493347167969,50.56619644165039
649,649,649,1763579397.3733363,1763579397.3237014,-49.63493347167969,49.49688911437988,50.249338150024414
650,650,650,1763579397.4228332,1763579397.3733363,-49.49688911437988,49.94487762451172,49.63493347167969
651,651,651,1763579397.472778,1763579397.4228332,-49.94487762451172,50.0030517578125,49.49688911437988
652,652,652,1763579397.5227811,1763579397.472778,-50.0030517578125,50.06599426269531,49.94487762451172
653,653,653,1763579397.5728471,1763579397.5227811,-50.06599426269531,50.06217956542969,50.0030517578125
654,654,654,1763579397.6229093,1763579397.5728471,-50.06217956542969,50.01497268676758,50.06599426269531
655,655,655,1763579397.6729243,1763579397.6229093,-50.01497268676758,50.189971923828125,50.06217956542969
656,656,656,1763579397.7231143,1763579397.6729243,-50.189971923828125,50.043344497680664,50.01497268676758
657,657,657,1763579397.7731576,1763579397.7231143,-50.043344497680664,50.06289482116699,50.189971923828125
658,658,658,1763579397.8232205,1763579397.7731576,-50.06289482116699,49.89266395568848,50.043344497680664
659,659,659,1763579397.8731132,1763579397.8232205,-49.89266395568848,49.77250099182129,50.06289482116699
660,660,660,1763579397.9228857,1763579397.8731132,-49.77250099182129,49.67689514160156,49.89266395568848
661,661,661,1763579397.9725626,1763579397.9228857,-49.67689514160156,49.95250701904297,49.77250099182129
662,662,662,1763579398.022515,1763579397.9725626,-49.95250701904297,50.26984214782715,49.67689514160156
663,663,663,1763579398.072785,1763579398.022515,-50.26984214782715,50.22835731506348,49.95250701904297
664,664,664,1763579398.1230133,1763579398.072785,-50.22835731506348,50.331830978393555,50.26984214782715
665,665,665,1763579398.173345,1763579398.1230133,-50.331830978393555,49.957990646362305,50.22835731506348
666,666,666,1763579398.223303,1763579398.173345,-49.957990646362305,49.89361763000488,50.331830978393555
667,667,667,1763579398.2731967,1763579398.223303,-49.89361763000488,49.73936080932617,49.957990646362305
668,668,668,1763579398.322936,1763579398.2731967,-49.73936080932617,49.82709884643555,49.89361763000488
669,669,669,1763579398.3727632,1763579398.322936,-49.82709884643555,49.8507022857666,49.73936080932617
670,670,670,1763579398.4226139,1763579398.3727632,-49.8507022857666,50.32825469970703,49.82709884643555
671,671,671,1763579398.472942,1763579398.4226139,-50.32825469970703,50.32753944396973,49.8507022857666
672,672,672,1763579398.5232697,1763579398.472942,-50.32753944396973,50.1713752746582,50.32825469970703
673,673,673,1763579398.573441,1763579398.5232697,-50.1713752746582,50.018310546875,50.32753944396973
674,674,674,1763579398.6234593,1763579398.573441,-50.018310546875,50.57787895202637,50.1713752746582
675,675,675,1763579398.6740372,1763579398.6234593,-50.57787895202637,49.50523376464844,50.018310546875
676,676,676,1763579398.7235425,1763579398.6740372,-49.50523376464844,49.16572570800781,50.57787895202637
677,677,677,1763579398.7727082,1763579398.7235425,-49.16572570800781,49.51739311218262,49.50523376464844
678,678,678,1763579398.8222256,1763579398.7727082,-49.51739311218262,50.28343200683594,49.16572570800781
679,679,679,1763579398.872509,1763579398.8222256,-50.28343200683594,50.64058303833008,49.51739311218262
680,680,680,1763579398.9231496,1763579398.872509,-50.64058303833008,50.540924072265625,50.28343200683594
681,681,681,1763579398.9736905,1763579398.9231496,-50.540924072265625,49.97539520263672,50.64058303833008
682,682,682,1763579399.023666,1763579398.9736905,-49.97539520263672,49.510955810546875,50.540924072265625
683,683,683,1763579399.0731769,1763579399.023666,-49.510955810546875,49.54791069030762,49.97539520263672
684,684,684,1763579399.1227248,1763579399.0731769,-49.54791069030762,49.927473068237305,49.510955810546875
685,685,685,1763579399.1726522,1763579399.1227248,-49.927473068237305,50.221920013427734,49.54791069030762
686,686,686,1763579399.2228742,1763579399.1726522,-50.221920013427734,50.17209053039551,49.927473068237305
687,687,687,1763579399.2730463,1763579399.2228742,-50.17209053039551,50.05240440368652,50.221920013427734
688,688,688,1763579399.3230987,1763579399.2730463,-50.05240440368652,49.84426498413086,50.17209053039551
689,689,689,1763579399.372943,1763579399.3230987,-49.84426498413086,50.220489501953125,50.05240440368652
690,690,690,1763579399.4231634,1763579399.372943,-50.220489501953125,49.8654842376709,49.84426498413086
691,691,691,1763579399.473029,1763579399.4231634,-49.8654842376709,50.008296966552734,50.220489501953125
692,692,692,1763579399.5230372,1763579399.473029,-50.008296966552734,49.989938735961914,49.8654842376709
693,693,693,1763579399.5730271,1763579399.5230372,-49.989938735961914,49.8809814453125,50.008296966552734
694,694,694,1763579399.622908,1763579399.5730271,-49.8809814453125,49.9575138092041,49.989938735961914
695,695,695,1763579399.6728656,1763579399.622908,-49.9575138092041,50.26721954345703,49.8809814453125
696,696,696,1763579399.7231328,1763579399.6728656,-50.26721954345703,50.11343955993652,49.9575138092041
697,697,697,1763579399.7732463,1763579399.7231328,-50.11343955993652,50.048112869262695,50.26721954345703
698,698,698,1763579399.8232944,1763579399.7732463,-50.048112869262695,49.80587959289551,50.11343955993652
699,699,699,1763579399.8731003,1763579399.8232944,-49.80587959289551,49.70502853393555,50.048112869262695
700,700,700,1763579399.9228053,1763579399.8731003,-49.70502853393555,50.09269714355469,49.80587959289551
701,701,701,1763579399.972898,1763579399.9228053,-50.09269714355469,50.048112869262695,49.70502853393555
702,702,702,1763579400.0229461,1763579399.972898,-50.048112869262695,49.9265193939209,50.09269714355469
703,703,703,1763579400.0728726,1763579400.0229461,-49.9265193939209,49.895286560058594,50.048112869262695
704,704,704,1763579400.122768,1763579400.0728726,-49.895286560058594,50.27127265930176,49.9265193939209
705,705,705,1763579400.1730392,1763579400.122768,-50.27127265930176,50.26650428771973,49.895286560058594
706,706,706,1763579400.2233057,1763579400.1730392,-50.26650428771973,49.86882209777832,50.27127265930176
707,707,707,1763579400.2731745,1763579400.2233057,-49.86882209777832,49.715280532836914,50.26650428771973
708,708,708,1763579400.3228898,1763579400.2731745,-49.715280532836914,49.98588562011719,49.86882209777832
709,709,709,1763579400.3728757,1763579400.3228898,-49.98588562011719,50.30417442321777,49.715280532836914
710,710,710,1763579400.4231799,1763579400.3728757,-50.30417442321777,50.8880615234375,49.98588562011719
711,711,711,1763579400.474068,1763579400.4231799,-50.8880615234375,49.83115196228027,50.30417442321777
712,712,712,1763579400.523899,1763579400.474068,-49.83115196228027,49.47400093078613,50.8880615234375
713,713,713,1763579400.573373,1763579400.523899,-49.47400093078613,49.44348335266113,49.83115196228027
714,714,714,1763579400.6228166,1763579400.573373,-49.44348335266113,49.56531524658203,49.47400093078613
715,715,715,1763579400.6723819,1763579400.6228166,-49.56531524658203,50.24862289428711,49.44348335266113
716,716,716,1763579400.7226305,1763579400.6723819,-50.24862289428711,50.61960220336914,49.56531524658203
717,717,717,1763579400.77325,1763579400.7226305,-50.61960220336914,50.49300193786621,50.24862289428711
718,718,718,1763579400.823743,1763579400.77325,-50.49300193786621,50.02999305725098,50.61960220336914
719,719,719,1763579400.873773,1763579400.823743,-50.02999305725098,49.5905876159668,50.49300193786621
720,720,720,1763579400.9233637,1763579400.873773,-49.5905876159668,49.62468147277832,50.02999305725098
721,721,721,1763579400.9729884,1763579400.9233637,-49.62468147277832,49.959659576416016,49.5905876159668
722,722,722,1763579401.022948,1763579400.9729884,-49.959659576416016,50.41241645812988,49.62468147277832
723,723,723,1763579401.0733604,1763579401.022948,-50.41241645812988,50.21095275878906,49.959659576416016
724,724,724,1763579401.1235714,1763579401.0733604,-50.21095275878906,49.78203773498535,50.41241645812988
725,725,725,1763579401.1733534,1763579401.1235714,-49.78203773498535,49.64756965637207,50.21095275878906
726,726,726,1763579401.223001,1763579401.1733534,-49.64756965637207,49.625396728515625,49.78203773498535
727,727,727,1763579401.2726264,1763579401.223001,-49.625396728515625,49.950361251831055,49.64756965637207
728,728,728,1763579401.3225768,1763579401.2726264,-49.950361251831055,50.18138885498047,49.625396728515625
729,729,729,1763579401.3727582,1763579401.3225768,-50.18138885498047,50.30369758605957,49.950361251831055
730,730,730,1763579401.4230618,1763579401.3727582,-50.30369758605957,50.341129302978516,50.18138885498047
731,731,731,1763579401.473403,1763579401.4230618,-50.341129302978516,50.10557174682617,50.30369758605957
732,732,732,1763579401.5235085,1763579401.473403,-50.10557174682617,49.72553253173828,50.341129302978516
733,733,733,1763579401.573234,1763579401.5235085,-49.72553253173828,49.560546875,50.10557174682617
734,734,734,1763579401.6227946,1763579401.573234,-49.560546875,49.666404724121094,49.72553253173828
735,735,735,1763579401.672461,1763579401.6227946,-49.666404724121094,50.307512283325195,49.560546875
736,736,736,1763579401.7227685,1763579401.672461,-50.307512283325195,50.38094520568848,49.666404724121094
737,737,737,1763579401.7731495,1763579401.7227685,-50.38094520568848,50.31466484069824,50.307512283325195
738,738,738,1763579401.8234642,1763579401.7731495,-50.31466484069824,49.962520599365234,50.38094520568848
739,739,739,1763579401.8734267,1763579401.8234642,-49.962520599365234,49.69930648803711,50.31466484069824
740,740,740,1763579401.923126,1763579401.8734267,-49.69930648803711,49.800872802734375,49.962520599365234
741,741,741,1763579401.9729269,1763579401.923126,-49.800872802734375,50.16946792602539,49.69930648803711
742,742,742,1763579402.0230963,1763579401.9729269,-50.16946792602539,50.188302993774414,49.800872802734375
743,743,743,1763579402.0732846,1763579402.0230963,-50.188302993774414,49.98660087585449,50.16946792602539
744,744,744,1763579402.1232712,1763579402.0732846,-49.98660087585449,49.947261810302734,50.188302993774414
745,745,745,1763579402.1732185,1763579402.1232712,-49.947261810302734,49.97086524963379,49.98660087585449
746,746,746,1763579402.2231894,1763579402.1732185,-49.97086524963379,50.10533332824707,49.947261810302734
747,747,747,1763579402.2732947,1763579402.2231894,-50.10533332824707,49.810171127319336,49.97086524963379
748,748,748,1763579402.3231049,1763579402.2732947,-49.810171127319336,49.798011779785156,50.10533332824707
749,749,749,1763579402.3729029,1763579402.3231049,-49.798011779785156,49.81684684753418,49.810171127319336
750,750,750,1763579402.4227197,1763579402.3729029,-49.81684684753418,50.0032901763916,49.798011779785156
751,751,751,1763579402.472723,1763579402.4227197,-50.0032901763916,50.46510696411133,49.81684684753418
752,752,752,1763579402.523188,1763579402.472723,-50.46510696411133,50.356388092041016,50.0032901763916
753,753,753,1763579402.5735445,1763579402.523188,-50.356388092041016,49.96228218078613,50.46510696411133
754,754,754,1763579402.6235068,1763579402.5735445,-49.96228218078613,49.581289291381836,50.356388092041016
755,755,755,1763579402.673088,1763579402.6235068,-49.581289291381836,49.85833168029785,49.96228218078613
756,756,756,1763579402.7229464,1763579402.673088,-49.85833168029785,49.93295669555664,49.581289291381836
757,757,757,1763579402.7728794,1763579402.7229464,-49.93295669555664,49.92485046386719,49.85833168029785
758,758,758,1763579402.8228042,1763579402.7728794,-49.92485046386719,50.11606216430664,49.93295669555664
759,759,759,1763579402.8729203,1763579402.8228042,-50.11606216430664,50.11487007141113,49.92485046386719
760,760,760,1763579402.9230351,1763579402.8729203,-50.11487007141113,50.12631416320801,50.11606216430664
761,761,761,1763579402.9731615,1763579402.9230351,-50.12631416320801,50.04286766052246,50.11487007141113
762,762,762,1763579403.0232043,1763579402.9731615,-50.04286766052246,49.84545707702637,50.12631416320801
763,763,763,1763579403.0730498,1763579403.0232043,-49.84545707702637,49.77989196777344,50.04286766052246
764,764,764,1763579403.1228297,1763579403.0730498,-49.77989196777344,49.92175102233887,49.84545707702637
765,765,765,1763579403.1727514,1763579403.1228297,-49.92175102233887,50.04405975341797,49.77989196777344
766,766,766,1763579403.2227955,1763579403.1727514,-50.04405975341797,50.22096633911133,49.92175102233887
767,767,767,1763579403.2730165,1763579403.2227955,-50.22096633911133,50.14681816101074,50.04405975341797
768,768,768,1763579403.3231633,1763579403.2730165,-50.14681816101074,49.96657371520996,50.22096633911133
769,769,769,1763579403.3731298,1763579403.3231633,-49.96657371520996,49.89004135131836,50.14681816101074
770,770,770,1763579403.42302,1763579403.3731298,-49.89004135131836,50.25053024291992,49.96657371520996
771,771,771,1763579403.4732704,1763579403.42302,-50.25053024291992,49.93152618408203,49.89004135131836
772,772,772,1763579403.523202,1763579403.4732704,-49.93152618408203,49.926042556762695,50.25053024291992
773,773,773,1763579403.573128,1763579403.523202,-49.926042556762695,49.774885177612305,49.93152618408203
774,774,774,1763579403.6229029,1763579403.573128,-49.774885177612305,49.755096435546875,49.926042556762695
775,775,775,1763579403.672658,1763579403.6229029,-49.755096435546875,49.99136924743652,49.774885177612305
776,776,776,1763579403.7226493,1763579403.672658,-49.99136924743652,50.16469955444336,49.755096435546875
777,777,777,1763579403.772814,1763579403.7226493,-50.16469955444336,50.16207695007324,49.99136924743652
778,778,778,1763579403.822976,1763579403.772814,-50.16207695007324,50.261497497558594,50.16469955444336
779,779,779,1763579403.8732376,1763579403.822976,-50.261497497558594,49.985408782958984,50.16207695007324
780,780,780,1763579403.923223,1763579403.8732376,-49.985408782958984,49.7736930847168,50.261497497558594
781,781,781,1763579403.9729967,1763579403.923223,-49.7736930847168,49.67546463012695,49.985408782958984
782,782,782,1763579404.0226722,1763579403.9729967,-49.67546463012695,50.00495910644531,49.7736930847168
783,783,783,1763579404.0726771,1763579404.0226722,-50.00495910644531,50.362348556518555,49.67546463012695
784,784,784,1763579404.1230395,1763579404.0726771,-50.362348556518555,50.229549407958984,50.00495910644531
785,785,785,1763579404.173269,1763579404.1230395,-50.229549407958984,49.87525939941406,50.362348556518555
786,786,786,1763579404.2231443,1763579404.173269,-49.87525939941406,49.76153373718262,50.229549407958984
787,787,787,1763579404.2729058,1763579404.2231443,-49.76153373718262,49.913883209228516,49.87525939941406
788,788,788,1763579404.3228197,1763579404.2729058,-49.913883209228516,49.98612403869629,49.76153373718262
789,789,789,1763579404.3728058,1763579404.3228197,-49.98612403869629,50.11558532714844,49.913883209228516
790,790,790,1763579404.4229214,1763579404.3728058,-50.11558532714844,50.20785331726074,49.98612403869629
791,791,791,1763579404.4731293,1763579404.4229214,-50.20785331726074,50.13704299926758,50.11558532714844
792,792,792,1763579404.5232663,1763579404.4731293,-50.13704299926758,49.83019828796387,50.20785331726074
793,793,793,1763579404.5730965,1763579404.5232663,-49.83019828796387,49.80158805847168,50.13704299926758
794,794,794,1763579404.622898,1763579404.5730965,-49.80158805847168,50.16589164733887,49.83019828796387
795,795,795,1763579404.673064,1763579404.622898,-50.16589164733887,49.94010925292969,49.80158805847168
796,796,796,1763579404.723004,1763579404.673064,-49.94010925292969,50.04119873046875,50.16589164733887
797,797,797,1763579404.7730453,1763579404.723004,-50.04119873046875,50.21548271179199,49.94010925292969
798,798,798,1763579404.8232608,1763579404.7730453,-50.21548271179199,50.05359649658203,50.04119873046875
799,799,799,1763579404.8733144,1763579404.8232608,-50.05359649658203,49.70908164978027,50.21548271179199
800,800,800,1763579404.9230235,1763579404.8733144,-49.70908164978027,49.71575736999512,50.05359649658203
801,801,801,1763579404.9727392,1763579404.9230235,-49.71575736999512,50.138235092163086,49.70908164978027
802,802,802,1763579405.0228775,1763579404.9727392,-50.138235092163086,50.086259841918945,49.71575736999512
803,803,803,1763579405.0729637,1763579405.0228775,-50.086259841918945,50.0788688659668,50.138235092163086
804,804,804,1763579405.1230426,1763579405.0729637,-50.0788688659668,50.02927780151367,50.086259841918945
805,805,805,1763579405.1730719,1763579405.1230426,-50.02927780151367,49.97897148132324,50.0788688659668
806,806,806,1763579405.2230508,1763579405.1730719,-49.97897148132324,49.91865158081055,50.02927780151367
807,807,807,1763579405.2729695,1763579405.2230508,-49.91865158081055,49.87764358520508,49.97897148132324
808,808,808,1763579405.3228471,1763579405.2729695,-49.87764358520508,49.9875545501709,49.91865158081055
809,809,809,1763579405.3728347,1763579405.3228471,-49.9875545501709,50.07004737854004,49.87764358520508
810,810,810,1763579405.4229047,1763579405.3728347,-50.07004737854004,50.0636100769043,49.9875545501709
811,811,811,1763579405.4729683,1763579405.4229047,-50.0636100769043,50.19259452819824,50.07004737854004
812,812,812,1763579405.523161,1763579405.4729683,-50.19259452819824,48.86364936828613,50.0636100769043
813,813,813,1763579405.5720246,1763579405.523161,-48.86364936828613,49.0117073059082,50.19259452819824
814,814,814,1763579405.6210363,1763579405.5720246,-49.0117073059082,49.84903335571289,48.86364936828613
815,815,815,1763579405.6708853,1763579405.6210363,-49.84903335571289,50.63223838806152,49.0117073059082
816,816,816,1763579405.7215176,1763579405.6708853,-50.63223838806152,50.856590270996094,49.84903335571289
817,817,817,1763579405.7723742,1763579405.7215176,-50.856590270996094,50.16446113586426,50.63223838806152
818,818,818,1763579405.8225386,1763579405.7723742,-50.16446113586426,48.78807067871094,50.856590270996094
819,819,819,1763579405.8713267,1763579405.8225386,-48.78807067871094,48.92277717590332,50.16446113586426
820,820,820,1763579405.9202495,1763579405.8713267,-48.92277717590332,49.809932708740234,48.78807067871094
821,821,821,1763579405.9700594,1763579405.9202495,-49.809932708740234,50.77838897705078,48.92277717590332
822,822,822,1763579406.0208378,1763579405.9700594,-50.77838897705078,50.75979232788086,49.809932708740234
823,823,823,1763579406.0715976,1763579406.0208378,-50.75979232788086,50.232648849487305,50.77838897705078
824,824,824,1763579406.1218302,1763579406.0715976,-50.232648849487305,49.56507682800293,50.75979232788086
825,825,825,1763579406.1713953,1763579406.1218302,-49.56507682800293,48.88582229614258,50.232648849487305
826,826,826,1763579406.2202811,1763579406.1713953,-48.88582229614258,49.12614822387695,49.56507682800293
827,827,827,1763579406.2694073,1763579406.2202811,-49.12614822387695,50.20642280578613,48.88582229614258
828,828,828,1763579406.3196137,1763579406.2694073,-50.20642280578613,50.66251754760742,49.12614822387695
829,829,829,1763579406.3702762,1763579406.3196137,-50.66251754760742,50.580501556396484,50.20642280578613
830,830,830,1763579406.4208567,1763579406.3702762,-50.580501556396484,50.14634132385254,50.66251754760742
831,831,831,1763579406.471003,1763579406.4208567,-50.14634132385254,49.86929893493652,50.580501556396484
832,832,832,1763579406.5208724,1763579406.471003,-49.86929893493652,49.73316192626953,50.14634132385254
833,833,833,1763579406.5706055,1763579406.5208724,-49.73316192626953,49.58224296569824,49.86929893493652
834,834,834,1763579406.6201878,1763579406.5706055,-49.58224296569824,49.794912338256836,49.73316192626953
835,835,835,1763579406.6699827,1763579406.6201878,-49.794912338256836,50.14395713806152,49.58224296569824
836,836,836,1763579406.7201266,1763579406.6699827,-50.14395713806152,50.394535064697266,49.794912338256836
837,837,837,1763579406.7705212,1763579406.7201266,-50.394535064697266,50.19116401672363,50.14395713806152
838,838,838,1763579406.8207123,1763579406.7705212,-50.19116401672363,50.00758171081543,50.394535064697266
839,839,839,1763579406.87072,1763579406.8207123,-50.00758171081543,49.67617988586426,50.19116401672363
840,840,840,1763579406.920396,1763579406.87072,-49.67617988586426,49.57103729248047,50.00758171081543
841,841,841,1763579406.9699671,1763579406.920396,-49.57103729248047,49.84283447265625,49.67617988586426
842,842,842,1763579407.01981,1763579406.9699671,-49.84283447265625,50.2164363861084,49.57103729248047
843,843,843,1763579407.0700264,1763579407.01981,-50.2164363861084,50.37641525268555,49.84283447265625
844,844,844,1763579407.1204028,1763579407.0700264,-50.37641525268555,50.21834373474121,50.2164363861084
845,845,845,1763579407.1706212,1763579407.1204028,-50.21834373474121,49.95584487915039,50.37641525268555
846,846,846,1763579407.220577,1763579407.1706212,-49.95584487915039,49.87025260925293,50.21834373474121
847,847,847,1763579407.2704473,1763579407.220577,-49.87025260925293,49.73244667053223,49.95584487915039
848,848,848,1763579407.3201797,1763579407.2704473,-49.73244667053223,49.93009567260742,49.87025260925293
849,849,849,1763579407.3701098,1763579407.3201797,-49.93009567260742,50.04072189331055,49.73244667053223
850,850,850,1763579407.4201505,1763579407.3701098,-50.04072189331055,50.15277862548828,49.93009567260742
851,851,851,1763579407.4703033,1763579407.4201505,-50.15277862548828,50.23550987243652,50.04072189331055
852,852,852,1763579407.5205388,1763579407.4703033,-50.23550987243652,50.15969276428223,50.15277862548828
853,853,853,1763579407.5706985,1763579407.5205388,-50.15969276428223,49.767255783081055,50.23550987243652
854,854,854,1763579407.6204658,1763579407.5706985,-49.767255783081055,49.61848258972168,50.15969276428223
855,855,855,1763579407.6700842,1763579407.6204658,-49.61848258972168,49.84545707702637,49.767255783081055
856,856,856,1763579407.7199297,1763579407.6700842,-49.84545707702637,50.24862289428711,49.61848258972168
857,857,857,1763579407.7701783,1763579407.7199297,-50.24862289428711,50.34232139587402,49.84545707702637
858,858,858,1763579407.8205206,1763579407.7701783,-50.34232139587402,50.22025108337402,50.24862289428711
859,859,859,1763579407.870741,1763579407.8205206,-50.22025108337402,49.83210563659668,50.34232139587402
860,860,860,1763579407.920573,1763579407.870741,-49.83210563659668,49.694061279296875,50.22025108337402
861,861,861,1763579407.970267,1763579407.920573,-49.694061279296875,49.79896545410156,49.83210563659668
862,862,862,1763579408.020066,1763579407.970267,-49.79896545410156,50.00758171081543,49.694061279296875
863,863,863,1763579408.0700736,1763579408.020066,-50.00758171081543,50.13704299926758,49.79896545410156
864,864,864,1763579408.1202106,1763579408.0700736,-50.13704299926758,50.154924392700195,50.00758171081543
865,865,865,1763579408.1703656,1763579408.1202106,-50.154924392700195,50.5673885345459,50.13704299926758
866,866,866,1763579408.220933,1763579408.1703656,-50.5673885345459,50.05168914794922,50.154924392700195
867,867,867,1763579408.2709846,1763579408.220933,-50.05168914794922,49.700260162353516,50.5673885345459
868,868,868,1763579408.320685,1763579408.2709846,-49.700260162353516,49.82447624206543,50.05168914794922
869,869,869,1763579408.3705094,1763579408.320685,-49.82447624206543,49.730777740478516,49.700260162353516
870,870,870,1763579408.4202402,1763579408.3705094,-49.730777740478516,49.933433532714844,49.82447624206543
871,871,871,1763579408.4701736,1763579408.4202402,-49.933433532714844,50.020456314086914,49.730777740478516
872,872,872,1763579408.520194,1763579408.4701736,-50.020456314086914,50.208091735839844,49.933433532714844
873,873,873,1763579408.5704021,1763579408.520194,-50.208091735839844,50.06766319274902,50.020456314086914
874,874,874,1763579408.6204698,1763579408.5704021,-50.06766319274902,49.94845390319824,50.208091735839844
875,875,875,1763579408.6704183,1763579408.6204698,-49.94845390319824,49.950599670410156,50.06766319274902
876,876,876,1763579408.7203689,1763579408.6704183,-49.950599670410156,50.25148391723633,49.94845390319824
877,877,877,1763579408.7706203,1763579408.7203689,-50.25148391723633,49.97706413269043,49.950599670410156
878,878,878,1763579408.8205974,1763579408.7706203,-49.97706413269043,49.9727725982666,50.25148391723633
879,879,879,1763579408.8705702,1763579408.8205974,-49.9727725982666,49.753665924072266,49.97706413269043
880,880,880,1763579408.9203238,1763579408.8705702,-49.753665924072266,49.94773864746094,49.9727725982666
881,881,881,1763579408.9702716,1763579408.9203238,-49.94773864746094,50.07743835449219,49.753665924072266
882,882,882,1763579409.020349,1763579408.9702716,-50.07743835449219,50.17900466918945,49.94773864746094
883,883,883,1763579409.070528,1763579409.020349,-50.17900466918945,50.200462341308594,50.07743835449219
884,884,884,1763579409.1207285,1763579409.070528,-50.200462341308594,49.894094467163086,50.17900466918945
885,885,885,1763579409.1706226,1763579409.1207285,-49.894094467163086,49.700021743774414,50.200462341308594
886,886,886,1763579409.2203226,1763579409.1706226,-49.700021743774414,49.77893829345703,49.894094467163086
887,887,887,1763579409.2701015,1763579409.2203226,-49.77893829345703,50.069570541381836,49.700021743774414
888,888,888,1763579409.320171,1763579409.2701015,-50.069570541381836,50.087690353393555,49.77893829345703
889,889,889,1763579409.3702588,1763579409.320171,-50.087690353393555,50.12655258178711,50.069570541381836
890,890,890,1763579409.4203854,1763579409.3702588,-50.12655258178711,50.191640853881836,50.087690353393555
891,891,891,1763579409.470577,1763579409.4203854,-50.191640853881836,49.94082450866699,50.12655258178711
892,892,892,1763579409.5205178,1763579409.470577,-49.94082450866699,49.76654052734375,50.191640853881836
893,893,893,1763579409.5702844,1763579409.5205178,-49.76654052734375,50.00495910644531,49.94082450866699
894,894,894,1763579409.6202893,1763579409.5702844,-50.00495910644531,50.2471923828125,49.76654052734375
895,895,895,1763579409.6705365,1763579409.6202893,-50.2471923828125,50.9486198425293,50.00495910644531
896,896,896,1763579409.7214851,1763579409.6705365,-50.9486198425293,50.56023597717285,50.2471923828125
897,897,897,1763579409.7720454,1763579409.7214851,-50.56023597717285,49.04890060424805,50.9486198425293
898,898,898,1763579409.8210943,1763579409.7720454,-49.04890060424805,48.73204231262207,50.56023597717285
899,899,899,1763579409.8698263,1763579409.8210943,-48.73204231262207,49.42917823791504,49.04890060424805
900,900,900,1763579409.9192555,1763579409.8698263,-49.42917823791504,50.36592483520508,48.73204231262207
901,901,901,1763579409.9696214,1763579409.9192555,-50.36592483520508,50.832509994506836,49.42917823791504
902,902,902,1763579410.020454,1763579409.9696214,-50.832509994506836,50.63986778259277,50.36592483520508
903,903,903,1763579410.0710938,1763579410.020454,-50.63986778259277,50.005197525024414,50.832509994506836
904,904,904,1763579410.121099,1763579410.0710938,-50.005197525024414,49.61967468261719,50.63986778259277
905,905,905,1763579410.1707187,1763579410.121099,-49.61967468261719,49.521684646606445,50.005197525024414
906,906,906,1763579410.2202404,1763579410.1707187,-49.521684646606445,49.9420166015625,49.61967468261719
907,907,907,1763579410.2701824,1763579410.2202404,-49.9420166015625,50.11916160583496,49.521684646606445
908,908,908,1763579410.3203015,1763579410.2701824,-50.11916160583496,50.137996673583984,49.9420166015625
909,909,909,1763579410.3704395,1763579410.3203015,-50.137996673583984,50.1096248626709,50.11916160583496
910,910,910,1763579410.4205492,1763579410.3704395,-50.1096248626709,50.26078224182129,50.137996673583984
911,911,911,1763579410.47081,1763579410.4205492,-50.26078224182129,49.94964599609375,50.1096248626709
912,912,912,1763579410.5207596,1763579410.47081,-49.94964599609375,49.64303970336914,50.26078224182129
913,913,913,1763579410.5704026,1763579410.5207596,-49.64303970336914,49.634456634521484,49.94964599609375
914,914,914,1763579410.620037,1763579410.5704026,-49.634456634521484,50.0333309173584,49.64303970336914
915,915,915,1763579410.6700704,1763579410.620037,-50.0333309173584,50.31132698059082,49.634456634521484
916,916,916,1763579410.7203817,1763579410.6700704,-50.31132698059082,50.05645751953125,50.0333309173584
917,917,917,1763579410.7704382,1763579410.7203817,-50.05645751953125,49.89123344421387,50.31132698059082
918,918,918,1763579410.8203294,1763579410.7704382,-49.89123344421387,49.94320869445801,50.05645751953125
919,919,919,1763579410.8702726,1763579410.8203294,-49.94320869445801,50.1711368560791,49.89123344421387
920,920,920,1763579410.9204438,1763579410.8702726,-50.1711368560791,50.0946044921875,49.94320869445801
921,921,921,1763579410.9705384,1763579410.9204438,-50.0946044921875,50.04286766052246,50.1711368560791
922,922,922,1763579411.0205812,1763579410.9705384,-50.04286766052246,49.95441436767578,50.0946044921875
923,923,923,1763579411.0705357,1763579411.0205812,-49.95441436767578,49.78227615356445,50.04286766052246
924,924,924,1763579411.120318,1763579411.0705357,-49.78227615356445,49.80278015136719,49.95441436767578
925,925,925,1763579411.1701207,1763579411.120318,-49.80278015136719,49.963951110839844,49.78227615356445
926,926,926,1763579411.2200847,1763579411.1701207,-49.963951110839844,50.275325775146484,49.80278015136719
927,927,927,1763579411.27036,1763579411.2200847,-50.275325775146484,50.118207931518555,49.963951110839844
928,928,928,1763579411.3204782,1763579411.27036,-50.118207931518555,50.08292198181152,50.275325775146484
929,929,929,1763579411.3705611,1763579411.3204782,-50.08292198181152,49.958229064941406,50.118207931518555
930,930,930,1763579411.4205194,1763579411.3705611,-49.958229064941406,50.00591278076172,50.08292198181152
931,931,931,1763579411.4705253,1763579411.4205194,-50.00591278076172,49.72100257873535,49.958229064941406
932,932,932,1763579411.5202463,1763579411.4705253,-49.72100257873535,49.872398376464844,50.00591278076172
933,933,933,1763579411.5701187,1763579411.5202463,-49.872398376464844,49.99995231628418,49.72100257873535
934,934,934,1763579411.6201186,1763579411.5701187,-49.99995231628418,50.257205963134766,49.872398376464844
935,935,935,1763579411.6703758,1763579411.6201186,-50.257205963134766,50.2629280090332,49.99995231628418
936,936,936,1763579411.7206388,1763579411.6703758,-50.2629280090332,50.136566162109375,50.257205963134766
937,937,937,1763579411.7707753,1763579411.7206388,-50.136566162109375,49.85785484313965,50.2629280090332
938,938,938,1763579411.8206332,1763579411.7707753,-49.85785484313965,49.619197845458984,50.136566162109375
939,939,939,1763579411.8702524,1763579411.8206332,-49.619197845458984,49.726247787475586,49.85785484313965
940,940,940,1763579411.9199786,1763579411.8702524,-49.726247787475586,50.01473426818848,49.619197845458984
941,941,941,1763579411.9699934,1763579411.9199786,-50.01473426818848,50.214290618896484,49.726247787475586
942,942,942,1763579412.0202076,1763579411.9699934,-50.214290618896484,50.37951469421387,50.01473426818848
943,943,943,1763579412.0705872,1763579412.0202076,-50.37951469421387,50.081729888916016,50.214290618896484
944,944,944,1763579412.120669,1763579412.0705872,-50.081729888916016,49.96967315673828,50.37951469421387
945,945,945,1763579412.1706386,1763579412.120669,-49.96967315673828,49.846649169921875,50.081729888916016
946,946,946,1763579412.2204852,1763579412.1706386,-49.846649169921875,49.73578453063965,49.96967315673828
947,947,947,1763579412.270221,1763579412.2204852,-49.73578453063965,49.96991157531738,49.846649169921875
948,948,948,1763579412.320191,1763579412.270221,-49.96991157531738,49.98373985290527,49.73578453063965
949,949,949,1763579412.3701746,1763579412.320191,-49.98373985290527,50.07815361022949,49.96991157531738
950,950,950,1763579412.4202528,1763579412.3701746,-50.07815361022949,50.03952980041504,49.98373985290527
951,951,951,1763579412.4702923,1763579412.4202528,-50.03952980041504,50.29869079589844,50.07815361022949
952,952,952,1763579412.520591,1763579412.4702923,-50.29869079589844,50.14467239379883,50.03952980041504
953,953,953,1763579412.5707357,1763579412.520591,-50.14467239379883,49.89218711853027,50.29869079589844
954,954,954,1763579412.6206279,1763579412.5707357,-49.89218711853027,49.66926574707031,50.14467239379883
955,955,955,1763579412.6702971,1763579412.6206279,-49.66926574707031,49.77297782897949,49.89218711853027
956,956,956,1763579412.7200701,1763579412.6702971,-49.77297782897949,50.054311752319336,49.66926574707031
957,957,957,1763579412.7701244,1763579412.7200701,-50.054311752319336,50.092220306396484,49.77297782897949
958,958,958,1763579412.8202167,1763579412.7701244,-50.092220306396484,50.09889602661133,50.054311752319336
959,959,959,1763579412.8703156,1763579412.8202167,-50.09889602661133,50.01688003540039,50.092220306396484
960,960,960,1763579412.9203324,1763579412.8703156,-50.01688003540039,50.02284049987793,50.09889602661133
961,961,961,1763579412.9703553,1763579412.9203324,-50.02284049987793,49.952030181884766,50.01688003540039
962,962,962,1763579413.0203073,1763579412.9703553,-49.952030181884766,49.954891204833984,50.02284049987793
963,963,963,1763579413.0702622,1763579413.0203073,-49.954891204833984,50.37665367126465,49.952030181884766
964,964,964,1763579413.1206388,1763579413.0702622,-50.37665367126465,50.12822151184082,49.954891204833984
965,965,965,1763579413.170767,1763579413.1206388,-50.12822151184082,49.76248741149902,50.37665367126465
966,966,966,1763579413.2205296,1763579413.170767,-49.76248741149902,49.98016357421875,50.12822151184082
967,967,967,1763579413.2705097,1763579413.2205296,-49.98016357421875,49.81398582458496,49.76248741149902
968,968,968,1763579413.3203237,1763579413.2705097,-49.81398582458496,49.93724822998047,49.98016357421875
969,969,969,1763579413.370261,1763579413.3203237,-49.93724822998047,50.066232681274414,49.81398582458496
970,970,970,1763579413.4203272,1763579413.370261,-50.066232681274414,50.09293556213379,49.93724822998047
971,971,971,1763579413.4704201,1763579413.4203272,-50.09293556213379,49.99971389770508,50.066232681274414
972,972,972,1763579413.5204198,1763579413.4704201,-49.99971389770508,49.97086524963379,50.09293556213379
973,973,973,1763579413.5703907,1763579413.5204198,-49.97086524963379,49.95560646057129,49.99971389770508
974,974,974,1763579413.6203463,1763579413.5703907,-49.95560646057129,49.92961883544922,49.97086524963379
975,975,975,1763579413.670276,1763579413.6203463,-49.92961883544922,50.041913986206055,49.95560646057129
976,976,976,1763579413.7203178,1763579413.670276,-50.041913986206055,50.11463165283203,49.92961883544922
977,977,977,1763579413.7704325,1763579413.7203178,-50.11463165283203,50.20952224731445,50.041913986206055
978,978,978,1763579413.820642,1763579413.7704325,-50.20952224731445,49.97396469116211,50.11463165283203
979,979,979,1763579413.870616,1763579413.820642,-49.97396469116211,49.774169921875,50.20952224731445
980,980,980,1763579413.9203901,1763579413.870616,-49.774169921875,49.91936683654785,49.97396469116211
981,981,981,1763579413.9703095,1763579413.9203901,-49.91936683654785,49.99399185180664,49.774169921875
982,982,982,1763579414.0203035,1763579413.9703095,-49.99399185180664,50.048112869262695,49.91936683654785
983,983,983,1763579414.0703516,1763579414.0203035,-50.048112869262695,50.084829330444336,49.99399185180664
984,984,984,1763579414.1204364,1763579414.0703516,-50.084829330444336,50.14514923095703,50.048112869262695
985,985,985,1763579414.1705816,1763579414.1204364,-50.14514923095703,49.86977577209473,50.084829330444336
986,986,986,1763579414.2204514,1763579414.1705816,-49.86977577209473,49.81565475463867,50.14514923095703
987,987,987,1763579414.270267,1763579414.2204514,-49.81565475463867,49.96013641357422,49.86977577209473
988,988,988,1763579414.3202271,1763579414.270267,-49.96013641357422,50.165414810180664,49.81565475463867
989,989,989,1763579414.3703926,1763579414.3202271,-50.165414810180664,50.050973892211914,49.96013641357422
990,990,990,1763579414.4204435,1763579414.3703926,-50.050973892211914,49.94010925292969,50.165414810180664
991,991,991,1763579414.4703836,1763579414.4204435,-49.94010925292969,49.94845390319824,50.050973892211914
992,992,992,1763579414.520332,1763579414.4703836,-49.94845390319824,49.8807430267334,49.94010925292969
993,993,993,1763579414.5702128,1763579414.520332,-49.8807430267334,50.19068717956543,49.94845390319824
994,994,994,1763579414.6204035,1763579414.5702128,-50.19068717956543,50.05693435668945,49.8807430267334
995,995,995,1763579414.6704605,1763579414.6204035,-50.05693435668945,50.06289482116699,50.19068717956543
996,996,996,1763579414.7205234,1763579414.6704605,-50.06289482116699,49.92103576660156,50.05693435668945
997,997,997,1763579414.7704444,1763579414.7205234,-49.92103576660156,49.74031448364258,50.06289482116699
998,998,998,1763579414.8201847,1763579414.7704444,-49.74031448364258,49.788713455200195,49.92103576660156
999,999,999,1763579414.8699734,1763579414.8201847,-49.788713455200195,50.0943660736084,49.74031448364258
1000,1000,1000,1763579414.9200678,1763579414.8699734,-50.0943660736084,50.193071365356445,49.788713455200195
1001,1001,1001,1763579414.9702609,1763579414.9200678,-50.193071365356445,50.171613693237305,50.0943660736084
1002,1002,1002,1763579415.0204325,1763579414.9702609,-50.171613693237305,50.00424385070801,50.193071365356445
1003,1003,1003,1763579415.0704367,1763579415.0204325,-50.00424385070801,50.1096248626709,50.171613693237305
1004,1004,1004,1763579415.1205463,1763579415.0704367,-50.1096248626709,49.86262321472168,50.00424385070801
1005,1005,1005,1763579415.170409,1763579415.1205463,-49.86262321472168,49.81064796447754,50.1096248626709
1006,1006,1006,1763579415.2202196,1763579415.170409,-49.81064796447754,49.96752738952637,49.86262321472168
1007,1007,1007,1763579415.2701871,1763579415.2202196,-49.96752738952637,50.06241798400879,49.81064796447754
1008,1008,1008,1763579415.3202496,1763579415.2701871,-50.06241798400879,50.212860107421875,49.96752738952637
1009,1009,1009,1763579415.3704624,1763579415.3202496,-50.212860107421875,49.99065399169922,50.06241798400879
1010,1010,1010,1763579415.420453,1763579415.3704624,-49.99065399169922,50.07815361022949,50.212860107421875
1011,1011,1011,1763579415.4705312,1763579415.420453,-50.07815361022949,49.93486404418945,49.99065399169922
1012,1012,1012,1763579415.520466,1763579415.4705312,-49.93486404418945,49.7891902923584,50.07815361022949
1013,1013,1013,1763579415.5702553,1763579415.520466,-49.7891902923584,49.82113838195801,49.93486404418945
1014,1014,1014,1763579415.6200764,1763579415.5702553,-49.82113838195801,50.21786689758301,49.7891902923584
1015,1015,1015,1763579415.6702943,1763579415.6200764,-50.21786689758301,50.25911331176758,49.82113838195801
1016,1016,1016,1763579415.7205534,1763579415.6702943,-50.25911331176758,50.22859573364258,50.21786689758301
1017,1017,1017,1763579415.770782,1763579415.7205534,-50.22859573364258,49.787282943725586,50.25911331176758
1018,1018,1018,1763579415.8205693,1763579415.770782,-49.787282943725586,49.608469009399414,50.22859573364258
1019,1019,1019,1763579415.8701777,1763579415.8205693,-49.608469009399414,50.071001052856445,49.787282943725586
1020,1020,1020,1763579415.9202487,1763579415.8701777,-50.071001052856445,50.046443939208984,49.608469009399414
1021,1021,1021,1763579415.9702952,1763579415.9202487,-50.046443939208984,50.00567436218262,50.071001052856445
1022,1022,1022,1763579416.0203009,1763579415.9702952,-50.00567436218262,50.251007080078125,50.046443939208984
1023,1023,1023,1763579416.0705519,1763579416.0203009,-50.251007080078125,50.06122589111328,50.00567436218262
1024,1024,1024,1763579416.120613,1763579416.0705519,-50.06122589111328,49.78013038635254,50.251007080078125
1025,1025,1025,1763579416.1703932,1763579416.120613,-49.78013038635254,49.69310760498047,50.06122589111328
1026,1026,1026,1763579416.2200863,1763579416.1703932,-49.69310760498047,50.000905990600586,49.78013038635254
1027,1027,1027,1763579416.2700872,1763579416.2200863,-50.000905990600586,50.08530616760254,49.69310760498047
1028,1028,1028,1763579416.3201725,1763579416.2700872,-50.08530616760254,50.19402503967285,50.000905990600586
1029,1029,1029,1763579416.3703666,1763579416.3201725,-50.19402503967285,50.09317398071289,50.08530616760254
1030,1030,1030,1763579416.4204597,1763579416.3703666,-50.09317398071289,50.24886131286621,50.19402503967285
1031,1031,1031,1763579416.4707086,1763579416.4204597,-50.24886131286621,49.756765365600586,50.09317398071289
1032,1032,1032,1763579416.5204654,1763579416.4707086,-49.756765365600586,49.70192909240723,50.24886131286621
1033,1033,1033,1763579416.5701673,1763579416.5204654,-49.70192909240723,49.85833168029785,49.756765365600586
1034,1034,1034,1763579416.6200256,1763579416.5701673,-49.85833168029785,50.1096248626709,49.70192909240723
1035,1035,1035,1763579416.6701353,1763579416.6200256,-50.1096248626709,50.14753341674805,49.85833168029785
1036,1036,1036,1763579416.7202828,1763579416.6701353,-50.14753341674805,50.095319747924805,50.1096248626709
1037,1037,1037,1763579416.770378,1763579416.7202828,-50.095319747924805,50.86207389831543,50.14753341674805
1038,1038,1038,1763579416.8212402,1763579416.770378,-50.86207389831543,50.95791816711426,50.095319747924805
1039,1039,1039,1763579416.872198,1763579416.8212402,-50.95791816711426,50.15754699707031,50.86207389831543
1040,1040,1040,1763579416.9223557,1763579416.872198,-50.15754699707031,49.5762825012207,50.95791816711426
1041,1041,1041,1763579416.971932,1763579416.9223557,-49.5762825012207,49.298763275146484,50.15754699707031
1042,1042,1042,1763579417.0212307,1763579416.971932,-49.298763275146484,49.64923858642578,49.5762825012207
1043,1043,1043,1763579417.07088,1763579417.0212307,-49.64923858642578,50.20403861999512,49.298763275146484
1044,1044,1044,1763579417.121084,1763579417.07088,-50.20403861999512,50.492048263549805,49.64923858642578
1045,1045,1045,1763579417.171576,1763579417.121084,-50.492048263549805,50.76932907104492,50.20403861999512
1046,1046,1046,1763579417.2223454,1763579417.171576,-50.76932907104492,50.122976303100586,50.492048263549805
1047,1047,1047,1763579417.2724683,1763579417.2223454,-50.122976303100586,49.5755672454834,50.76932907104492
1048,1048,1048,1763579417.322044,1763579417.2724683,-49.5755672454834,49.485206604003906,50.122976303100586
1049,1049,1049,1763579417.371529,1763579417.322044,-49.485206604003906,49.7744083404541,49.5755672454834
1050,1050,1050,1763579417.4213035,1763579417.371529,-49.7744083404541,50.132036209106445,49.485206604003906
1051,1051,1051,1763579417.4714355,1763579417.4213035,-50.132036209106445,50.310611724853516,49.7744083404541
1052,1052,1052,1763579417.5217462,1763579417.4714355,-50.310611724853516,50.27031898498535,50.132036209106445
1053,1053,1053,1763579417.5720165,1763579417.5217462,-50.27031898498535,49.753427505493164,50.310611724853516
1054,1054,1054,1763579417.62177,1763579417.5720165,-49.753427505493164,49.66259002685547,50.27031898498535
1055,1055,1055,1763579417.6714325,1763579417.62177,-49.66259002685547,49.8044490814209,49.753427505493164
1056,1056,1056,1763579417.721237,1763579417.6714325,-49.8044490814209,50.916433334350586,49.66259002685547
1057,1057,1057,1763579417.7721534,1763579417.721237,-50.916433334350586,51.45835876464844,49.8044490814209
1058,1058,1058,1763579417.8236117,1763579417.7721534,-51.45835876464844,50.67849159240723,50.916433334350586
1059,1059,1059,1763579417.8742902,1763579417.8236117,-50.67849159240723,49.53742027282715,51.45835876464844
1060,1060,1060,1763579417.9238276,1763579417.8742902,-49.53742027282715,48.9954948425293,50.67849159240723
1061,1061,1061,1763579417.9728231,1763579417.9238276,-48.9954948425293,49.268245697021484,49.53742027282715
1062,1062,1062,1763579418.0220914,1763579417.9728231,-49.268245697021484,50.17352104187012,48.9954948425293
1063,1063,1063,1763579418.072265,1763579418.0220914,-50.17352104187012,50.623416900634766,49.268245697021484
1064,1064,1064,1763579418.1228883,1763579418.072265,-50.623416900634766,50.57835578918457,50.17352104187012
1065,1065,1065,1763579418.1734667,1763579418.1228883,-50.57835578918457,50.154685974121094,50.623416900634766
1066,1066,1066,1763579418.2236214,1763579418.1734667,-50.154685974121094,49.642086029052734,50.57835578918457
1067,1067,1067,1763579418.2732635,1763579418.2236214,-49.642086029052734,51.31888389587402,50.154685974121094
1068,1068,1068,1763579418.3245823,1763579418.2732635,-51.31888389587402,49.5150089263916,49.642086029052734
1069,1069,1069,1763579418.3740973,1763579418.3245823,-49.5150089263916,49.088478088378906,51.31888389587402
1070,1070,1070,1763579418.4231858,1763579418.3740973,-49.088478088378906,49.06129837036133,49.5150089263916
1071,1071,1071,1763579418.4722471,1763579418.4231858,-49.06129837036133,49.89123344421387,49.088478088378906
1072,1072,1072,1763579418.5221384,1763579418.4722471,-49.89123344421387,50.68635940551758,49.06129837036133
1073,1073,1073,1763579418.5728247,1763579418.5221384,-50.68635940551758,50.63176155090332,49.89123344421387
1074,1074,1074,1763579418.6234565,1763579418.5728247,-50.63176155090332,50.193071365356445,50.68635940551758
1075,1075,1075,1763579418.6736495,1763579418.6234565,-50.193071365356445,49.730539321899414,50.63176155090332
1076,1076,1076,1763579418.72338,1763579418.6736495,-49.730539321899414,49.628496170043945,50.193071365356445
1077,1077,1077,1763579418.7730086,1763579418.72338,-49.628496170043945,49.72672462463379,49.730539321899414
1078,1078,1078,1763579418.8227353,1763579418.7730086,-49.72672462463379,49.91555213928223,49.628496170043945
1079,1079,1079,1763579418.8726509,1763579418.8227353,-49.91555213928223,50.21166801452637,49.72672462463379
1080,1080,1080,1763579418.9228625,1763579418.8726509,-50.21166801452637,50.38571357727051,49.91555213928223
1081,1081,1081,1763579418.9732482,1763579418.9228625,-50.38571357727051,50.18973350524902,50.21166801452637
1082,1082,1082,1763579419.023438,1763579418.9732482,-50.18973350524902,49.89266395568848,50.38571357727051
1083,1083,1083,1763579419.0733306,1763579419.023438,-49.89266395568848,49.85380172729492,50.18973350524902
1084,1084,1084,1763579419.1231844,1763579419.0733306,-49.85380172729492,50.06575584411621,49.89266395568848
1085,1085,1085,1763579419.1732502,1763579419.1231844,-50.06575584411621,49.814701080322266,49.85380172729492
1086,1086,1086,1763579419.223065,1763579419.1732502,-49.814701080322266,49.97682571411133,50.06575584411621
1087,1087,1087,1763579419.2730417,1763579419.223065,-49.97682571411133,49.825191497802734,49.814701080322266
1088,1088,1088,1763579419.322867,1763579419.2730417,-49.825191497802734,49.90339279174805,49.97682571411133
1089,1089,1089,1763579419.3727703,1763579419.322867,-49.90339279174805,50.35281181335449,49.825191497802734
1090,1090,1090,1763579419.4231231,1763579419.3727703,-50.35281181335449,50.171852111816406,49.90339279174805
1091,1091,1091,1763579419.473295,1763579419.4231231,-50.171852111816406,49.918413162231445,50.35281181335449
1092,1092,1092,1763579419.5232134,1763579419.473295,-49.918413162231445,49.76987838745117,50.171852111816406
1093,1093,1093,1763579419.5729833,1763579419.5232134,-49.76987838745117,49.77583885192871,49.918413162231445
1094,1094,1094,1763579419.622759,1763579419.5729833,-49.77583885192871,50.30703544616699,49.76987838745117
1095,1095,1095,1763579419.6730661,1763579419.622759,-50.30703544616699,50.074100494384766,49.77583885192871
1096,1096,1096,1763579419.7231402,1763579419.6730661,-50.074100494384766,49.9110221862793,50.30703544616699
1097,1097,1097,1763579419.7730513,1763579419.7231402,-49.9110221862793,49.99542236328125,50.074100494384766
1098,1098,1098,1763579419.8230467,1763579419.7730513,-49.99542236328125,50.23026466369629,49.9110221862793
1099,1099,1099,1763579419.873277,1763579419.8230467,-50.23026466369629,49.877166748046875,49.99542236328125
1100,1100,1100,1763579419.923154,1763579419.873277,-49.877166748046875,49.93629455566406,50.23026466369629
1101,1101,1101,1763579419.9730904,1763579419.923154,-49.93629455566406,49.77703094482422,49.877166748046875
1102,1102,1102,1763579420.0228674,1763579419.9730904,-49.77703094482422,49.927473068237305,49.93629455566406
1103,1103,1103,1763579420.072795,1763579420.0228674,-49.927473068237305,50.38714408874512,49.77703094482422
1104,1104,1104,1763579420.123182,1763579420.072795,-50.38714408874512,49.99709129333496,49.927473068237305
1105,1105,1105,1763579420.1731791,1763579420.123182,-49.99709129333496,50.49633979797363,50.38714408874512
1106,1106,1106,1763579420.2236755,1763579420.1731791,-50.49633979797363,49.848318099975586,49.99709129333496
1107,1107,1107,1763579420.2735238,1763579420.2236755,-49.848318099975586,49.63111877441406,50.49633979797363
1108,1108,1108,1763579420.323155,1763579420.2735238,-49.63111877441406,49.489498138427734,49.848318099975586
1109,1109,1109,1763579420.3726444,1763579420.323155,-49.489498138427734,49.74699020385742,49.63111877441406
1110,1110,1110,1763579420.4223914,1763579420.3726444,-49.74699020385742,50.290822982788086,49.489498138427734
1111,1111,1111,1763579420.4726822,1763579420.4223914,-50.290822982788086,50.40597915649414,49.74699020385742
1112,1112,1112,1763579420.5230882,1763579420.4726822,-50.40597915649414,50.34303665161133,50.290822982788086
1113,1113,1113,1763579420.5734313,1763579420.5230882,-50.34303665161133,50.08888244628906,50.40597915649414
1114,1114,1114,1763579420.6235201,1763579420.5734313,-50.08888244628906,49.79419708251953,50.34303665161133
1115,1115,1115,1763579420.6733143,1763579420.6235201,-49.79419708251953,49.721717834472656,50.08888244628906
1116,1116,1116,1763579420.723036,1763579420.6733143,-49.721717834472656,49.813270568847656,49.79419708251953
1117,1117,1117,1763579420.7728493,1763579420.723036,-49.813270568847656,49.96204376220703,49.721717834472656
1118,1118,1118,1763579420.8228114,1763579420.7728493,-49.96204376220703,50.063371658325195,49.813270568847656
1119,1119,1119,1763579420.8728747,1763579420.8228114,-50.063371658325195,50.089120864868164,49.96204376220703
1120,1120,1120,1763579420.9229639,1763579420.8728747,-50.089120864868164,50.47297477722168,50.063371658325195
1121,1121,1121,1763579420.9734368,1763579420.9229639,-50.47297477722168,49.983978271484375,50.089120864868164
1122,1122,1122,1763579421.0234208,1763579420.9734368,-49.983978271484375,49.588918685913086,50.47297477722168
1123,1123,1123,1763579421.0730097,1763579421.0234208,-49.588918685913086,49.60036277770996,49.983978271484375
1124,1124,1124,1763579421.12261,1763579421.0730097,-49.60036277770996,49.93462562561035,49.588918685913086
1125,1125,1125,1763579421.1725447,1763579421.12261,-49.93462562561035,50.27031898498535,49.60036277770996
1126,1126,1126,1763579421.222815,1763579421.1725447,-50.27031898498535,50.3237247467041,49.93462562561035
1127,1127,1127,1763579421.2731388,1763579421.222815,-50.3237247467041,50.10628700256348,50.27031898498535
1128,1128,1128,1763579421.323245,1763579421.2731388,-50.10628700256348,49.993276596069336,50.3237247467041
1129,1129,1129,1763579421.3732383,1763579421.323245,-49.993276596069336,49.82781410217285,50.10628700256348
1130,1130,1130,1763579421.4230661,1763579421.3732383,-49.82781410217285,49.69930648803711,49.993276596069336
1131,1131,1131,1763579421.4727654,1763579421.4230661,-49.69930648803711,49.85189437866211,49.82781410217285
1132,1132,1132,1763579421.5226173,1763579421.4727654,-49.85189437866211,50.19521713256836,49.69930648803711
1133,1133,1133,1763579421.5728126,1763579421.5226173,-50.19521713256836,50.251007080078125,49.85189437866211
1134,1134,1134,1763579421.6230636,1763579421.5728126,-50.251007080078125,50.44960975646973,50.19521713256836
1135,1135,1135,1763579421.6735132,1763579421.6230636,-50.44960975646973,50.18496513366699,50.251007080078125
1136,1136,1136,1763579421.7236981,1763579421.6735132,-50.18496513366699,49.8354434967041,50.44960975646973
1137,1137,1137,1763579421.7735336,1763579421.7236981,-49.8354434967041,49.654245376586914,50.18496513366699
1138,1138,1138,1763579421.8231878,1763579421.7735336,-49.654245376586914,49.81255531311035,49.8354434967041
1139,1139,1139,1763579421.8730004,1763579421.8231878,-49.81255531311035,50.07791519165039,49.654245376586914
1140,1140,1140,1763579421.9230783,1763579421.8730004,-50.07791519165039,49.9265193939209,49.81255531311035
1141,1141,1141,1763579421.9730048,1763579421.9230783,-49.9265193939209,49.836158752441406,50.07791519165039
1142,1142,1142,1763579422.022841,1763579421.9730048,-49.836158752441406,49.97420310974121,49.9265193939209
1143,1143,1143,1763579422.0728152,1763579422.022841,-49.97420310974121,50.34279823303223,49.836158752441406
1144,1144,1144,1763579422.123158,1763579422.0728152,-50.34279823303223,50.17971992492676,49.97420310974121
1145,1145,1145,1763579422.1733377,1763579422.123158,-50.17971992492676,50.11463165283203,50.34279823303223
1146,1146,1146,1763579422.2234523,1763579422.1733377,-50.11463165283203,49.695491790771484,50.17971992492676
1147,1147,1147,1763579422.2731478,1763579422.2234523,-49.695491790771484,49.936771392822266,50.11463165283203
1148,1148,1148,1763579422.3230846,1763579422.2731478,-49.936771392822266,50.03833770751953,49.695491790771484
1149,1149,1149,1763579422.373123,1763579422.3230846,-50.03833770751953,50.844430923461914,49.936771392822266
1150,1150,1150,1763579422.4239674,1763579422.373123,-50.844430923461914,50.029754638671875,50.03833770751953
1151,1151,1151,1763579422.473997,1763579422.4239674,-50.029754638671875,49.4382381439209,50.844430923461914
1152,1152,1152,1763579422.5234354,1763579422.473997,-49.4382381439209,49.52383041381836,50.029754638671875
1153,1153,1153,1763579422.5729592,1763579422.5234354,-49.52383041381836,49.83377456665039,49.4382381439209
1154,1154,1154,1763579422.622793,1763579422.5729592,-49.83377456665039,49.842119216918945,49.52383041381836
1155,1155,1155,1763579422.672635,1763579422.622793,-49.842119216918945,50.07743835449219,49.83377456665039
1156,1156,1156,1763579422.7227125,1763579422.672635,-50.07743835449219,50.173044204711914,49.842119216918945
1157,1157,1157,1763579422.7728856,1763579422.7227125,-50.173044204711914,50.16183853149414,50.07743835449219
1158,1158,1158,1763579422.8230474,1763579422.7728856,-50.16183853149414,49.98278617858887,50.173044204711914
1159,1159,1159,1763579422.8730302,1763579422.8230474,-49.98278617858887,50.0030517578125,50.16183853149414
1160,1160,1160,1763579422.9230332,1763579422.8730302,-50.0030517578125,50.23837089538574,49.98278617858887
1161,1161,1161,1763579422.9732716,1763579422.9230332,-50.23837089538574,50.08435249328613,50.0030517578125
1162,1162,1162,1763579423.023356,1763579422.9732716,-50.08435249328613,49.62754249572754,50.23837089538574
1163,1163,1163,1763579423.0729835,1763579423.023356,-49.62754249572754,49.954891204833984,50.08435249328613
1164,1164,1164,1763579423.1229384,1763579423.0729835,-49.954891204833984,49.95870590209961,49.62754249572754
1165,1165,1165,1763579423.172897,1763579423.1229384,-49.95870590209961,50.08435249328613,49.954891204833984
1166,1166,1166,1763579423.2229815,1763579423.172897,-50.08435249328613,50.15444755554199,49.95870590209961
1167,1167,1167,1763579423.273136,1763579423.2229815,-50.15444755554199,50.262451171875,50.08435249328613
1168,1168,1168,1763579423.3233984,1763579423.273136,-50.262451171875,49.81088638305664,50.15444755554199
1169,1169,1169,1763579423.3732092,1763579423.3233984,-49.81088638305664,49.58534240722656,50.262451171875
1170,1170,1170,1763579423.4227946,1763579423.3732092,-49.58534240722656,49.941301345825195,49.81088638305664
1171,1171,1171,1763579423.472736,1763579423.4227946,-49.941301345825195,50.37665367126465,49.58534240722656
1172,1172,1172,1763579423.5231125,1763579423.472736,-50.37665367126465,50.24075508117676,49.941301345825195
1173,1173,1173,1763579423.5733533,1763579423.5231125,-50.24075508117676,50.022125244140625,50.37665367126465
1174,1174,1174,1763579423.6233754,1763579423.5733533,-50.022125244140625,49.95989799499512,50.24075508117676
1175,1175,1175,1763579423.6733353,1763579423.6233754,-49.95989799499512,49.65853691101074,50.022125244140625
1176,1176,1176,1763579423.7229939,1763579423.6733353,-49.65853691101074,50.072431564331055,49.95989799499512
1177,1177,1177,1763579423.7730663,1763579423.7229939,-50.072431564331055,50.096988677978516,49.65853691101074
1178,1178,1178,1763579423.8231633,1763579423.7730663,-50.096988677978516,49.90577697753906,50.072431564331055
1179,1179,1179,1763579423.873069,1763579423.8231633,-49.90577697753906,49.85332489013672,50.096988677978516
1180,1180,1180,1763579423.9229224,1763579423.873069,-49.85332489013672,50.06694793701172,49.90577697753906
1181,1181,1181,1763579423.9729893,1763579423.9229224,-50.06694793701172,49.9262809753418,49.85332489013672
1182,1182,1182,1763579424.0229156,1763579423.9729893,-49.9262809753418,49.94368553161621,50.06694793701172
1183,1183,1183,1763579424.0728593,1763579424.0229156,-49.94368553161621,49.96228218078613,49.9262809753418
1184,1184,1184,1763579424.1228216,1763579424.0728593,-49.96228218078613,50.08983612060547,49.94368553161621
1185,1185,1185,1763579424.1729114,1763579424.1228216,-50.08983612060547,50.11105537414551,49.96228218078613
1186,1186,1186,1763579424.2230225,1763579424.1729114,-50.11105537414551,49.97611045837402,50.08983612060547
1187,1187,1187,1763579424.2729986,1763579424.2230225,-49.97611045837402,49.91888999938965,50.11105537414551
1188,1188,1188,1763579424.3229175,1763579424.2729986,-49.91888999938965,50.05311965942383,49.97611045837402
1189,1189,1189,1763579424.3729706,1763579424.3229175,-50.05311965942383,50.3230094909668,49.91888999938965
1190,1190,1190,1763579424.4232936,1763579424.3729706,-50.3230094909668,50.112009048461914,50.05311965942383
1191,1191,1191,1763579424.4734056,1763579424.4232936,-50.112009048461914,49.779653549194336,50.3230094909668
1192,1192,1192,1763579424.5231853,1763579424.4734056,-49.779653549194336,49.780845642089844,50.112009048461914
1193,1193,1193,1763579424.572966,1763579424.5231853,-49.780845642089844,49.81827735900879,49.779653549194336
1194,1194,1194,1763579424.6227844,1763579424.572966,-49.81827735900879,50.16469955444336,49.780845642089844
1195,1195,1195,1763579424.672949,1763579424.6227844,-50.16469955444336,50.249338150024414,49.81827735900879
1196,1196,1196,1763579424.7231984,1763579424.672949,-50.249338150024414,50.15873908996582,50.16469955444336
1197,1197,1197,1763579424.7733572,1763579424.7231984,-50.15873908996582,49.98898506164551,50.249338150024414
1198,1198,1198,1763579424.8233461,1763579424.7733572,-49.98898506164551,49.9117374420166,50.15873908996582
1199,1199,1199,1763579424.8732579,1763579424.8233461,-49.9117374420166,49.73554611206055,49.98898506164551
1200,1200,1200,1763579424.9229934,1763579424.8732579,-49.73554611206055,49.84140396118164,49.9117374420166
1201,1201,1201,1763579424.9728348,1763579424.9229934,-49.84140396118164,50.27437210083008,49.73554611206055
1202,1202,1202,1763579425.0231092,1763579424.9728348,-50.27437210083008,50.2476692199707,49.84140396118164
1203,1203,1203,1763579425.0733569,1763579425.0231092,-50.2476692199707,50.12083053588867,50.27437210083008
1204,1204,1204,1763579425.1234777,1763579425.0733569,-50.12083053588867,49.66092109680176,50.2476692199707
1205,1205,1205,1763579425.1731386,1763579425.1234777,-49.66092109680176,49.65806007385254,50.12083053588867
1206,1206,1206,1763579425.2227967,1763579425.1731386,-49.65806007385254,49.7889518737793,49.66092109680176
1207,1207,1207,1763579425.2725856,1763579425.2227967,-49.7889518737793,50.256967544555664,49.65806007385254
1208,1208,1208,1763579425.3228426,1763579425.2725856,-50.256967544555664,50.19664764404297,49.7889518737793
1209,1209,1209,1763579425.3730392,1763579425.3228426,-50.19664764404297,50.199031829833984,50.256967544555664
1210,1210,1210,1763579425.4232383,1763579425.3730392,-50.199031829833984,50.09722709655762,50.19664764404297
1211,1211,1211,1763579425.4733355,1763579425.4232383,-50.09722709655762,49.87978935241699,50.199031829833984
1212,1212,1212,1763579425.5232153,1763579425.4733355,-49.87978935241699,49.58224296569824,50.09722709655762
1213,1213,1213,1763579425.5727975,1763579425.5232153,-49.58224296569824,49.759864807128906,49.87978935241699
1214,1214,1214,1763579425.6225574,1763579425.5727975,-49.759864807128906,49.99375343322754,49.58224296569824
1215,1215,1215,1763579425.6725512,1763579425.6225574,-49.99375343322754,50.52590370178223,49.759864807128906
1216,1216,1216,1763579425.723077,1763579425.6725512,-50.52590370178223,50.87709426879883,49.99375343322754
1217,1217,1217,1763579425.7739542,1763579425.723077,-50.87709426879883,49.87597465515137,50.52590370178223
1218,1218,1218,1763579425.8238301,1763579425.7739542,-49.87597465515137,49.58343505859375,50.87709426879883
1219,1219,1219,1763579425.8734136,1763579425.8238301,-49.58343505859375,49.54719543457031,49.87597465515137
1220,1220,1220,1763579425.9229608,1763579425.8734136,-49.54719543457031,49.85952377319336,49.58343505859375
1221,1221,1221,1763579425.9728203,1763579425.9229608,-49.85952377319336,50.22740364074707,49.54719543457031
1222,1222,1222,1763579426.0230477,1763579425.9728203,-50.22740364074707,50.31609535217285,49.85952377319336
1223,1223,1223,1763579426.0733638,1763579426.0230477,-50.31609535217285,50.507545471191406,50.22740364074707
1224,1224,1224,1763579426.1238713,1763579426.0733638,-50.507545471191406,49.95131492614746,50.31609535217285
1225,1225,1225,1763579426.1738226,1763579426.1238713,-49.95131492614746,49.6063232421875,50.507545471191406
1226,1226,1226,1763579426.223429,1763579426.1738226,-49.6063232421875,49.55577850341797,49.95131492614746
1227,1227,1227,1763579426.2729847,1763579426.223429,-49.55577850341797,49.689531326293945,49.6063232421875
1228,1228,1228,1763579426.3226743,1763579426.2729847,-49.689531326293945,50.25196075439453,49.55577850341797
1229,1229,1229,1763579426.3729262,1763579426.3226743,-50.25196075439453,50.53591728210449,49.689531326293945
1230,1230,1230,1763579426.4234622,1763579426.3729262,-50.53591728210449,50.252676010131836,50.25196075439453
1231,1231,1231,1763579426.4737148,1763579426.4234622,-50.252676010131836,49.513816833496094,50.53591728210449
1232,1232,1232,1763579426.5232286,1763579426.4737148,-49.513816833496094,49.40962791442871,50.252676010131836
1233,1233,1233,1763579426.5726383,1763579426.5232286,-49.40962791442871,49.74794387817383,49.513816833496094
1234,1234,1234,1763579426.6223862,1763579426.5726383,-49.74794387817383,50.1101016998291,49.40962791442871
1235,1235,1235,1763579426.6724963,1763579426.6223862,-50.1101016998291,50.40788650512695,49.74794387817383
1236,1236,1236,1763579426.7229042,1763579426.6724963,-50.40788650512695,50.30083656311035,50.1101016998291
1237,1237,1237,1763579426.773205,1763579426.7229042,-50.30083656311035,50.03547668457031,50.40788650512695
1238,1238,1238,1763579426.8232405,1763579426.773205,-50.03547668457031,49.76677894592285,50.30083656311035
1239,1239,1239,1763579426.8730073,1763579426.8232405,-49.76677894592285,50.10271072387695,50.03547668457031
1240,1240,1240,1763579426.92311,1763579426.8730073,-50.10271072387695,50.03690719604492,49.76677894592285
1241,1241,1241,1763579426.973147,1763579426.92311,-50.03690719604492,49.98016357421875,50.10271072387695
1242,1242,1242,1763579427.023127,1763579426.973147,-49.98016357421875,49.8509407043457,50.03690719604492
1243,1243,1243,1763579427.072978,1763579427.023127,-49.8509407043457,49.92842674255371,49.98016357421875
1244,1244,1244,1763579427.1229064,1763579427.072978,-49.92842674255371,50.19426345825195,49.8509407043457
1245,1245,1245,1763579427.1731007,1763579427.1229064,-50.19426345825195,50.28247833251953,49.92842674255371
1246,1246,1246,1763579427.2233832,1763579427.1731007,-50.28247833251953,50.26435852050781,50.19426345825195
1247,1247,1247,1763579427.2736475,1763579427.2233832,-50.26435852050781,49.836158752441406,50.28247833251953
1248,1248,1248,1763579427.3234837,1763579427.2736475,-49.836158752441406,49.58486557006836,50.26435852050781
1249,1249,1249,1763579427.3730686,1763579427.3234837,-49.58486557006836,49.6516227722168,49.836158752441406
1250,1250,1250,1763579427.4227202,1763579427.3730686,-49.6516227722168,50.14204978942871,49.58486557006836
1251,1251,1251,1763579427.4728622,1763579427.4227202,-50.14204978942871,50.12917518615723,49.6516227722168
1252,1252,1252,1763579427.5229914,1763579427.4728622,-50.12917518615723,50.06217956542969,50.14204978942871
1253,1253,1253,1763579427.5730536,1763579427.5229914,-50.06217956542969,50.1103401184082,50.12917518615723
1254,1254,1254,1763579427.623164,1763579427.5730536,-50.1103401184082,50.000905990600586,50.06217956542969
1255,1255,1255,1763579427.6731648,1763579427.623164,-50.000905990600586,49.87525939941406,50.1103401184082
1256,1256,1256,1763579427.72304,1763579427.6731648,-49.87525939941406,49.3619441986084,50.000905990600586
1257,1257,1257,1763579427.772402,1763579427.72304,-49.3619441986084,48.949241638183594,49.87525939941406
1258,1258,1258,1763579427.8213513,1763579427.772402,-48.949241638183594,49.52049255371094,49.3619441986084
1259,1259,1259,1763579427.8708718,1763579427.8213513,-49.52049255371094,50.2781867980957,48.949241638183594
1260,1260,1260,1763579427.92115,1763579427.8708718,-50.2781867980957,50.80413818359375,49.52049255371094
1261,1261,1261,1763579427.971954,1763579427.92115,-50.80413818359375,50.69303512573242,50.2781867980957
1262,1262,1262,1763579428.0226471,1763579427.971954,-50.69303512573242,49.87812042236328,50.80413818359375
1263,1263,1263,1763579428.0725253,1763579428.0226471,-49.87812042236328,49.47066307067871,50.69303512573242
1264,1264,1264,1763579428.121996,1763579428.0725253,-49.47066307067871,49.514055252075195,49.87812042236328
1265,1265,1265,1763579428.17151,1763579428.121996,-49.514055252075195,50.14944076538086,49.47066307067871
1266,1266,1266,1763579428.2216594,1763579428.17151,-50.14944076538086,50.289154052734375,49.514055252075195
1267,1267,1267,1763579428.2719486,1763579428.2216594,-50.289154052734375,50.45747756958008,50.14944076538086
1268,1268,1268,1763579428.322406,1763579428.2719486,-50.45747756958008,49.99089241027832,50.289154052734375
1269,1269,1269,1763579428.372397,1763579428.322406,-49.99089241027832,49.80897903442383,50.45747756958008
1270,1270,1270,1763579428.422206,1763579428.372397,-49.80897903442383,49.616098403930664,49.99089241027832
1271,1271,1271,1763579428.471822,1763579428.422206,-49.616098403930664,49.883365631103516,49.80897903442383
1272,1272,1272,1763579428.5217054,1763579428.471822,-49.883365631103516,50.06742477416992,49.616098403930664
1273,1273,1273,1763579428.5717728,1763579428.5217054,-50.06742477416992,50.13775825500488,49.883365631103516
1274,1274,1274,1763579428.6219106,1763579428.5717728,-50.13775825500488,50.07123947143555,50.06742477416992
1275,1275,1275,1763579428.6719818,1763579428.6219106,-50.07123947143555,50.05216598510742,50.13775825500488
1276,1276,1276,1763579428.722034,1763579428.6719818,-50.05216598510742,49.81350898742676,50.07123947143555
1277,1277,1277,1763579428.7718475,1763579428.722034,-49.81350898742676,49.97539520263672,50.05216598510742
1278,1278,1278,1763579428.821823,1763579428.7718475,-49.97539520263672,50.161123275756836,49.81350898742676
1279,1279,1279,1763579428.871984,1763579428.821823,-50.161123275756836,50.293684005737305,49.97539520263672
1280,1280,1280,1763579428.9222777,1763579428.871984,-50.293684005737305,49.82566833496094,50.161123275756836
1281,1281,1281,1763579428.9721034,1763579428.9222777,-49.82566833496094,49.677371978759766,50.293684005737305
1282,1282,1282,1763579429.0217807,1763579428.9721034,-49.677371978759766,49.77679252624512,49.82566833496094
1283,1283,1283,1763579429.0715575,1763579429.0217807,-49.77679252624512,50.05526542663574,49.677371978759766
1284,1284,1284,1763579429.1216128,1763579429.0715575,-50.05526542663574,50.28724670410156,49.77679252624512
1285,1285,1285,1763579429.1719,1763579429.1216128,-50.28724670410156,50.42409896850586,50.05526542663574
1286,1286,1286,1763579429.2223241,1763579429.1719,-50.42409896850586,49.976348876953125,50.28724670410156
1287,1287,1287,1763579429.2723005,1763579429.2223241,-49.976348876953125,49.753427505493164,50.42409896850586
1288,1288,1288,1763579429.322054,1763579429.2723005,-49.753427505493164,49.65972900390625,49.976348876953125
1289,1289,1289,1763579429.3717136,1763579429.322054,-49.65972900390625,49.81350898742676,49.753427505493164
1290,1290,1290,1763579429.4215271,1763579429.3717136,-49.81350898742676,50.09317398071289,49.65972900390625
1291,1291,1291,1763579429.4716203,1763579429.4215271,-50.09317398071289,50.2324104309082,49.81350898742676
1292,1292,1292,1763579429.5218527,1763579429.4716203,-50.2324104309082,50.13847351074219,50.09317398071289
1293,1293,1293,1763579429.5719912,1763579429.5218527,-50.13847351074219,50.093889236450195,50.2324104309082
1294,1294,1294,1763579429.622085,1763579429.5719912,-50.093889236450195,49.9880313873291,50.13847351074219
1295,1295,1295,1763579429.6720731,1763579429.622085,-49.9880313873291,49.9575138092041,50.093889236450195
1296,1296,1296,1763579429.7220306,1763579429.6720731,-49.9575138092041,49.83162879943848,49.9880313873291
1297,1297,1297,1763579429.7718623,1763579429.7220306,-49.83162879943848,49.909114837646484,49.9575138092041
1298,1298,1298,1763579429.8217714,1763579429.7718623,-49.909114837646484,49.982547760009766,49.83162879943848
1299,1299,1299,1763579429.871754,1763579429.8217714,-49.982547760009766,50.0340461730957,49.909114837646484
1300,1300,1300,1763579429.921788,1763579429.871754,-50.0340461730957,49.970149993896484,49.982547760009766
1301,1301,1301,1763579429.9717581,1763579429.921788,-49.970149993896484,49.98278617858887,50.0340461730957
1302,1302,1302,1763579430.021741,1763579429.9717581,-49.98278617858887,49.95393753051758,49.970149993896484
1303,1303,1303,1763579430.0716949,1763579430.021741,-49.95393753051758,50.03070831298828,49.98278617858887
1304,1304,1304,1763579430.1217256,1763579430.0716949,-50.03070831298828,50.05812644958496,49.95393753051758
1305,1305,1305,1763579430.1717837,1763579430.1217256,-50.05812644958496,50.20904541015625,50.03070831298828
1306,1306,1306,1763579430.2219927,1763579430.1717837,-50.20904541015625,49.9422550201416,50.05812644958496
1307,1307,1307,1763579430.271935,1763579430.2219927,-49.9422550201416,49.86739158630371,50.20904541015625
1308,1308,1308,1763579430.3218024,1763579430.271935,-49.86739158630371,49.86000061035156,49.9422550201416
1309,1309,1309,1763579430.3716624,1763579430.3218024,-49.86000061035156,49.967288970947266,49.86739158630371
1310,1310,1310,1763579430.4216297,1763579430.3716624,-49.967288970947266,50.03976821899414,49.86000061035156
1311,1311,1311,1763579430.4716694,1763579430.4216297,-50.03976821899414,50.179481506347656,49.967288970947266
1312,1312,1312,1763579430.521849,1763579430.4716694,-50.179481506347656,50.17447471618652,50.03976821899414
1313,1313,1313,1763579430.5720234,1763579430.521849,-50.17447471618652,49.90959167480469,50.179481506347656
1314,1314,1314,1763579430.621933,1763579430.5720234,-49.90959167480469,49.90053176879883,50.17447471618652
1315,1315,1315,1763579430.6718335,1763579430.621933,-49.90053176879883,49.87621307373047,49.90959167480469
1316,1316,1316,1763579430.7217097,1763579430.6718335,-49.87621307373047,50.28939247131348,49.90053176879883
1317,1317,1317,1763579430.7719991,1763579430.7217097,-50.28939247131348,51.97429656982422,49.87621307373047
1318,1318,1318,1763579430.8239734,1763579430.7719991,-51.97429656982422,49.616098403930664,50.28939247131348
1319,1319,1319,1763579430.8735895,1763579430.8239734,-49.616098403930664,48.78830909729004,51.97429656982422
1320,1320,1320,1763579430.9223778,1763579430.8735895,-48.78830909729004,48.73204231262207,49.616098403930664
1321,1321,1321,1763579430.9711099,1763579430.9223778,-48.73204231262207,49.74365234375,48.78830909729004
1322,1322,1322,1763579431.0208535,1763579430.9711099,-49.74365234375,50.39238929748535,48.73204231262207
1323,1323,1323,1763579431.071246,1763579431.0208535,-50.39238929748535,50.84419250488281,49.74365234375
1324,1324,1324,1763579431.12209,1763579431.071246,-50.84419250488281,50.44102668762207,50.39238929748535
1325,1325,1325,1763579431.1725311,1763579431.12209,-50.44102668762207,49.89910125732422,50.84419250488281
1326,1326,1326,1763579431.2224302,1763579431.1725311,-49.89910125732422,49.52359199523926,50.44102668762207
1327,1327,1327,1763579431.2719538,1763579431.2224302,-49.52359199523926,49.47614669799805,49.89910125732422
1328,1328,1328,1763579431.32143,1763579431.2719538,-49.47614669799805,49.85380172729492,49.52359199523926
1329,1329,1329,1763579431.3712838,1763579431.32143,-49.85380172729492,50.51136016845703,49.47614669799805
1330,1330,1330,1763579431.4217951,1763579431.3712838,-50.51136016845703,50.45747756958008,49.85380172729492
1331,1331,1331,1763579431.4722526,1763579431.4217951,-50.45747756958008,50.171852111816406,50.51136016845703
1332,1332,1332,1763579431.5224245,1763579431.4722526,-50.171852111816406,49.79133605957031,50.45747756958008
1333,1333,1333,1763579431.5722158,1763579431.5224245,-49.79133605957031,49.73340034484863,50.171852111816406
1334,1334,1334,1763579431.6219492,1763579431.5722158,-49.73340034484863,49.76677894592285,49.79133605957031
1335,1335,1335,1763579431.671716,1763579431.6219492,-49.76677894592285,49.73340034484863,49.73340034484863
1336,1336,1336,1763579431.7214494,1763579431.671716,-49.73340034484863,49.99041557312012,49.76677894592285
1337,1337,1337,1763579431.7714398,1763579431.7214494,-49.99041557312012,50.292253494262695,49.73340034484863
1338,1338,1338,1763579431.821732,1763579431.7714398,-50.292253494262695,50.3087043762207,49.99041557312012
1339,1339,1339,1763579431.8720407,1763579431.821732,-50.3087043762207,50.12321472167969,50.292253494262695
1340,1340,1340,1763579431.922164,1763579431.8720407,-50.12321472167969,50.042152404785156,50.3087043762207
1341,1341,1341,1763579431.972206,1763579431.922164,-50.042152404785156,49.77679252624512,50.12321472167969
1342,1342,1342,1763579432.021983,1763579431.972206,-49.77679252624512,49.76677894592285,50.042152404785156
1343,1343,1343,1763579432.0717497,1763579432.021983,-49.76677894592285,49.99566078186035,49.77679252624512
1344,1344,1344,1763579432.1217453,1763579432.0717497,-49.99566078186035,50.05621910095215,49.76677894592285
1345,1345,1345,1763579432.1718016,1763579432.1217453,-50.05621910095215,49.96800422668457,49.99566078186035
1346,1346,1346,1763579432.2217696,1763579432.1718016,-49.96800422668457,50.10795593261719,50.05621910095215
1347,1347,1347,1763579432.2718775,1763579432.2217696,-50.10795593261719,50.12702941894531,49.96800422668457
1348,1348,1348,1763579432.3220046,1763579432.2718775,-50.12702941894531,49.889564514160156,50.10795593261719
1349,1349,1349,1763579432.3718941,1763579432.3220046,-49.889564514160156,49.86882209777832,50.12702941894531
1350,1350,1350,1763579432.421763,1763579432.3718941,-49.86882209777832,49.94320869445801,49.889564514160156
1351,1351,1351,1763579432.4717062,1763579432.421763,-49.94320869445801,49.95274543762207,49.86882209777832
1352,1352,1352,1763579432.521659,1763579432.4717062,-49.95274543762207,50.26960372924805,49.94320869445801
1353,1353,1353,1763579432.5719285,1763579432.521659,-50.26960372924805,50.07290840148926,49.95274543762207
1354,1354,1354,1763579432.6220014,1763579432.5719285,-50.07290840148926,49.9265193939209,50.26960372924805
1355,1355,1355,1763579432.671928,1763579432.6220014,-49.9265193939209,50.09579658508301,50.07290840148926
1356,1356,1356,1763579432.7220237,1763579432.671928,-50.09579658508301,50.00448226928711,49.9265193939209
1357,1357,1357,1763579432.7720282,1763579432.7220237,-50.00448226928711,49.83401298522949,50.09579658508301
1358,1358,1358,1763579432.8218622,1763579432.7720282,-49.83401298522949,49.81684684753418,50.00448226928711
1359,1359,1359,1763579432.871679,1763579432.8218622,-49.81684684753418,49.91769790649414,49.83401298522949
1360,1360,1360,1763579432.9215968,1763579432.871679,-49.91769790649414,50.072669982910156,49.81684684753418
1361,1361,1361,1763579432.9716694,1763579432.9215968,-50.072669982910156,50.32467842102051,49.91769790649414
1362,1362,1362,1763579433.021994,1763579432.9716694,-50.32467842102051,50.16136169433594,50.072669982910156
1363,1363,1363,1763579433.0721555,1763579433.021994,-50.16136169433594,49.912452697753906,50.32467842102051
1364,1364,1364,1763579433.122068,1763579433.0721555,-49.912452697753906,49.78823661804199,50.16136169433594
1365,1365,1365,1763579433.1718562,1763579433.122068,-49.78823661804199,49.87907409667969,49.912452697753906
1366,1366,1366,1763579433.2217352,1763579433.1718562,-49.87907409667969,50.1708984375,49.78823661804199
1367,1367,1367,1763579433.2719061,1763579433.2217352,-50.1708984375,50.20785331726074,49.87907409667969
1368,1368,1368,1763579433.322114,1763579433.2719061,-50.20785331726074,50.015926361083984,50.1708984375
1369,1369,1369,1763579433.37213,1763579433.322114,-50.015926361083984,50.01115798950195,50.20785331726074
1370,1370,1370,1763579433.422141,1763579433.37213,-50.01115798950195,49.710750579833984,50.015926361083984
1371,1371,1371,1763579433.4718518,1763579433.422141,-49.710750579833984,49.87359046936035,50.01115798950195
1372,1372,1372,1763579433.5217254,1763579433.4718518,-49.87359046936035,50.0030517578125,49.710750579833984
1373,1373,1373,1763579433.5717285,1763579433.5217254,-50.0030517578125,49.340248107910156,49.87359046936035
1374,1374,1374,1763579433.6210687,1763579433.5717285,-49.340248107910156,49.942970275878906,50.0030517578125
1375,1375,1375,1763579433.6710117,1763579433.6210687,-49.942970275878906,nan,49.340248107910156
